record_id,semantic_answer_grounding_score,combined_answer_grounding_score,semantic_unsupported_claim_count,combined_unsupported_claim_count,claim_count
pqa_artificial_0_ground_truth,0.7498610218365988,0.754777715285619,0,0,3
pqa_artificial_0_hallucinated,0.6190626583993435,0.6416130916487712,1,0,4
pqa_artificial_1004_ground_truth,0.6246710419654846,0.664345622232982,0,0,2
pqa_artificial_1004_hallucinated,0.6401977241039276,0.6215759068727493,0,0,2
pqa_artificial_1006_ground_truth,0.565312534570694,0.6070580599137714,0,0,2
pqa_artificial_1006_hallucinated,0.778680145740509,0.8117427686850229,0,0,1
pqa_artificial_1008_ground_truth,0.796542763710022,0.7888299345970153,0,0,1
pqa_artificial_1008_hallucinated,0.8157280683517456,0.8343429811795552,0,0,1
pqa_artificial_100_ground_truth,0.7840955257415771,0.7107089732822619,0,0,1
pqa_artificial_100_hallucinated,0.8929256200790405,0.8661193626267569,0,0,1
pqa_artificial_1012_ground_truth,0.6400215923786163,0.6374794003793172,0,0,2
pqa_artificial_1012_hallucinated,0.7693273425102234,0.8075916397571563,0,0,2
pqa_artificial_1014_ground_truth,0.6170933842658997,0.6617175057382665,0,0,3
pqa_artificial_1014_hallucinated,0.6923989653587341,0.6421792757511139,0,0,1
pqa_artificial_1015_ground_truth,0.71221923828125,0.7343868001302083,0,0,1
pqa_artificial_1015_hallucinated,0.7958844900131226,0.7581191430091858,0,0,1
pqa_artificial_1018_ground_truth,0.7112823724746704,0.6891476607322693,0,0,2
pqa_artificial_1018_hallucinated,0.6687389612197876,0.6304702140303219,0,0,1
pqa_artificial_101_ground_truth,0.6763700246810913,0.7226897865075331,0,0,1
pqa_artificial_101_hallucinated,0.684077262878418,0.7153925455533541,0,0,1
pqa_artificial_1023_ground_truth,0.9078936576843262,0.8942755603790282,0,0,1
pqa_artificial_1023_hallucinated,0.7790244519710541,0.7089568222620908,0,0,2
pqa_artificial_1025_ground_truth,0.772799015045166,0.7743968105316161,0,0,1
pqa_artificial_1025_hallucinated,0.7782852053642273,0.7931329770882923,0,0,1
pqa_artificial_1027_ground_truth,0.6966231763362885,0.6973477618969404,0,0,2
pqa_artificial_1027_hallucinated,0.6594897508621216,0.6899036951687025,0,0,1
pqa_artificial_1029_ground_truth,0.41508409567177296,0.45723649854918846,2,2,4
pqa_artificial_1029_hallucinated,0.6574538350105286,0.6728647433308994,0,0,1
pqa_artificial_1030_ground_truth,0.8229344685872396,0.8348041280110676,0,0,3
pqa_artificial_1030_hallucinated,0.8905043601989746,0.7753530521392822,0,0,1
pqa_artificial_1032_ground_truth,0.707429826259613,0.734700878381729,0,0,2
pqa_artificial_1032_hallucinated,0.7493377923965454,0.7363011605599348,0,0,1
pqa_artificial_103_ground_truth,0.8780421614646912,0.8713170130252836,0,0,2
pqa_artificial_103_hallucinated,0.8863036632537842,0.8294750642776489,0,0,1
pqa_artificial_1042_ground_truth,0.5285088618596395,0.5649760445715889,0,0,3
pqa_artificial_1042_hallucinated,0.7615556716918945,0.7430889701843262,0,0,1
pqa_artificial_104_ground_truth,0.7737472852071127,0.7883331836785924,0,0,3
pqa_artificial_104_hallucinated,0.7124828100204468,0.6837379670143127,0,0,1
pqa_artificial_1050_ground_truth,0.704948365688324,0.7587270138765636,0,0,1
pqa_artificial_1050_hallucinated,0.8119122982025146,0.7995886087417603,0,0,1
pqa_artificial_105_ground_truth,0.6683497726917267,0.6907019837413515,0,0,2
pqa_artificial_105_hallucinated,0.6322214901447296,0.6294760957328897,0,0,2
pqa_artificial_1066_ground_truth,0.8413049578666687,0.846413470506668,0,0,2
pqa_artificial_1066_hallucinated,0.7764158248901367,0.8307987697307879,0,0,1
pqa_artificial_1077_ground_truth,0.7997686862945557,0.7608380804061889,0,0,1
pqa_artificial_1077_hallucinated,0.7990608811378479,0.6782711882250648,0,0,1
pqa_artificial_107_ground_truth,0.5718666017055511,0.5482414038025815,0,0,2
pqa_artificial_107_hallucinated,0.8328931331634521,0.7461501932144164,0,0,1
pqa_artificial_1080_ground_truth,0.744845986366272,0.6563921904563904,0,0,1
pqa_artificial_1080_hallucinated,0.6405227184295654,0.5441351336699265,0,0,1
pqa_artificial_1081_ground_truth,0.7487706939379374,0.7457548703719409,0,0,3
pqa_artificial_1081_hallucinated,0.7691088914871216,0.7515341187778272,0,0,1
pqa_artificial_1083_ground_truth,0.8724930286407471,0.8901201200485229,0,0,1
pqa_artificial_1083_hallucinated,0.8736177682876587,0.810282437801361,0,0,1
pqa_artificial_1084_ground_truth,0.6149391084909439,0.655789965229375,0,0,4
pqa_artificial_1084_hallucinated,0.7829057574272156,0.7891054587704794,0,0,1
pqa_artificial_1089_ground_truth,0.859900712966919,0.7819304990768432,0,0,1
pqa_artificial_1089_hallucinated,0.8353100419044495,0.7637170293331146,0,0,1
pqa_artificial_1090_ground_truth,0.6741621494293213,0.6983307286807925,0,0,2
pqa_artificial_1090_hallucinated,0.7872255444526672,0.7902684074326565,0,0,1
pqa_artificial_1093_ground_truth,0.6373434662818909,0.5793757205149707,0,0,1
pqa_artificial_1093_hallucinated,0.5971059203147888,0.5388074775536855,0,0,1
pqa_artificial_1094_ground_truth,0.9173818230628967,0.819581069247476,0,0,1
pqa_artificial_1094_hallucinated,0.8735452890396118,0.8179102737562998,0,0,1
pqa_artificial_1095_ground_truth,0.6775986403226852,0.6723353525737057,0,0,2
pqa_artificial_1095_hallucinated,0.7878360748291016,0.6907709666660853,0,0,1
pqa_artificial_1104_ground_truth,0.6869571208953857,0.6551007538575392,0,0,2
pqa_artificial_1104_hallucinated,0.6884616613388062,0.6844231629371643,0,0,2
pqa_artificial_1115_ground_truth,0.8015060424804688,0.792054229736328,0,0,2
pqa_artificial_1115_hallucinated,0.9411417245864868,0.8369242072105407,0,0,1
pqa_artificial_1116_ground_truth,0.8027291893959045,0.8206604325771332,0,0,1
pqa_artificial_1116_hallucinated,0.8000065088272095,0.8187545561790466,0,0,1
pqa_artificial_1119_ground_truth,0.6886124908924103,0.6767430293389729,0,0,2
pqa_artificial_1119_hallucinated,0.7994266748428345,0.8045986723899841,0,0,1
pqa_artificial_1127_ground_truth,0.6433510382970175,0.6437832268079121,0,0,3
pqa_artificial_1127_hallucinated,0.8525128960609436,0.7730090272426605,0,0,1
pqa_artificial_1131_ground_truth,0.8059067726135254,0.7496347408294677,0,0,2
pqa_artificial_1131_hallucinated,0.8148623704910278,0.7504036593437194,0,0,1
pqa_artificial_1139_ground_truth,0.5767867714166641,0.5887995037279286,0,0,4
pqa_artificial_1139_hallucinated,0.5824344754219055,0.6203511916188633,0,0,1
pqa_artificial_115_ground_truth,0.641700029373169,0.645606687227885,0,0,2
pqa_artificial_115_hallucinated,0.5682110786437988,0.5987477550506592,0,0,1
pqa_artificial_1164_ground_truth,0.7180768251419067,0.6948412775993347,0,0,1
pqa_artificial_1164_hallucinated,0.7836259603500366,0.7797881722450255,0,0,1
pqa_artificial_1188_ground_truth,0.592513382434845,0.6014855581805819,0,0,3
pqa_artificial_1188_hallucinated,0.6063203811645508,0.6101934975844163,0,0,1
pqa_artificial_1189_ground_truth,0.8262790441513062,0.7658953309059142,0,0,1
pqa_artificial_1189_hallucinated,0.6016961336135864,0.6304372935295104,0,0,1
pqa_artificial_1193_ground_truth,0.5688193663954735,0.5787582903703888,1,1,4
pqa_artificial_1193_hallucinated,0.7196532487869263,0.6612572741508483,0,0,1
pqa_artificial_1197_ground_truth,0.8261837363243103,0.8049952820936839,0,0,1
pqa_artificial_1197_hallucinated,0.6337786763906479,0.6274818790290091,0,0,4
pqa_artificial_1198_ground_truth,0.5699102580547333,0.662673444374577,0,0,2
pqa_artificial_1198_hallucinated,0.6054551601409912,0.6766757549558367,0,0,1
pqa_artificial_1207_ground_truth,0.8635697960853577,0.8147392418751349,0,0,2
pqa_artificial_1207_hallucinated,0.7182837426662445,0.7017361198663712,0,0,2
pqa_artificial_1212_ground_truth,0.6668550670146942,0.6954294992912382,0,0,2
pqa_artificial_1212_hallucinated,0.7442429065704346,0.6966843203135898,0,0,1
pqa_artificial_1218_ground_truth,0.7304224967956543,0.6977957477569581,0,0,2
pqa_artificial_1218_hallucinated,0.745214581489563,0.6932127070426941,0,0,1
pqa_artificial_1220_ground_truth,0.779260903596878,0.742411203946386,0,0,2
pqa_artificial_1220_hallucinated,0.8837690353393555,0.7868991943027661,0,0,1
pqa_artificial_1223_ground_truth,0.7161591649055481,0.7225614154338836,0,0,2
pqa_artificial_1223_hallucinated,0.6049702167510986,0.557879151725769,0,0,1
pqa_artificial_1224_ground_truth,0.7458518743515015,0.723096312046051,0,0,1
pqa_artificial_1224_hallucinated,0.8416988849639893,0.7741892194747924,0,0,1
pqa_artificial_1230_ground_truth,0.6969873309135437,0.6903911316394806,0,0,1
pqa_artificial_1230_hallucinated,0.7010713219642639,0.7318213539464132,0,0,1
pqa_artificial_1234_ground_truth,0.8022167086601257,0.779051696062088,0,0,1
pqa_artificial_1234_hallucinated,0.7442732453346252,0.7148374255803915,0,0,1
pqa_artificial_1236_ground_truth,0.8213908076286316,0.8228683021821473,0,0,1
pqa_artificial_1236_hallucinated,0.881688117980957,0.8805150159200031,0,0,1
pqa_artificial_1238_ground_truth,0.6584070920944214,0.6688849644660949,0,0,1
pqa_artificial_1238_hallucinated,0.7635456323623657,0.7823766794957613,0,0,1
pqa_artificial_1244_ground_truth,0.8058597246805826,0.7715469827150043,0,0,3
pqa_artificial_1244_hallucinated,0.8149235447247823,0.7947917194025856,0,0,3
pqa_artificial_1255_ground_truth,0.5718792527914047,0.5980029769539833,0,0,4
pqa_artificial_1255_hallucinated,0.7092548310756683,0.6454664769910631,0,0,2
pqa_artificial_1259_ground_truth,0.5926316678524017,0.6235028817823954,1,0,2
pqa_artificial_1259_hallucinated,0.8324590921401978,0.7327213644981383,0,0,1
pqa_artificial_1260_ground_truth,0.6856991052627563,0.7108868095813653,0,0,2
pqa_artificial_1260_hallucinated,0.732257604598999,0.7025803232192993,0,0,1
pqa_artificial_126_ground_truth,0.8314098119735718,0.7640424239370558,0,0,2
pqa_artificial_126_hallucinated,0.7580481767654419,0.7112587237358093,0,0,1
pqa_artificial_1270_ground_truth,0.7173244953155518,0.7573515056952451,0,0,2
pqa_artificial_1270_hallucinated,0.7907999753952026,0.7916849827766417,0,0,1
pqa_artificial_1271_ground_truth,0.6813135147094727,0.6486694602966309,0,0,2
pqa_artificial_1271_hallucinated,0.5984220504760742,0.5423569737947904,0,0,1
pqa_artificial_1278_ground_truth,0.5402843952178955,0.5731990766525268,0,0,1
pqa_artificial_1278_hallucinated,0.7649545669555664,0.712006658407358,0,0,1
pqa_artificial_1281_ground_truth,0.7756170630455017,0.7191819441318512,0,0,1
pqa_artificial_1281_hallucinated,0.7595472931861877,0.7011831052303313,0,0,1
pqa_artificial_1282_ground_truth,0.6704525351524353,0.6025520687243517,0,0,1
pqa_artificial_1282_hallucinated,0.8291758298873901,0.721423080921173,0,0,1
pqa_artificial_1284_ground_truth,0.6767189800739288,0.6531675717660359,0,0,2
pqa_artificial_1284_hallucinated,0.7525387704372406,0.7381164250203541,0,0,2
pqa_artificial_1287_ground_truth,0.7320845127105713,0.7024591588973998,0,0,2
pqa_artificial_1287_hallucinated,0.7626692056655884,0.7149398725373404,0,0,1
pqa_artificial_1289_ground_truth,0.7818128764629364,0.7003329232984916,0,0,2
pqa_artificial_1289_hallucinated,0.8190370798110962,0.729095186636998,0,0,1
pqa_artificial_1295_ground_truth,0.8644998669624329,0.8432749068737029,0,0,1
pqa_artificial_1295_hallucinated,0.8823935985565186,0.8705326618467059,0,0,1
pqa_artificial_1298_ground_truth,0.7012123167514801,0.6964858766279969,0,0,2
pqa_artificial_1298_hallucinated,0.7429758310317993,0.6830830817222595,0,0,1
pqa_artificial_1299_ground_truth,0.8875477313995361,0.823342235509087,0,0,1
pqa_artificial_1299_hallucinated,0.8988072276115417,0.8141650593280791,0,0,1
pqa_artificial_1309_ground_truth,0.6084684431552887,0.5823564816372735,0,0,2
pqa_artificial_1309_hallucinated,0.6198868751525879,0.6239208126068115,0,0,1
pqa_artificial_1311_ground_truth,0.7392896413803101,0.745315248966217,0,0,1
pqa_artificial_1311_hallucinated,0.6108009815216064,0.6347481870651245,0,0,1
pqa_artificial_1315_ground_truth,0.8211514353752136,0.8068648282920613,0,0,1
pqa_artificial_1315_hallucinated,0.8263524770736694,0.7849851954900301,0,0,1
pqa_artificial_131_ground_truth,0.5024375319480896,0.5760812723636627,1,1,2
pqa_artificial_131_hallucinated,0.5686884025732676,0.5752730582718756,0,0,3
pqa_artificial_1321_ground_truth,0.8231395483016968,0.7704476838111878,0,0,1
pqa_artificial_1321_hallucinated,0.7637955546379089,0.7384068882465362,0,0,1
pqa_artificial_1328_ground_truth,0.6343808273474375,0.662155864857492,0,0,3
pqa_artificial_1328_hallucinated,0.8255519866943359,0.7711216848036822,0,0,1
pqa_artificial_1336_ground_truth,0.6093418598175049,0.6294804783428416,0,0,1
pqa_artificial_1336_hallucinated,0.5549335479736328,0.6249919451200046,0,0,1
pqa_artificial_1339_ground_truth,0.5575263977050782,0.6143684783935546,0,0,5
pqa_artificial_1339_hallucinated,0.7988414764404297,0.8151890335083007,0,0,1
pqa_artificial_1340_ground_truth,0.695591926574707,0.6341018486022949,0,0,1
pqa_artificial_1340_hallucinated,0.7013987302780151,0.6548252650407644,0,0,1
pqa_artificial_1347_ground_truth,0.5511364638805389,0.58167021454268,0,0,2
pqa_artificial_1347_hallucinated,0.586314857006073,0.6087537332375843,0,0,2
pqa_artificial_1351_ground_truth,0.598124623298645,0.6245622363090515,0,0,2
pqa_artificial_1351_hallucinated,0.6686304807662964,0.7058984793935503,0,0,1
pqa_artificial_1352_ground_truth,0.9427707195281982,0.8837856575158926,0,0,1
pqa_artificial_1352_hallucinated,0.6391879394650459,0.6145901710709103,0,0,4
pqa_artificial_1358_ground_truth,0.7622869610786438,0.7287162573704353,0,0,2
pqa_artificial_1358_hallucinated,0.9325090050697327,0.8267563035488129,0,0,1
pqa_artificial_1365_ground_truth,0.6165110766887665,0.621736325110708,0,0,2
pqa_artificial_1365_hallucinated,0.8098229169845581,0.7361617561749049,0,0,1
pqa_artificial_1367_ground_truth,0.8253473043441772,0.7676475248056298,0,0,2
pqa_artificial_1367_hallucinated,0.8126272559165955,0.8046724124749501,0,0,1
pqa_artificial_1372_ground_truth,0.752614696820577,0.7273719544410705,0,0,3
pqa_artificial_1372_hallucinated,0.8657982349395752,0.8575293526929968,0,0,1
pqa_artificial_1382_ground_truth,0.7765165567398071,0.746061589717865,0,0,1
pqa_artificial_1382_hallucinated,0.7278461456298828,0.7318452431173885,0,0,2
pqa_artificial_1393_ground_truth,0.8822885751724243,0.8940305740492684,0,0,1
pqa_artificial_1393_hallucinated,0.8728516697883606,0.8874247402804238,0,0,1
pqa_artificial_1394_ground_truth,0.7314426898956299,0.6954714213884794,0,0,1
pqa_artificial_1394_hallucinated,0.587848424911499,0.6033688974380492,1,1,3
pqa_artificial_13_ground_truth,0.8804385662078857,0.7970964700297305,0,0,1
pqa_artificial_13_hallucinated,0.7494678497314453,0.7063922006943646,0,0,1
pqa_artificial_1402_ground_truth,0.6643969416618347,0.6624728171464775,0,0,2
pqa_artificial_1402_hallucinated,0.736126720905304,0.7190387046337128,0,0,1
pqa_artificial_1405_ground_truth,0.5203429460525513,0.6104165328250211,0,0,1
pqa_artificial_1405_hallucinated,0.48658569653828937,0.5031099875768025,0,0,3
pqa_artificial_1409_ground_truth,0.7302037477493286,0.76714262342453,0,0,1
pqa_artificial_1409_hallucinated,0.7533456087112427,0.791984783240727,0,0,1
pqa_artificial_140_ground_truth,0.8292259275913239,0.7752375610786326,0,0,2
pqa_artificial_140_hallucinated,0.8727481365203857,0.7494951241356985,0,0,1
pqa_artificial_1412_ground_truth,0.6821272373199463,0.7049890661239624,0,0,2
pqa_artificial_1412_hallucinated,0.8778403401374817,0.8228215714295705,0,0,1
pqa_artificial_1413_ground_truth,0.7229893803596497,0.7715153603694018,0,0,2
pqa_artificial_1413_hallucinated,0.6747572422027588,0.7413925695419312,0,0,1
pqa_artificial_1416_ground_truth,0.6726459662119547,0.6950743985705904,0,0,3
pqa_artificial_1416_hallucinated,0.5934040546417236,0.6603828382492065,0,0,1
pqa_artificial_1418_ground_truth,0.871886670589447,0.8191331694126128,0,0,2
pqa_artificial_1418_hallucinated,0.6499091982841492,0.6359632245131901,0,0,4
pqa_artificial_1424_ground_truth,0.6905471881230673,0.7402996983528137,0,0,3
pqa_artificial_1424_hallucinated,0.6618865728378296,0.6968920295579093,0,0,1
pqa_artificial_1432_ground_truth,0.8942598104476929,0.880981867313385,0,0,1
pqa_artificial_1432_hallucinated,0.8781701326370239,0.8217190928459168,0,0,1
pqa_artificial_1436_ground_truth,0.8198460340499878,0.8180588905016583,0,0,3
pqa_artificial_1436_hallucinated,0.6252248287200928,0.612032380104065,0,0,2
pqa_artificial_1444_ground_truth,0.6165743768215179,0.6659076193306182,0,0,3
pqa_artificial_1444_hallucinated,0.867480993270874,0.8577366952896117,0,0,1
pqa_artificial_1448_ground_truth,0.757927417755127,0.727279961659358,0,0,3
pqa_artificial_1448_hallucinated,0.6291578412055969,0.6279104888439179,0,0,2
pqa_artificial_1456_ground_truth,0.46321672201156616,0.5417517054080963,0,0,1
pqa_artificial_1456_hallucinated,0.6981102228164673,0.7125233098176809,0,0,1
pqa_artificial_1457_ground_truth,0.640999048948288,0.6650535009304682,0,0,2
pqa_artificial_1457_hallucinated,0.6059468761086464,0.5638651942284334,0,0,4
pqa_artificial_1458_ground_truth,0.6174270808696747,0.6020203851802008,0,0,2
pqa_artificial_1458_hallucinated,0.6672638952732086,0.6481561552626746,0,0,2
pqa_artificial_1464_ground_truth,0.8968709707260132,0.8178096795082093,0,0,1
pqa_artificial_1464_hallucinated,0.8867526948451996,0.7864768863916396,0,0,2
pqa_artificial_146_ground_truth,0.7015723586082458,0.6661006510257721,0,0,1
pqa_artificial_146_hallucinated,0.572961151599884,0.5670103061199188,0,0,1
pqa_artificial_1477_ground_truth,0.8175519704818726,0.8114969056531003,0,0,1
pqa_artificial_1477_hallucinated,0.7713054418563843,0.804556666442326,0,0,1
pqa_artificial_1478_ground_truth,0.622893750667572,0.6181684826101576,0,0,1
pqa_artificial_1478_hallucinated,0.6246793270111084,0.6410255289077759,0,0,1
pqa_artificial_1482_ground_truth,0.7990230321884155,0.8220853533011216,0,0,2
pqa_artificial_1482_hallucinated,0.6475917824677059,0.6250734878606944,1,0,7
pqa_artificial_1487_ground_truth,0.7616156737009684,0.7707976382573446,0,0,3
pqa_artificial_1487_hallucinated,0.7122282385826111,0.7490597670078277,0,0,2
pqa_artificial_1493_ground_truth,0.6031259298324585,0.5922362278057978,0,0,2
pqa_artificial_1493_hallucinated,0.6738173961639404,0.6994846773147583,0,0,1
pqa_artificial_1497_ground_truth,0.5834014713764191,0.5961869229009652,0,0,3
pqa_artificial_1497_hallucinated,0.6220930218696594,0.6490008295944759,0,0,3
pqa_artificial_1504_ground_truth,0.6716382801532745,0.6667814114919075,0,0,2
pqa_artificial_1504_hallucinated,0.7141668796539307,0.7024168157577515,0,0,1
pqa_artificial_1508_ground_truth,0.6771582762400309,0.6722433941006223,0,0,3
pqa_artificial_1508_hallucinated,0.7885436415672302,0.7505519776684897,0,0,2
pqa_artificial_1509_ground_truth,0.41536667943000793,0.48625667560100555,1,0,2
pqa_artificial_1509_hallucinated,0.5479451417922974,0.5460615992546082,0,0,1
pqa_artificial_1516_ground_truth,0.8267291188240051,0.8412103831768034,0,0,2
pqa_artificial_1516_hallucinated,0.8209843635559082,0.8196890544891356,0,0,1
pqa_artificial_1517_ground_truth,0.6931545436382294,0.6942081805467606,0,0,2
pqa_artificial_1517_hallucinated,0.6400860548019409,0.6972910075921278,0,0,1
pqa_artificial_1521_ground_truth,0.8574608564376831,0.7952225995063782,0,0,2
pqa_artificial_1521_hallucinated,0.784174382686615,0.7664220678806305,0,0,1
pqa_artificial_1525_ground_truth,0.7674714922904968,0.8124800446033478,0,0,1
pqa_artificial_1525_hallucinated,0.7352479696273804,0.7527985787391662,0,0,1
pqa_artificial_1529_ground_truth,0.8255268931388855,0.7467397929391553,0,0,1
pqa_artificial_1529_hallucinated,0.5446034744381905,0.5684724321067333,2,0,4
pqa_artificial_1530_ground_truth,0.8127112785975138,0.7939276569230215,0,0,3
pqa_artificial_1530_hallucinated,0.8207385540008545,0.7353684370759603,0,0,2
pqa_artificial_1532_ground_truth,0.7506049672762553,0.7261456993156008,0,0,3
pqa_artificial_1532_hallucinated,0.8877273797988892,0.818075832525889,0,0,1
pqa_artificial_153_ground_truth,0.7731076776981354,0.7834253743886948,0,0,2
pqa_artificial_153_hallucinated,0.7986985445022583,0.7401604097230093,0,0,1
pqa_artificial_1540_ground_truth,0.9107674360275269,0.8467872052192686,0,0,1
pqa_artificial_1540_hallucinated,0.7780588865280151,0.7140162205696106,0,0,1
pqa_artificial_1542_ground_truth,0.8535730838775635,0.8095011587142944,0,0,1
pqa_artificial_1542_hallucinated,0.8167732357978821,0.8167412650585174,0,0,1
pqa_artificial_1548_ground_truth,0.9190645217895508,0.9146495130787724,0,0,1
pqa_artificial_1548_hallucinated,0.8143277168273926,0.7811832479330209,0,0,1
pqa_artificial_1553_ground_truth,0.7603084444999695,0.7604971611499786,0,0,2
pqa_artificial_1553_hallucinated,0.8068680167198181,0.7444889842528922,0,0,2
pqa_artificial_1556_ground_truth,0.45245832949876785,0.48904054218759896,1,1,4
pqa_artificial_1556_hallucinated,0.6165034770965576,0.6122291256969137,0,0,2
pqa_artificial_1557_ground_truth,0.737494945526123,0.7565349234067477,1,0,3
pqa_artificial_1557_hallucinated,0.7905476093292236,0.7983833265304565,0,0,1
pqa_artificial_1559_ground_truth,0.7058710058530172,0.697859704097112,0,0,3
pqa_artificial_1559_hallucinated,0.7298603057861328,0.700902214050293,0,0,1
pqa_artificial_1560_ground_truth,0.9453253746032715,0.9204777622222899,0,0,1
pqa_artificial_1560_hallucinated,0.6019309461116791,0.6176016622781754,0,0,2
pqa_artificial_156_ground_truth,0.8861749172210693,0.8790724420547484,0,0,1
pqa_artificial_156_hallucinated,0.6881939172744751,0.7563511267075171,0,0,1
pqa_artificial_1571_ground_truth,0.8105276226997375,0.7892320809878555,0,0,2
pqa_artificial_1571_hallucinated,0.4553035497665405,0.5148663309904244,0,0,1
pqa_artificial_1580_ground_truth,0.6811772584915161,0.6973240809440613,0,0,1
pqa_artificial_1580_hallucinated,0.5959053039550781,0.61831018335679,0,0,1
pqa_artificial_1586_ground_truth,0.7209033370018005,0.7103466216155461,0,0,1
pqa_artificial_1586_hallucinated,0.895836353302002,0.8940854473114014,0,0,1
pqa_artificial_1588_ground_truth,0.6051341891288757,0.603593932390213,0,0,2
pqa_artificial_1588_hallucinated,0.5938348770141602,0.6186255903805002,0,0,1
pqa_artificial_1603_ground_truth,0.7894234657287598,0.7448880926767985,0,0,2
pqa_artificial_1603_hallucinated,0.854174017906189,0.7879218125343322,0,0,1
pqa_artificial_1606_ground_truth,0.8046872019767761,0.7454238985266004,0,0,2
pqa_artificial_1606_hallucinated,0.7196551561355591,0.642925275961558,0,0,1
pqa_artificial_1612_ground_truth,0.8357477188110352,0.8190234031677246,0,0,1
pqa_artificial_1612_hallucinated,0.8100597858428955,0.7288839553531847,0,0,1
pqa_artificial_1624_ground_truth,0.610519289970398,0.6369190585348341,0,0,3
pqa_artificial_1624_hallucinated,0.6849139332771301,0.6694397532939911,0,0,1
pqa_artificial_1628_ground_truth,0.7725041508674622,0.7626279056072235,0,0,2
pqa_artificial_1628_hallucinated,0.7356870174407959,0.7024809122085571,0,0,1
pqa_artificial_1632_ground_truth,0.9252743124961853,0.9064420187473297,0,0,1
pqa_artificial_1632_hallucinated,0.8613123297691345,0.8295852975050608,0,0,1
pqa_artificial_1635_ground_truth,0.7831702828407288,0.7507191979885101,0,0,1
pqa_artificial_1635_hallucinated,0.8032057285308838,0.7797440099716186,0,0,1
pqa_artificial_1637_ground_truth,0.7087012827396393,0.7312694693463189,0,0,2
pqa_artificial_1637_hallucinated,0.8068194389343262,0.7466486072540283,0,0,1
pqa_artificial_1638_ground_truth,0.6518923342227936,0.6930746339559555,0,0,2
pqa_artificial_1638_hallucinated,0.8022234439849854,0.8222706965037754,0,0,1
pqa_artificial_1639_ground_truth,0.7102952301502228,0.7452835841820791,0,0,2
pqa_artificial_1639_hallucinated,0.7834080457687378,0.7933856320381164,0,0,1
pqa_artificial_1641_ground_truth,0.7698891162872314,0.8224223814010619,0,0,1
pqa_artificial_1641_hallucinated,0.6446347236633301,0.6179109732309976,0,0,1
pqa_artificial_164_ground_truth,0.5644450485706329,0.5477901054280144,0,0,2
pqa_artificial_164_hallucinated,0.6641018390655518,0.6120587873458861,0,0,1
pqa_artificial_1655_ground_truth,0.7772541046142578,0.7234231113252185,0,0,2
pqa_artificial_1655_hallucinated,0.8090808391571045,0.8028950489484347,0,0,1
pqa_artificial_1658_ground_truth,0.7426085472106934,0.7538259830474853,0,0,1
pqa_artificial_1658_hallucinated,0.8232966860135397,0.7839416087809062,0,0,3
pqa_artificial_165_ground_truth,0.6908122450113297,0.6827352381745975,0,0,2
pqa_artificial_165_hallucinated,0.7625058889389038,0.6795874555905659,0,0,1
pqa_artificial_1660_ground_truth,0.6044586598873138,0.5584816388441965,0,0,2
pqa_artificial_1660_hallucinated,0.6945215165615082,0.6655400615930557,0,0,2
pqa_artificial_1662_ground_truth,0.8999139070510864,0.8419397349357605,0,0,1
pqa_artificial_1662_hallucinated,0.6855295896530151,0.6737168666032645,0,0,1
pqa_artificial_1666_ground_truth,0.7066724002361298,0.6943030331064672,0,0,2
pqa_artificial_1666_hallucinated,0.7683016061782837,0.6986444576581319,0,0,1
pqa_artificial_1667_ground_truth,0.8183963894844055,0.8170441393057504,0,0,2
pqa_artificial_1667_hallucinated,0.8250212669372559,0.7680148868560791,0,0,1
pqa_artificial_1669_ground_truth,0.6089832186698914,0.6507980569904925,0,0,2
pqa_artificial_1669_hallucinated,0.6533211767673492,0.6489498237371445,0,0,2
pqa_artificial_166_ground_truth,0.8596903085708618,0.8664260731424605,0,0,1
pqa_artificial_166_hallucinated,0.8500806093215942,0.8479135693822588,0,0,1
pqa_artificial_1670_ground_truth,0.9502359628677368,0.8826651740074157,0,0,1
pqa_artificial_1670_hallucinated,0.8830408453941345,0.7978325391443152,0,0,2
pqa_artificial_1680_ground_truth,0.6979370415210724,0.7052896751947816,0,0,2
pqa_artificial_1680_hallucinated,0.662192314863205,0.6625052086395375,0,0,2
pqa_artificial_1683_ground_truth,0.7559438943862915,0.7185563304660084,0,0,2
pqa_artificial_1683_hallucinated,0.8210777044296265,0.8197543931007385,0,0,1
pqa_artificial_1685_ground_truth,0.6937448978424072,0.7467978990779203,0,0,1
pqa_artificial_1685_hallucinated,0.6904584169387817,0.7444973624453824,0,0,1
pqa_artificial_1686_ground_truth,0.810417652130127,0.737869279568012,0,0,2
pqa_artificial_1686_hallucinated,0.8734116554260254,0.8363881587982177,0,0,1
pqa_artificial_1687_ground_truth,0.6486701965332031,0.677338368342473,0,0,2
pqa_artificial_1687_hallucinated,0.5582013130187988,0.5697409191131592,0,0,1
pqa_artificial_1688_ground_truth,0.7678283452987671,0.7641465083758036,0,0,1
pqa_artificial_1688_hallucinated,0.778235912322998,0.7858365671975271,0,0,1
pqa_artificial_1695_ground_truth,0.7018975019454956,0.7088282513618469,0,0,1
pqa_artificial_1695_hallucinated,0.869475781917572,0.7862330473423004,0,0,1
pqa_artificial_16_ground_truth,0.73466557264328,0.6937599484693436,0,0,3
pqa_artificial_16_hallucinated,0.7271915674209595,0.7265340971946717,0,0,1
pqa_artificial_1701_ground_truth,0.7113764733076096,0.6957090670296124,0,0,4
pqa_artificial_1701_hallucinated,0.5890970230102539,0.535701249440511,0,0,1
pqa_artificial_1708_ground_truth,0.7550902962684631,0.6860632073879241,0,0,1
pqa_artificial_1708_hallucinated,0.8382136225700378,0.7545620357990265,0,0,1
pqa_artificial_1712_ground_truth,0.6899248361587524,0.7109235757873171,0,0,3
pqa_artificial_1712_hallucinated,0.7906268835067749,0.7888736010634381,0,0,1
pqa_artificial_1713_ground_truth,0.7727556228637695,0.6554026202151649,0,0,1
pqa_artificial_1713_hallucinated,0.7034776210784912,0.6539621125327216,0,0,2
pqa_artificial_1717_ground_truth,0.6908142566680908,0.682031518129202,0,0,1
pqa_artificial_1717_hallucinated,0.6908846497535706,0.6961192548274994,0,0,1
pqa_artificial_1726_ground_truth,0.5991740226745605,0.6559602774106539,0,0,1
pqa_artificial_1726_hallucinated,0.6870564222335815,0.6301500218792966,0,0,1
pqa_artificial_1743_ground_truth,0.9590956568717957,0.916366959810257,0,0,1
pqa_artificial_1743_hallucinated,0.9597783088684082,0.9099698162078858,0,0,1
pqa_artificial_1748_ground_truth,0.7682412266731262,0.7906260015283312,0,0,1
pqa_artificial_1748_hallucinated,0.7651444673538208,0.7476011271476746,0,0,1
pqa_artificial_1751_ground_truth,0.482202485203743,0.46195350434850246,1,1,2
pqa_artificial_1751_hallucinated,0.7127970457077026,0.6847271627646225,0,0,1
pqa_artificial_1755_ground_truth,0.8777194619178772,0.848778623342514,0,0,2
pqa_artificial_1755_hallucinated,0.8337862193584442,0.7800601279870012,0,0,2
pqa_artificial_1763_ground_truth,0.5211419463157654,0.5727993624210357,0,0,1
pqa_artificial_1763_hallucinated,0.5622457265853882,0.5574181624559256,0,0,1
pqa_artificial_1765_ground_truth,0.5916285812854767,0.6080161973760242,0,0,5
pqa_artificial_1765_hallucinated,0.8305902481079102,0.7805798403422037,0,0,1
pqa_artificial_1769_ground_truth,0.7407293319702148,0.7550489939176119,0,0,1
pqa_artificial_1769_hallucinated,0.5791534781455994,0.6419458962403811,0,0,1
pqa_artificial_1770_ground_truth,0.5949206550916036,0.5972847946985763,0,0,3
pqa_artificial_1770_hallucinated,0.6873113214969635,0.6632481333812078,0,0,4
pqa_artificial_1778_ground_truth,0.8325706521670023,0.8168928631103082,0,0,3
pqa_artificial_1778_hallucinated,0.8150433301925659,0.7398160454205104,0,0,1
pqa_artificial_1782_ground_truth,0.6631477872530619,0.6477550383787306,0,0,3
pqa_artificial_1782_hallucinated,0.9238101243972778,0.8630956585066658,0,0,1
pqa_artificial_1783_ground_truth,0.8455758690834045,0.8284031083583832,0,0,2
pqa_artificial_1783_hallucinated,0.5849613547325134,0.5748676851548646,0,0,1
pqa_artificial_1793_ground_truth,0.5757085680961609,0.5963293310006459,0,0,1
pqa_artificial_1793_hallucinated,0.7341326475143433,0.7885082378754249,0,0,1
pqa_artificial_179_ground_truth,0.7651417255401611,0.7747063507352556,0,0,2
pqa_artificial_179_hallucinated,0.8310947418212891,0.7356793627531631,0,0,1
pqa_artificial_1813_ground_truth,0.5776707828044891,0.664458833677428,0,0,2
pqa_artificial_1813_hallucinated,0.732856035232544,0.6451867246627807,0,0,1
pqa_artificial_1815_ground_truth,0.6794350147247314,0.6714973674501691,0,0,2
pqa_artificial_1815_hallucinated,0.6962404251098633,0.6173682975769043,0,0,1
pqa_artificial_1820_ground_truth,0.6137815713882446,0.6783137666384378,0,0,2
pqa_artificial_1820_hallucinated,0.7820653915405273,0.7424457740783692,0,0,1
pqa_artificial_1827_ground_truth,0.8089861869812012,0.7927419437900666,0,0,1
pqa_artificial_1827_hallucinated,0.6697144508361816,0.7334429727281843,0,0,1
pqa_artificial_1832_ground_truth,0.7592066824436188,0.7024089634248188,0,0,2
pqa_artificial_1832_hallucinated,0.7463570833206177,0.6799499583244323,0,0,1
pqa_artificial_1837_ground_truth,0.9108663400014242,0.8431223110168699,0,0,3
pqa_artificial_1837_hallucinated,0.8895989656448364,0.8237192759513854,0,0,1
pqa_artificial_1839_ground_truth,0.7725935578346252,0.7225801963665905,0,0,1
pqa_artificial_1839_hallucinated,0.742191731929779,0.7334472558291062,0,0,1
pqa_artificial_1844_ground_truth,0.6283118923505148,0.6242029400299757,0,0,3
pqa_artificial_1844_hallucinated,0.610152542591095,0.6080060472130339,0,0,3
pqa_artificial_1855_ground_truth,0.7684240937232971,0.7897407570090229,0,0,2
pqa_artificial_1855_hallucinated,0.7453017830848694,0.7627826767308371,0,0,1
pqa_artificial_1860_ground_truth,0.861505389213562,0.8810537724494933,0,0,1
pqa_artificial_1860_hallucinated,0.759158194065094,0.7537636770220364,0,0,1
pqa_artificial_1862_ground_truth,0.6792878806591034,0.6671265164613723,0,0,2
pqa_artificial_1862_hallucinated,0.7642802596092224,0.7369192586495326,0,0,1
pqa_artificial_1866_ground_truth,0.877223551273346,0.8619512227334474,0,0,1
pqa_artificial_1866_hallucinated,0.7968100905418396,0.7969775896950773,0,0,1
pqa_artificial_1867_ground_truth,0.7482627034187317,0.7087838923931122,0,0,1
pqa_artificial_1867_hallucinated,0.7154220938682556,0.7425601715901318,0,0,1
pqa_artificial_1869_ground_truth,0.8262189626693726,0.7771032738685607,0,0,1
pqa_artificial_1869_hallucinated,0.688831090927124,0.6580150969823202,0,0,1
pqa_artificial_1871_ground_truth,0.6276913583278656,0.6690163037706824,0,0,2
pqa_artificial_1871_hallucinated,0.7800507545471191,0.8101659629655922,0,0,1
pqa_artificial_1872_ground_truth,0.8457723259925842,0.8425406281948089,0,0,1
pqa_artificial_1872_hallucinated,0.7123516798019409,0.7311461758613587,0,0,1
pqa_artificial_1892_ground_truth,0.636677473783493,0.6452992316484452,0,0,2
pqa_artificial_1892_hallucinated,0.7111815214157104,0.7256395649909972,0,0,1
pqa_artificial_1893_ground_truth,0.7552514672279358,0.7564885270595549,0,0,2
pqa_artificial_1893_hallucinated,0.7540918986002604,0.69626710679796,0,0,3
pqa_artificial_1906_ground_truth,0.5832717418670654,0.6257902193069458,0,0,1
pqa_artificial_1906_hallucinated,0.5156757831573486,0.5784730482101441,0,0,1
pqa_artificial_1907_ground_truth,0.6469096144040426,0.6205290377751375,0,0,3
pqa_artificial_1907_hallucinated,0.6049097776412964,0.5893743443489075,0,0,1
pqa_artificial_190_ground_truth,0.7302377820014954,0.6955566913034859,0,0,1
pqa_artificial_190_hallucinated,0.5195152163505554,0.5316606514453888,0,0,2
pqa_artificial_1914_ground_truth,0.8758940100669861,0.7512837017837324,0,0,1
pqa_artificial_1914_hallucinated,0.7939627766609192,0.6883739436626435,0,0,1
pqa_artificial_1916_ground_truth,0.9056718349456787,0.8788661177953083,0,0,2
pqa_artificial_1916_hallucinated,0.5774256065487862,0.599005960298436,0,0,4
pqa_artificial_1918_ground_truth,0.7949896156787872,0.7706593976418177,0,0,2
pqa_artificial_1918_hallucinated,0.8014525175094604,0.7730167622566222,0,0,1
pqa_artificial_1921_ground_truth,0.6504433155059814,0.6160246065684727,0,0,1
pqa_artificial_1921_hallucinated,0.6298397779464722,0.6663565945625305,0,0,2
pqa_artificial_1929_ground_truth,0.6784527897834778,0.5820598099912916,0,0,1
pqa_artificial_1929_hallucinated,0.7079634070396423,0.6855743849277496,0,0,1
pqa_artificial_1932_ground_truth,0.5326676766077677,0.582034040292104,0,0,3
pqa_artificial_1932_hallucinated,0.6535303592681885,0.6204712514877319,0,0,1
pqa_artificial_1949_ground_truth,0.7086074650287628,0.6740966540915625,0,0,2
pqa_artificial_1949_hallucinated,0.6879583398501078,0.7048327426569801,0,0,3
pqa_artificial_194_ground_truth,0.7151362299919128,0.718095360994339,0,0,1
pqa_artificial_194_hallucinated,0.7396889328956604,0.7200848846059096,0,0,2
pqa_artificial_195_ground_truth,0.4554456681013107,0.5100619676709175,1,1,5
pqa_artificial_195_hallucinated,0.5798810720443726,0.6451272767468503,0,0,1
pqa_artificial_1962_ground_truth,0.7129724025726318,0.7366026116254036,0,0,2
pqa_artificial_1962_hallucinated,0.531883550186952,0.5313740406864219,1,1,6
pqa_artificial_1967_ground_truth,0.8001910448074341,0.8102807901887332,0,0,2
pqa_artificial_1967_hallucinated,0.7878710031509399,0.8388173945133501,0,0,1
pqa_artificial_1969_ground_truth,0.7694209218025208,0.7496779785950979,0,0,2
pqa_artificial_1969_hallucinated,0.8989955186843872,0.865767451314365,0,0,1
pqa_artificial_196_ground_truth,0.6473800241947174,0.6669028590415653,0,0,2
pqa_artificial_196_hallucinated,0.7590270042419434,0.781281308984398,0,0,2
pqa_artificial_1974_ground_truth,0.804610550403595,0.8042988138539451,0,0,2
pqa_artificial_1974_hallucinated,0.8617129325866699,0.8413240528106689,0,0,1
pqa_artificial_1977_ground_truth,0.7261082530021667,0.6199424437681834,0,0,1
pqa_artificial_1977_hallucinated,0.6668553352355957,0.6451320679982503,0,0,1
pqa_artificial_1984_ground_truth,0.8018427491188049,0.8200399243831633,0,0,1
pqa_artificial_1984_hallucinated,0.8625637888908386,0.8149484983774331,0,0,1
pqa_artificial_198_ground_truth,0.6691379547119141,0.6533965682983398,0,0,1
pqa_artificial_198_hallucinated,0.8564110994338989,0.8159163410323006,0,0,1
pqa_artificial_1991_ground_truth,0.7330178916454315,0.7347513201384241,0,0,2
pqa_artificial_1991_hallucinated,0.7757765650749207,0.7550435955524444,0,0,1
pqa_artificial_1995_ground_truth,0.6724162101745605,0.638608013788859,0,0,2
pqa_artificial_1995_hallucinated,0.6904323101043701,0.7138289328625327,0,0,1
pqa_artificial_1997_ground_truth,0.7153491079807281,0.724327708919843,0,0,2
pqa_artificial_1997_hallucinated,0.5883289277553558,0.5627945351430348,0,0,2
pqa_artificial_1999_ground_truth,0.7210111618041992,0.7634578132629395,0,0,1
pqa_artificial_1999_hallucinated,0.7758369247118632,0.7155858472983042,0,0,3
pqa_artificial_2006_ground_truth,0.9245040118694305,0.93497423688003,0,0,2
pqa_artificial_2006_hallucinated,0.7890770137310028,0.7936582574377888,0,0,2
pqa_artificial_2008_ground_truth,0.766956090927124,0.6943692636489868,0,0,1
pqa_artificial_2008_hallucinated,0.5539906024932861,0.5570791360310146,0,0,1
pqa_artificial_2011_ground_truth,0.6751442551612854,0.6867115555359767,0,0,3
pqa_artificial_2011_hallucinated,0.7455387115478516,0.7111078673142652,0,0,1
pqa_artificial_2025_ground_truth,0.8022537529468536,0.8077864182715887,0,0,2
pqa_artificial_2025_hallucinated,0.7364474236965179,0.7248881965875625,0,0,2
pqa_artificial_2027_ground_truth,0.6919120947519938,0.6891598948978243,0,0,6
pqa_artificial_2027_hallucinated,0.7173344492912292,0.7031341145038605,0,0,1
pqa_artificial_2028_ground_truth,0.7466378808021545,0.7395262158096285,0,0,2
pqa_artificial_2028_hallucinated,0.6408431529998779,0.6990902070999145,0,0,1
pqa_artificial_2031_ground_truth,0.6660886704921722,0.6566466847291359,0,0,2
pqa_artificial_2031_hallucinated,0.899584174156189,0.8247089219093322,0,0,1
pqa_artificial_2035_ground_truth,0.6020600001017252,0.6205670000712077,1,0,3
pqa_artificial_2035_hallucinated,0.9076089859008789,0.8971477187020438,0,0,2
pqa_artificial_2037_ground_truth,0.8015758991241455,0.7786031293869018,0,0,1
pqa_artificial_2037_hallucinated,0.5868809223175049,0.6008166456222535,0,0,1
pqa_artificial_2038_ground_truth,0.796438455581665,0.7732360855738322,0,0,3
pqa_artificial_2038_hallucinated,0.8886597156524658,0.779561800956726,0,0,1
pqa_artificial_203_ground_truth,0.7863613963127136,0.7704529774188995,0,0,2
pqa_artificial_203_hallucinated,0.9309417009353638,0.8927306192261832,0,0,1
pqa_artificial_2043_ground_truth,0.8608884811401367,0.8397647939409527,0,0,1
pqa_artificial_2043_hallucinated,0.8497093319892883,0.7876536752496446,0,0,1
pqa_artificial_2055_ground_truth,0.7100917100906372,0.716282947063446,0,0,2
pqa_artificial_2055_hallucinated,0.8737143278121948,0.8481384910069979,0,0,1
pqa_artificial_2062_ground_truth,0.6954887906710306,0.6822439391840072,0,0,3
pqa_artificial_2062_hallucinated,0.614338219165802,0.5757510391303471,0,0,1
pqa_artificial_2067_ground_truth,0.7854934930801392,0.8117685220791743,0,0,1
pqa_artificial_2067_hallucinated,0.8785500526428223,0.7849850368499756,0,0,1
pqa_artificial_2069_ground_truth,0.7185754477977753,0.747086146791776,0,0,2
pqa_artificial_2069_hallucinated,0.8156253099441528,0.8296877169609069,0,0,1
pqa_artificial_206_ground_truth,0.6977556347846985,0.689270290503135,0,0,2
pqa_artificial_206_hallucinated,0.6269040107727051,0.6975828075408935,0,0,1
pqa_artificial_2072_ground_truth,0.7712859511375427,0.7627573086534227,0,0,2
pqa_artificial_2072_hallucinated,0.8411484360694885,0.8761115975563343,0,0,1
pqa_artificial_2073_ground_truth,0.8481116592884064,0.8066543519780749,0,0,2
pqa_artificial_2073_hallucinated,0.8289656639099121,0.7259902504512241,0,0,1
pqa_artificial_2075_ground_truth,0.7987068891525269,0.7970435403554867,0,0,2
pqa_artificial_2075_hallucinated,0.8381875157356262,0.7029812610149383,0,0,1
pqa_artificial_2077_ground_truth,0.8382735252380371,0.8278628962380545,0,0,1
pqa_artificial_2077_hallucinated,0.6535922735929489,0.6856286266027836,0,0,2
pqa_artificial_2085_ground_truth,0.8890413045883179,0.8413021274975367,0,0,2
pqa_artificial_2085_hallucinated,0.9191595911979675,0.8726974281242914,0,0,1
pqa_artificial_2087_ground_truth,0.7102425396442413,0.7279390085201997,0,0,2
pqa_artificial_2087_hallucinated,0.5132231712341309,0.5492562198638916,0,0,1
pqa_artificial_2093_ground_truth,0.8250454664230347,0.8133651598294576,0,0,1
pqa_artificial_2093_hallucinated,0.4676404744386673,0.4711718615188318,1,0,2
pqa_artificial_2096_ground_truth,0.8238444924354553,0.7846911447048186,0,0,1
pqa_artificial_2096_hallucinated,0.6565043926239014,0.6078864081700642,0,0,1
pqa_artificial_2098_ground_truth,0.9265563488006592,0.8660894441604614,0,0,1
pqa_artificial_2098_hallucinated,0.8165217936038971,0.775315255522728,0,0,2
pqa_artificial_20_ground_truth,0.7934975624084473,0.7813306466270895,0,0,1
pqa_artificial_20_hallucinated,0.9355705976486206,0.8632922754968916,0,0,1
pqa_artificial_2118_ground_truth,0.7397556900978088,0.7046366753761585,0,0,1
pqa_artificial_2118_hallucinated,0.6582708358764648,0.5946357389596792,0,0,1
pqa_artificial_2122_ground_truth,0.941770076751709,0.8717390537261963,0,0,1
pqa_artificial_2122_hallucinated,0.5769987404346466,0.5893301527870112,0,0,2
pqa_artificial_2125_ground_truth,0.7381981611251831,0.6921734953963239,0,0,1
pqa_artificial_2125_hallucinated,0.6156331300735474,0.69620634894622,0,0,1
pqa_artificial_2126_ground_truth,0.7148507535457611,0.7487660631963184,0,0,2
pqa_artificial_2126_hallucinated,0.6756633520126343,0.697339346408844,0,0,1
pqa_artificial_212_ground_truth,0.8303999900817871,0.798779993057251,0,0,1
pqa_artificial_212_hallucinated,0.8472447395324707,0.8160713176727294,0,0,1
pqa_artificial_2132_ground_truth,0.7043657898902893,0.7573107113082956,0,0,3
pqa_artificial_2132_hallucinated,0.6768823266029358,0.6704842952887217,0,0,1
pqa_artificial_2134_ground_truth,0.8310202360153198,0.7900474985440572,0,0,1
pqa_artificial_2134_hallucinated,0.9220439195632935,0.808548390753129,0,0,2
pqa_artificial_2147_ground_truth,0.8760691285133362,0.8003536531172301,0,0,1
pqa_artificial_2147_hallucinated,0.5245651453733444,0.5569995233299685,1,1,3
pqa_artificial_2154_ground_truth,0.6879880726337433,0.7119249841769536,0,0,3
pqa_artificial_2154_hallucinated,0.6227876842021942,0.6370763789415359,0,0,2
pqa_artificial_2163_ground_truth,0.7623293399810791,0.7574766918329091,0,0,1
pqa_artificial_2163_hallucinated,0.8123793601989746,0.7571030521392822,0,0,1
pqa_artificial_2165_ground_truth,0.7947744131088257,0.8040563748904637,0,0,2
pqa_artificial_2165_hallucinated,0.8234550952911377,0.8528471381323678,0,0,1
pqa_artificial_2177_ground_truth,0.670099139213562,0.6911527307828267,0,0,2
pqa_artificial_2177_hallucinated,0.786422848701477,0.8504959940910339,0,0,1
pqa_artificial_2180_ground_truth,0.8351613283157349,0.7858629298210144,0,0,2
pqa_artificial_2180_hallucinated,0.767359733581543,0.76496431350708,0,0,1
pqa_artificial_2181_ground_truth,0.7771656513214111,0.8179633243460405,0,0,1
pqa_artificial_2181_hallucinated,0.8068298101425171,0.7629744154868587,0,0,1
pqa_artificial_2184_ground_truth,0.9495434165000916,0.926603468473141,0,0,1
pqa_artificial_2184_hallucinated,0.9649612903594971,0.8704729032516478,0,0,1
pqa_artificial_218_ground_truth,0.8858241438865662,0.8638269007205963,0,0,1
pqa_artificial_218_hallucinated,0.8960759043693542,0.8768959902014051,0,0,1
pqa_artificial_2193_ground_truth,0.7325199842453003,0.727525893733615,0,0,3
pqa_artificial_2193_hallucinated,0.8446855545043945,0.8546132214864094,0,0,1
pqa_artificial_2195_ground_truth,0.5397391766309738,0.5884424236416816,1,0,2
pqa_artificial_2195_hallucinated,0.7612385153770447,0.7440208069177774,0,0,1
pqa_artificial_21_ground_truth,0.7616768479347229,0.675973793554306,0,0,1
pqa_artificial_21_hallucinated,0.8897417187690735,0.8992477745669228,0,0,1
pqa_artificial_2202_ground_truth,0.5071349938710531,0.5238052244546764,1,1,3
pqa_artificial_2202_hallucinated,0.7308875322341919,0.7160949567744606,0,0,1
pqa_artificial_2209_ground_truth,0.7958239316940308,0.7705015887871287,0,0,3
pqa_artificial_2209_hallucinated,0.844963550567627,0.856117342540196,0,0,1
pqa_artificial_2211_ground_truth,0.6409779936075211,0.5968817109098801,0,0,4
pqa_artificial_2211_hallucinated,0.5759665966033936,0.5470001470341401,0,0,1
pqa_artificial_2217_ground_truth,0.8334245681762695,0.7633971977233887,0,0,2
pqa_artificial_2217_hallucinated,0.9416639804840088,0.8533314530054729,0,0,1
pqa_artificial_221_ground_truth,0.7246587872505188,0.6968380741522862,0,0,2
pqa_artificial_221_hallucinated,0.7896982431411743,0.7547763478385736,0,0,2
pqa_artificial_2221_ground_truth,0.7576526403427124,0.7400354196684701,0,0,4
pqa_artificial_2221_hallucinated,0.8814799189567566,0.8207859432697295,0,0,1
pqa_artificial_2232_ground_truth,0.8798238337039948,0.8717100169261296,0,0,2
pqa_artificial_2232_hallucinated,0.8238682746887207,0.7883744589487711,0,0,1
pqa_artificial_2233_ground_truth,0.8778767983118693,0.8430137588183085,0,0,3
pqa_artificial_2233_hallucinated,0.8979882001876831,0.8578774544170924,0,0,1
pqa_artificial_223_ground_truth,0.7363119721412659,0.6783201662131718,0,0,2
pqa_artificial_223_hallucinated,0.5405173301696777,0.550605552171406,1,1,5
pqa_artificial_2242_ground_truth,0.5533829510211945,0.5981131637540518,0,0,5
pqa_artificial_2242_hallucinated,0.6493815183639526,0.6983170628547668,0,0,1
pqa_artificial_2250_ground_truth,0.7218971252441406,0.7196137019566127,0,0,1
pqa_artificial_2250_hallucinated,0.5444619655609131,0.5986233758926391,0,0,1
pqa_artificial_2251_ground_truth,0.6978755295276642,0.6421101557372382,0,0,2
pqa_artificial_2251_hallucinated,0.6842101216316223,0.6364470851421355,0,0,1
pqa_artificial_2258_ground_truth,0.8085773587226868,0.8051708177725473,0,0,1
pqa_artificial_2258_hallucinated,0.7958626747131348,0.8099610151563372,0,0,1
pqa_artificial_2263_ground_truth,0.46885656118392943,0.4824829261620839,1,1,5
pqa_artificial_2263_hallucinated,0.5154578983783722,0.5277160629982464,0,0,3
pqa_artificial_2265_ground_truth,0.8787562847137451,0.8784627326329548,0,0,1
pqa_artificial_2265_hallucinated,0.8722419738769531,0.8693193817138671,0,0,1
pqa_artificial_226_ground_truth,0.6494234800338745,0.6445964360237122,0,0,1
pqa_artificial_226_hallucinated,0.8870168924331665,0.8059118247032164,0,0,1
pqa_artificial_2274_ground_truth,0.6523548364639282,0.6295431223668551,0,0,1
pqa_artificial_2274_hallucinated,0.5590166449546814,0.6278501130067385,0,0,1
pqa_artificial_227_ground_truth,0.5258636474609375,0.5710212198893229,1,1,3
pqa_artificial_227_hallucinated,0.7333303689956665,0.7181389506046589,0,0,1
pqa_artificial_2281_ground_truth,0.7088393270969391,0.7512708623011907,0,0,2
pqa_artificial_2281_hallucinated,0.8224969506263733,0.8050335797241754,0,0,1
pqa_artificial_2284_ground_truth,0.7644461393356323,0.6525036018827687,0,0,1
pqa_artificial_2284_hallucinated,0.5654603242874146,0.5789801217380324,0,0,1
pqa_artificial_2287_ground_truth,0.7350161373615265,0.7348619748861003,0,0,2
pqa_artificial_2287_hallucinated,0.5680215160051981,0.5739007754893529,1,1,3
pqa_artificial_2292_ground_truth,0.8935726881027222,0.8555008816719054,0,0,1
pqa_artificial_2292_hallucinated,0.5961106419563293,0.5811193611341364,1,0,2
pqa_artificial_2295_ground_truth,0.8261321485042572,0.7827155808760569,0,0,2
pqa_artificial_2295_hallucinated,0.7968770861625671,0.7818139603137969,0,0,1
pqa_artificial_2305_ground_truth,0.7477929592132568,0.6761021302728092,0,0,1
pqa_artificial_2305_hallucinated,0.6352269649505615,0.681658875465393,0,0,1
pqa_artificial_231_ground_truth,0.7992873787879944,0.804501165151596,0,0,1
pqa_artificial_231_hallucinated,0.8566659092903137,0.8377911365032196,0,0,1
pqa_artificial_2320_ground_truth,0.8739595413208008,0.7825409096937913,0,0,1
pqa_artificial_2320_hallucinated,0.9011528491973877,0.8538069944381713,0,0,1
pqa_artificial_2322_ground_truth,0.88247349858284,0.8760472384816721,0,0,2
pqa_artificial_2322_hallucinated,0.8900649547576904,0.82830862622512,0,0,1
pqa_artificial_2329_ground_truth,0.7838631669680277,0.7265888322622348,0,0,3
pqa_artificial_2329_hallucinated,0.5674669742584229,0.614726881980896,0,0,1
pqa_artificial_2331_ground_truth,0.7661728858947754,0.7738885876939103,0,0,1
pqa_artificial_2331_hallucinated,0.8501853346824646,0.8343402605935146,0,0,1
pqa_artificial_2332_ground_truth,0.668149471282959,0.6680171298980713,0,0,2
pqa_artificial_2332_hallucinated,0.820671558380127,0.8194700908660888,0,0,1
pqa_artificial_2337_ground_truth,0.8414593935012817,0.8290215754508972,0,0,1
pqa_artificial_2337_hallucinated,0.6511380672454834,0.6983154440643196,0,0,2
pqa_artificial_2342_ground_truth,0.549876461426417,0.5904968563318252,0,0,3
pqa_artificial_2342_hallucinated,0.6006438732147217,0.5774819612503052,0,0,2
pqa_artificial_2344_ground_truth,0.642272412776947,0.6042781889438629,0,0,2
pqa_artificial_2344_hallucinated,0.7931305170059204,0.7844770761898585,0,0,1
pqa_artificial_2346_ground_truth,0.8492541909217834,0.8257279336452483,0,0,2
pqa_artificial_2346_hallucinated,0.8521429300308228,0.8085000510215758,0,0,1
pqa_artificial_2349_ground_truth,0.6934853196144104,0.6510647237300873,0,0,2
pqa_artificial_2349_hallucinated,0.6623619794845581,0.5774769150509553,0,0,1
pqa_artificial_2356_ground_truth,0.6270173490047455,0.6976621443033217,0,0,2
pqa_artificial_2356_hallucinated,0.6930884122848511,0.7439118885993957,0,0,1
pqa_artificial_2359_ground_truth,0.7053619623184204,0.7070142431881117,0,0,1
pqa_artificial_2359_hallucinated,0.763025164604187,0.8105461866515024,0,0,1
pqa_artificial_2362_ground_truth,0.7618512809276581,0.7645458966493606,0,0,2
pqa_artificial_2362_hallucinated,0.5845948457717896,0.6330625458864065,0,0,1
pqa_artificial_236_ground_truth,0.6856374144554138,0.6687154208880205,0,0,3
pqa_artificial_236_hallucinated,0.6968099474906921,0.6727669632434845,0,0,1
pqa_artificial_2372_ground_truth,0.4656604528427124,0.5239623169898987,0,0,2
pqa_artificial_2372_hallucinated,0.7232046127319336,0.7285961700888242,0,0,1
pqa_artificial_2375_ground_truth,0.6164118051528931,0.6123215969403585,0,0,1
pqa_artificial_2375_hallucinated,0.7244110107421875,0.7612543741861979,0,0,1
pqa_artificial_2380_ground_truth,0.6814484894275665,0.6255139425992966,0,0,2
pqa_artificial_2380_hallucinated,0.6849465370178223,0.6400181314680311,0,0,1
pqa_artificial_2387_ground_truth,0.7101685702800751,0.6983679991960525,0,0,2
pqa_artificial_2387_hallucinated,0.7713961005210876,0.7712272703647614,0,0,1
pqa_artificial_2388_ground_truth,0.6957575678825378,0.6591072205946995,0,0,2
pqa_artificial_2388_hallucinated,0.9020353555679321,0.8607104631832667,0,0,1
pqa_artificial_2393_ground_truth,0.7073470950126648,0.6251429665088652,0,0,1
pqa_artificial_2393_hallucinated,0.7871526479721069,0.8072568535804748,0,0,1
pqa_artificial_23_ground_truth,0.7193052768707275,0.7079873780200356,0,0,1
pqa_artificial_23_hallucinated,0.701581597328186,0.7311071181297302,0,0,1
pqa_artificial_2403_ground_truth,0.6251835823059082,0.6101285076141357,0,0,1
pqa_artificial_2403_hallucinated,0.6444031000137329,0.6995196700096129,0,0,1
pqa_artificial_2409_ground_truth,0.8488134145736694,0.7336693902015685,0,0,1
pqa_artificial_2409_hallucinated,0.773664116859436,0.6978148818016052,0,0,1
pqa_artificial_240_ground_truth,0.9126579463481903,0.907129793212964,0,0,2
pqa_artificial_240_hallucinated,0.6902298331260681,0.7021340974739619,0,0,2
pqa_artificial_2415_ground_truth,0.7508894801139832,0.7391940646512167,0,0,1
pqa_artificial_2415_hallucinated,0.7288972735404968,0.7127280914783478,0,0,1
pqa_artificial_2416_ground_truth,0.9201833009719849,0.9028783106803893,0,0,1
pqa_artificial_2416_hallucinated,0.892511248588562,0.8752578740119934,0,0,1
pqa_artificial_2418_ground_truth,0.819496750831604,0.7931268922487894,0,0,4
pqa_artificial_2418_hallucinated,0.9429044723510742,0.8370331306457519,0,0,1
pqa_artificial_241_ground_truth,0.8314382036526998,0.8086734092235565,0,0,3
pqa_artificial_241_hallucinated,0.6375749856233597,0.6240842651464358,0,0,4
pqa_artificial_2431_ground_truth,0.8019227981567383,0.7654763934923254,0,0,1
pqa_artificial_2431_hallucinated,0.6066421419382095,0.5567372094407803,0,0,4
pqa_artificial_2433_ground_truth,0.8808767199516296,0.7576137039661407,0,0,1
pqa_artificial_2433_hallucinated,0.9116147756576538,0.8543803429603577,0,0,1
pqa_artificial_2435_ground_truth,0.6785356799761454,0.6676640516135538,0,0,3
pqa_artificial_2435_hallucinated,0.5082744061946869,0.4811492271934237,0,0,2
pqa_artificial_2437_ground_truth,0.741542249917984,0.7107045749425889,0,0,2
pqa_artificial_2437_hallucinated,0.723456859588623,0.7044198017120361,0,0,2
pqa_artificial_2443_ground_truth,0.8225224614143372,0.82723631122533,0,0,1
pqa_artificial_2443_hallucinated,0.8620094060897827,0.8209065842628479,0,0,1
pqa_artificial_2445_ground_truth,0.765834112962087,0.7499529266925086,0,0,3
pqa_artificial_2445_hallucinated,0.8726668953895569,0.8637239696298327,0,0,1
pqa_artificial_2452_ground_truth,0.8078800439834595,0.7995160307884216,0,0,1
pqa_artificial_2452_hallucinated,0.6109222173690796,0.5888955521583557,0,0,2
pqa_artificial_2453_ground_truth,0.8343058824539185,0.8198474510510763,0,0,1
pqa_artificial_2453_hallucinated,0.7972877025604248,0.7921013917922973,0,0,1
pqa_artificial_2454_ground_truth,0.8466093242168427,0.8321265269517899,0,0,2
pqa_artificial_2454_hallucinated,0.8467490077018738,0.8392146900066961,0,0,2
pqa_artificial_2459_ground_truth,0.764582484960556,0.72097697024162,0,0,2
pqa_artificial_2459_hallucinated,0.7282993793487549,0.7410595655441283,0,0,1
pqa_artificial_2461_ground_truth,0.7846247851848602,0.7880989567722592,0,0,2
pqa_artificial_2461_hallucinated,0.7120495438575745,0.7198632521288736,0,0,1
pqa_artificial_2466_ground_truth,0.75758096575737,0.7603781046015876,0,0,2
pqa_artificial_2466_hallucinated,0.8513236045837402,0.8271029937968535,0,0,1
pqa_artificial_2476_ground_truth,0.6914563179016113,0.639644422531128,0,0,1
pqa_artificial_2476_hallucinated,0.8596732020378113,0.7747124178970561,0,0,1
pqa_artificial_2483_ground_truth,0.8870463967323303,0.9117658110459644,0,0,2
pqa_artificial_2483_hallucinated,0.8746175765991211,0.7752323036193848,0,0,1
pqa_artificial_2488_ground_truth,0.7221555709838867,0.7642588996887207,0,0,1
pqa_artificial_2488_hallucinated,0.8842250108718872,0.8039575076103209,0,0,1
pqa_artificial_2490_ground_truth,0.8215593993663788,0.7795824262383874,0,0,2
pqa_artificial_2490_hallucinated,0.8241548538208008,0.7683789859098547,0,0,1
pqa_artificial_2492_ground_truth,0.7450692653656006,0.7341955445794498,0,0,1
pqa_artificial_2492_hallucinated,0.620015025138855,0.6881771842638651,0,0,1
pqa_artificial_2494_ground_truth,0.7775990962982178,0.7385693674087523,0,0,1
pqa_artificial_2494_hallucinated,0.8412565588951111,0.8311295912265777,0,0,1
pqa_artificial_2501_ground_truth,0.7602131168047587,0.7533359949501442,0,0,3
pqa_artificial_2501_hallucinated,0.6721275448799133,0.6686471761527815,0,0,1
pqa_artificial_2502_ground_truth,0.7924347519874573,0.7742235571604508,0,0,2
pqa_artificial_2502_hallucinated,0.888458788394928,0.75771062556066,0,0,1
pqa_artificial_2512_ground_truth,0.6163203716278076,0.6733687045839097,0,0,3
pqa_artificial_2512_hallucinated,0.8184007406234741,0.7848805184364318,0,0,1
pqa_artificial_2513_ground_truth,0.782011866569519,0.7097612477751338,0,0,1
pqa_artificial_2513_hallucinated,0.7431091070175171,0.7425293160887325,0,0,1
pqa_artificial_2517_ground_truth,0.9005910555521647,0.8910804055531819,0,0,3
pqa_artificial_2517_hallucinated,0.7789226174354553,0.7262501057090921,0,0,3
pqa_artificial_2520_ground_truth,0.731531947851181,0.7346348634958266,0,0,2
pqa_artificial_2520_hallucinated,0.7563058733940125,0.7415240858003611,0,0,2
pqa_artificial_252_ground_truth,0.7461291154225668,0.7234213331767491,0,0,3
pqa_artificial_252_hallucinated,0.8518362641334534,0.7629520515600839,0,0,1
pqa_artificial_253_ground_truth,0.8002543449401855,0.7941780414581299,0,0,1
pqa_artificial_253_hallucinated,0.7354391813278198,0.7276199269294739,0,0,1
pqa_artificial_2544_ground_truth,0.6737338900566101,0.6816137230396271,0,0,1
pqa_artificial_2544_hallucinated,0.7010339498519897,0.7317951934678214,0,0,1
pqa_artificial_254_ground_truth,0.667349100112915,0.6862157986504691,0,0,2
pqa_artificial_254_hallucinated,0.6546944379806519,0.6721991500647171,0,0,1
pqa_artificial_2551_ground_truth,0.8456686735153198,0.8158142253068776,0,0,1
pqa_artificial_2551_hallucinated,0.8154447078704834,0.7668112955093382,0,0,1
pqa_artificial_2555_ground_truth,0.7941051721572876,0.7777157257732592,0,0,1
pqa_artificial_2555_hallucinated,0.6768802404403687,0.6849700144621041,0,0,1
pqa_artificial_2556_ground_truth,0.7231758038202921,0.7530563960075378,0,0,3
pqa_artificial_2556_hallucinated,0.799147367477417,0.8476174429484776,0,0,1
pqa_artificial_2557_ground_truth,0.6935666799545288,0.748041318825313,0,0,4
pqa_artificial_2557_hallucinated,0.776599109172821,0.7604318764209748,0,0,2
pqa_artificial_2561_ground_truth,0.6126385629177094,0.5977636607090633,0,0,2
pqa_artificial_2561_hallucinated,0.7779321074485779,0.7293143799759093,0,0,2
pqa_artificial_2563_ground_truth,0.7513394951820374,0.7429843499241294,0,0,2
pqa_artificial_2563_hallucinated,0.6394453048706055,0.6841501749478853,0,0,1
pqa_artificial_2564_ground_truth,0.849631667137146,0.7984921669960021,0,0,1
pqa_artificial_2564_hallucinated,0.8656160831451416,0.7771812582015991,0,0,1
pqa_artificial_2565_ground_truth,0.687081515789032,0.7086984403626673,0,0,2
pqa_artificial_2565_hallucinated,0.7781252264976501,0.7896876585483551,0,0,1
pqa_artificial_2570_ground_truth,0.7986189723014832,0.7765332806110382,0,0,1
pqa_artificial_2570_hallucinated,0.5615149835745493,0.5609451038867999,1,1,3
pqa_artificial_257_ground_truth,0.6866738200187683,0.6998383406798045,0,0,2
pqa_artificial_257_hallucinated,0.6712608337402344,0.658632583618164,0,0,1
pqa_artificial_2580_ground_truth,0.6935897469520569,0.6526556800092969,0,0,1
pqa_artificial_2580_hallucinated,0.7025418877601624,0.6139221785749708,0,0,1
pqa_artificial_2582_ground_truth,0.7114656865596771,0.7586798267456201,0,0,2
pqa_artificial_2582_hallucinated,0.7002226114273071,0.707655827999115,0,0,1
pqa_artificial_2587_ground_truth,0.7314796447753906,0.6614588282658503,0,0,1
pqa_artificial_2587_hallucinated,0.6105285882949829,0.6907033451398213,0,0,1
pqa_artificial_2591_ground_truth,0.865095317363739,0.8436917221546172,0,0,1
pqa_artificial_2591_hallucinated,0.7044650912284851,0.7012505638599396,0,0,1
pqa_artificial_2596_ground_truth,0.8379175662994385,0.7890422964096069,0,0,1
pqa_artificial_2596_hallucinated,0.601782537996769,0.6217040528582425,1,0,4
pqa_artificial_259_ground_truth,0.6755321621894836,0.7468198819536912,0,0,1
pqa_artificial_259_hallucinated,0.6243923306465149,0.6481996314525604,0,0,2
pqa_artificial_2602_ground_truth,0.6019327044487,0.5985850359712329,0,0,3
pqa_artificial_2602_hallucinated,0.8831517696380615,0.7457062387466431,0,0,1
pqa_artificial_2604_ground_truth,0.6522382497787476,0.6627432454333586,0,0,2
pqa_artificial_2604_hallucinated,0.7166708707809448,0.7176071095466613,0,0,3
pqa_artificial_260_ground_truth,0.5420676618814468,0.5531973633170127,0,0,2
pqa_artificial_260_hallucinated,0.6689882576465607,0.6445417803525924,0,0,2
pqa_artificial_2611_ground_truth,0.8298437595367432,0.8293281316757202,0,0,1
pqa_artificial_2611_hallucinated,0.8520336151123047,0.7790705894021426,0,0,1
pqa_artificial_2612_ground_truth,0.7285963892936707,0.7158508058389027,0,0,2
pqa_artificial_2612_hallucinated,0.8726571798324585,0.8429188494121327,0,0,1
pqa_artificial_2613_ground_truth,0.8650802373886108,0.8505561661720276,0,0,1
pqa_artificial_2613_hallucinated,0.8357318043708801,0.8215507245980777,0,0,1
pqa_artificial_261_ground_truth,0.5758392810821533,0.5959446396146502,0,0,1
pqa_artificial_261_hallucinated,0.7449860572814941,0.771990240097046,0,0,1
pqa_artificial_2620_ground_truth,0.8067850172519684,0.8261780835049493,0,0,2
pqa_artificial_2620_hallucinated,0.8587245941162109,0.8736072158813477,0,0,1
pqa_artificial_2622_ground_truth,0.7007362047831217,0.6785986766815185,0,0,3
pqa_artificial_2622_hallucinated,0.7906745672225952,0.7334721970558167,0,0,1
pqa_artificial_2624_ground_truth,0.6656719446182251,0.6097203612327575,0,0,1
pqa_artificial_2624_hallucinated,0.7965976595878601,0.7226183617115021,0,0,1
pqa_artificial_2633_ground_truth,0.521736353635788,0.539144018973623,0,0,2
pqa_artificial_2633_hallucinated,0.7189120650291443,0.7255913866968715,0,0,1
pqa_artificial_2640_ground_truth,0.6277042428652445,0.630333140945842,0,0,3
pqa_artificial_2640_hallucinated,0.6368782967329025,0.6221073901306142,0,0,4
pqa_artificial_2648_ground_truth,0.7166627645492554,0.7439139351844788,0,0,1
pqa_artificial_2648_hallucinated,0.5880866646766663,0.5636606652736663,0,0,1
pqa_artificial_265_ground_truth,0.8137889206409454,0.7823605777819951,0,0,2
pqa_artificial_265_hallucinated,0.8584729731082916,0.8021810811758041,0,0,2
pqa_artificial_2664_ground_truth,0.4552685394883156,0.4761879776418209,2,2,4
pqa_artificial_2664_hallucinated,0.829853892326355,0.7990405817713055,0,0,2
pqa_artificial_2674_ground_truth,0.4844871908426285,0.5411722835898399,1,1,2
pqa_artificial_2674_hallucinated,0.666545033454895,0.7207481900850932,0,0,1
pqa_artificial_2676_ground_truth,0.6524982452392578,0.6616862716674804,0,0,3
pqa_artificial_2676_hallucinated,0.7294434905052185,0.700610443353653,0,0,1
pqa_artificial_2688_ground_truth,0.5253332853317261,0.5252332997322082,0,0,1
pqa_artificial_2688_hallucinated,0.5468459129333496,0.5590421390533447,0,0,1
pqa_artificial_2690_ground_truth,0.6649163961410522,0.6648164772987366,0,0,2
pqa_artificial_2690_hallucinated,0.6441269914309183,0.6256266813579647,1,0,3
pqa_artificial_2696_ground_truth,0.7800551652908325,0.7220925372722102,0,0,2
pqa_artificial_2696_hallucinated,0.5412991642951965,0.6435522721494946,0,0,1
pqa_artificial_2698_ground_truth,0.578843871752421,0.6419169007028852,1,0,3
pqa_artificial_2698_hallucinated,0.8633720278739929,0.7853604195117949,0,0,1
pqa_artificial_2705_ground_truth,0.7879821062088013,0.7621777521239386,0,0,3
pqa_artificial_2705_hallucinated,0.8263346552848816,0.8051009253660838,0,0,1
pqa_artificial_2709_ground_truth,0.8423049449920654,0.8313781673767986,0,0,1
pqa_artificial_2709_hallucinated,0.7773637175559998,0.7481546022891998,0,0,1
pqa_artificial_270_ground_truth,0.7516498565673828,0.7530120424543107,0,0,2
pqa_artificial_270_hallucinated,0.7177224159240723,0.6992806911468505,0,0,1
pqa_artificial_2721_ground_truth,0.7394930720329285,0.7287989965768961,0,0,1
pqa_artificial_2721_hallucinated,0.6740420460700989,0.6728294322490692,0,0,1
pqa_artificial_2727_ground_truth,0.7753502726554871,0.7823375821631888,0,0,2
pqa_artificial_2727_hallucinated,0.8446732461452484,0.8177712723016739,0,0,2
pqa_artificial_2729_ground_truth,0.6275389194488525,0.6476105769475301,0,0,2
pqa_artificial_2729_hallucinated,0.7014800906181335,0.7140360634326934,0,0,1
pqa_artificial_2741_ground_truth,0.8007254004478455,0.8055077803134918,0,0,1
pqa_artificial_2741_hallucinated,0.7405702471733093,0.7161848873070309,0,0,2
pqa_artificial_2745_ground_truth,0.5544237792491913,0.5812216454744339,0,0,2
pqa_artificial_2745_hallucinated,0.5634334087371826,0.5610700527826945,0,0,1
pqa_artificial_2757_ground_truth,0.4588867624600728,0.4756309901323073,2,0,6
pqa_artificial_2757_hallucinated,0.7665348052978516,0.7215743637084961,0,0,1
pqa_artificial_2765_ground_truth,0.7463176846504211,0.7003929674905889,0,0,2
pqa_artificial_2765_hallucinated,0.7215654850006104,0.7390958395004272,0,0,1
pqa_artificial_2767_ground_truth,0.8533924221992493,0.8330157211805,0,0,2
pqa_artificial_2767_hallucinated,0.8187440633773804,0.7845494157927376,0,0,1
pqa_artificial_276_ground_truth,0.7764383355776469,0.8129512793487973,0,0,3
pqa_artificial_276_hallucinated,0.7821259498596191,0.7574881649017333,0,0,1
pqa_artificial_2781_ground_truth,0.7487938404083252,0.7641556882858276,0,0,1
pqa_artificial_2781_hallucinated,0.8111213445663452,0.7927849411964416,0,0,1
pqa_artificial_2809_ground_truth,0.658594936132431,0.6235164552927017,0,0,2
pqa_artificial_2809_hallucinated,0.8148543834686279,0.7982105684280395,0,0,1
pqa_artificial_2814_ground_truth,0.93951416015625,0.9276599121093749,0,0,1
pqa_artificial_2814_hallucinated,0.8834726810455322,0.8923782451529252,0,0,1
pqa_artificial_2816_ground_truth,0.764280378818512,0.7465234144942252,0,0,2
pqa_artificial_2816_hallucinated,0.6723255713780721,0.6411189713932218,0,0,3
pqa_artificial_2820_ground_truth,0.7149291038513184,0.7454503726959228,0,0,1
pqa_artificial_2820_hallucinated,0.6206419467926025,0.6894493627548217,0,0,1
pqa_artificial_2824_ground_truth,0.6007275283336639,0.6291203809446758,0,0,3
pqa_artificial_2824_hallucinated,0.6005856990814209,0.6850528464998518,0,0,1
pqa_artificial_2825_ground_truth,0.7567209303379059,0.7098121781182545,0,0,2
pqa_artificial_2825_hallucinated,0.631908044219017,0.5954606309533119,0,0,2
pqa_artificial_2830_ground_truth,0.7241135239601135,0.6818794667720794,0,0,1
pqa_artificial_2830_hallucinated,0.7913395166397095,0.7219376616477966,0,0,1
pqa_artificial_2833_ground_truth,0.8155973553657532,0.7402038630417415,0,0,1
pqa_artificial_2833_hallucinated,0.7952122688293457,0.689883882298189,0,0,1
pqa_artificial_2839_ground_truth,0.8382771611213684,0.7917204833731932,0,0,2
pqa_artificial_2839_hallucinated,0.8654698133468628,0.7763551851322776,0,0,1
pqa_artificial_2848_ground_truth,0.6717031598091125,0.6903112594854264,0,0,2
pqa_artificial_2848_hallucinated,0.6239346861839294,0.6272542803287506,0,0,1
pqa_artificial_2859_ground_truth,0.6103935241699219,0.6404485438420222,0,0,2
pqa_artificial_2859_hallucinated,0.9086819887161255,0.8948273921012877,0,0,1
pqa_artificial_2860_ground_truth,0.8397324085235596,0.8350126859664916,0,0,1
pqa_artificial_2860_hallucinated,0.7120154500007629,0.625910815000534,0,0,1
pqa_artificial_2863_ground_truth,0.7926034331321716,0.7475902603353772,0,0,2
pqa_artificial_2863_hallucinated,0.8382363319396973,0.856765432357788,0,0,1
pqa_artificial_2866_ground_truth,0.6098306439816952,0.6466314507871866,1,1,4
pqa_artificial_2866_hallucinated,0.6878384351730347,0.6941339634446537,0,0,1
pqa_artificial_2878_ground_truth,0.7808564901351929,0.749099543094635,0,0,1
pqa_artificial_2878_hallucinated,0.7892121076583862,0.7036023215147165,0,0,1
pqa_artificial_2887_ground_truth,0.6844791769981384,0.7296354238986968,0,0,1
pqa_artificial_2887_hallucinated,0.7734611630439758,0.683922814130783,0,0,1
pqa_artificial_2895_ground_truth,0.7518598834673563,0.7603892200144511,0,0,3
pqa_artificial_2895_hallucinated,0.6192466020584106,0.6655314449702991,0,0,1
pqa_artificial_2896_ground_truth,0.6338172554969788,0.6531720788478851,0,0,2
pqa_artificial_2896_hallucinated,0.47120872139930725,0.528596104979515,0,0,1
pqa_artificial_2897_ground_truth,0.5901516079902649,0.6642172367042966,0,0,3
pqa_artificial_2897_hallucinated,0.6667553186416626,0.7117287230491638,0,0,1
pqa_artificial_2898_ground_truth,0.6636916399002075,0.6708341479301452,0,0,2
pqa_artificial_2898_hallucinated,0.5529532432556152,0.5731009241250845,0,0,2
pqa_artificial_2900_ground_truth,0.6650232076644897,0.648703058551956,0,0,2
pqa_artificial_2900_hallucinated,0.717343270778656,0.707403447439796,0,0,1
pqa_artificial_2908_ground_truth,0.7578822076320648,0.7573032596281597,0,0,4
pqa_artificial_2908_hallucinated,0.6759861409664154,0.6742442202451182,0,0,2
pqa_artificial_2912_ground_truth,0.7498902281125387,0.7169103391659566,0,0,3
pqa_artificial_2912_hallucinated,0.7414699196815491,0.7202789437770843,0,0,1
pqa_artificial_2913_ground_truth,0.7361285090446472,0.774039956331253,0,0,2
pqa_artificial_2913_hallucinated,0.704257071018219,0.6747446555951062,0,0,1
pqa_artificial_2918_ground_truth,0.7515591979026794,0.7353414385318755,0,0,2
pqa_artificial_2918_hallucinated,0.8785998821258545,0.8462699174880981,0,0,1
pqa_artificial_291_ground_truth,0.6967155536015829,0.6956206870198548,0,0,3
pqa_artificial_291_hallucinated,0.6690384944279989,0.6506378704693471,0,0,3
pqa_artificial_2922_ground_truth,0.7989743947982788,0.8017820763587951,0,0,2
pqa_artificial_2922_hallucinated,0.7118024230003357,0.678261696100235,0,0,1
pqa_artificial_2929_ground_truth,0.588808536529541,0.6172209206256237,0,0,3
pqa_artificial_2929_hallucinated,0.6519865194956461,0.6338763321479011,0,0,3
pqa_artificial_2930_ground_truth,0.5336869955062866,0.5001433968544006,0,0,1
pqa_artificial_2930_hallucinated,0.48398327827453613,0.5687882947921752,0,0,1
pqa_artificial_2932_ground_truth,0.5887300372123718,0.6131110260486603,0,0,1
pqa_artificial_2932_hallucinated,0.8216776847839355,0.8614243793487548,0,0,1
pqa_artificial_2933_ground_truth,0.7888706028461456,0.7638248066076866,0,0,2
pqa_artificial_2933_hallucinated,0.7922741770744324,0.7195919239521027,0,0,1
pqa_artificial_2935_ground_truth,0.5852116942405701,0.567148185968399,0,0,1
pqa_artificial_2935_hallucinated,0.6967061758041382,0.615730037348611,0,0,1
pqa_artificial_2947_ground_truth,0.6196542580922445,0.6106389330455234,0,0,3
pqa_artificial_2947_hallucinated,0.6620282828807831,0.5952520961531941,0,0,2
pqa_artificial_2949_ground_truth,0.6202085614204407,0.6256459929943083,0,0,2
pqa_artificial_2949_hallucinated,0.7209985256195068,0.7346989679336547,0,0,1
pqa_artificial_294_ground_truth,0.8472834825515747,0.7505984377861022,0,0,1
pqa_artificial_294_hallucinated,0.6366661787033081,0.6221369133276098,0,0,1
pqa_artificial_2959_ground_truth,0.937923014163971,0.9565461099147796,0,0,1
pqa_artificial_2959_hallucinated,0.9444559216499329,0.9473691451549529,0,0,1
pqa_artificial_295_ground_truth,0.7259804606437683,0.709292091681407,0,0,2
pqa_artificial_295_hallucinated,0.8185585737228394,0.8422767158917017,0,0,1
pqa_artificial_2963_ground_truth,0.8502004742622375,0.8501403319835662,0,0,1
pqa_artificial_2963_hallucinated,0.8938260078430176,0.8431782054901122,0,0,1
pqa_artificial_2964_ground_truth,0.897748738527298,0.8848824503024418,0,0,2
pqa_artificial_2964_hallucinated,0.9488423466682434,0.9023146426677704,0,0,1
pqa_artificial_2969_ground_truth,0.846339076757431,0.8544439326775701,0,0,2
pqa_artificial_2969_hallucinated,0.8013399243354797,0.7891988166000532,0,0,1
pqa_artificial_2970_ground_truth,0.8196903467178345,0.8383194417975067,0,0,2
pqa_artificial_2970_hallucinated,0.80470871925354,0.770296103477478,0,0,1
pqa_artificial_2978_ground_truth,0.7833515703678131,0.7354294325908024,0,0,2
pqa_artificial_2978_hallucinated,0.742463231086731,0.6937242617607117,0,0,1
pqa_artificial_2988_ground_truth,0.9059292078018188,0.8791504454612732,0,0,1
pqa_artificial_2988_hallucinated,0.8914200067520142,0.8532797190121242,0,0,1
pqa_artificial_2990_ground_truth,0.576130747795105,0.524362952028002,0,0,2
pqa_artificial_2990_hallucinated,0.6480713784694672,0.6370538550888101,0,0,2
pqa_artificial_2992_ground_truth,0.8075406551361084,0.7775284585952759,0,0,2
pqa_artificial_2992_hallucinated,0.8735852241516113,0.8665096569061279,0,0,1
pqa_artificial_2998_ground_truth,0.7954634229342142,0.7515694940931658,0,0,3
pqa_artificial_2998_hallucinated,0.7263952791690826,0.7354959261875886,0,0,2
pqa_artificial_2_ground_truth,0.4066556513309479,0.384432765455473,1,3,5
pqa_artificial_2_hallucinated,0.7682391405105591,0.7599102555002485,0,0,1
pqa_artificial_3006_ground_truth,0.8167765736579895,0.8304936015605926,0,0,1
pqa_artificial_3006_hallucinated,0.7234691381454468,0.7651783967018126,0,0,1
pqa_artificial_3007_ground_truth,0.6341355443000793,0.6313948810100556,0,0,1
pqa_artificial_3007_hallucinated,0.727776288986206,0.7911100689570109,0,0,1
pqa_artificial_300_ground_truth,0.8750083148479462,0.7889120703935624,0,0,2
pqa_artificial_300_hallucinated,0.7295556664466858,0.6956505049742184,0,0,2
pqa_artificial_3012_ground_truth,0.8127374649047852,0.8029162254333495,0,0,1
pqa_artificial_3012_hallucinated,0.7162591814994812,0.6947147603829702,0,0,1
pqa_artificial_3018_ground_truth,0.6530798673629761,0.7021559071540833,0,0,1
pqa_artificial_3018_hallucinated,0.9329935312271118,0.8710954718589783,0,0,1
pqa_artificial_301_ground_truth,0.8603764176368713,0.8122634923458099,0,0,1
pqa_artificial_301_hallucinated,0.7191473841667175,0.691041326811439,0,0,2
pqa_artificial_3021_ground_truth,0.7281045913696289,0.715387499673026,0,0,1
pqa_artificial_3021_hallucinated,0.7180356979370117,0.7426249885559082,0,0,1
pqa_artificial_3023_ground_truth,0.8575104475021362,0.8601573132514954,0,0,5
pqa_artificial_3023_hallucinated,0.8601394146680832,0.8300507038207717,0,0,4
pqa_artificial_3024_ground_truth,0.6505534648895264,0.6772295306858264,0,0,1
pqa_artificial_3024_hallucinated,0.7111475467681885,0.7298621062671437,0,0,1
pqa_artificial_3026_ground_truth,0.6020736744006475,0.6157082875871688,0,0,6
pqa_artificial_3026_hallucinated,0.7159731388092041,0.7138282559899722,0,0,1
pqa_artificial_3031_ground_truth,0.7210893779993057,0.7297555617983935,0,0,4
pqa_artificial_3031_hallucinated,0.5495424568653107,0.5269297198057175,0,0,2
pqa_artificial_3040_ground_truth,0.7385807037353516,0.7562170189305355,0,0,1
pqa_artificial_3040_hallucinated,0.790932297706604,0.7947240369660513,0,0,1
pqa_artificial_3043_ground_truth,0.7945932149887085,0.7920485838254292,0,0,1
pqa_artificial_3043_hallucinated,0.7598963379859924,0.70810390717843,0,0,2
pqa_artificial_3045_ground_truth,0.6257302761077881,0.6472611932754516,0,0,1
pqa_artificial_3045_hallucinated,0.54548379778862,0.5898821367129036,0,0,2
pqa_artificial_3055_ground_truth,0.8384134769439697,0.8203269338607787,0,0,1
pqa_artificial_3055_hallucinated,0.7691408395767212,0.8240507616167483,0,0,1
pqa_artificial_3056_ground_truth,0.6558586657047272,0.6390117802790233,0,0,2
pqa_artificial_3056_hallucinated,0.5382676174243292,0.588435683845382,1,1,3
pqa_artificial_3057_ground_truth,0.8863677382469177,0.8379574167728424,0,0,1
pqa_artificial_3057_hallucinated,0.7037427425384521,0.7376199197769164,0,0,1
pqa_artificial_3069_ground_truth,0.716489315032959,0.7415425205230712,0,0,1
pqa_artificial_3069_hallucinated,0.7965735197067261,0.7799544049711788,0,0,1
pqa_artificial_306_ground_truth,0.7063201665878296,0.7325491166114806,0,0,1
pqa_artificial_306_hallucinated,0.8286157846450806,0.7362810492515564,0,0,1
pqa_artificial_3070_ground_truth,0.608031690120697,0.600750388212693,0,0,2
pqa_artificial_3070_hallucinated,0.6935548186302185,0.680488373041153,0,0,1
pqa_artificial_3071_ground_truth,0.6675696074962616,0.6817104899532654,0,0,2
pqa_artificial_3071_hallucinated,0.7774559855461121,0.758834574497663,0,0,1
pqa_artificial_3077_ground_truth,0.9454346895217896,0.9325937563494632,0,0,2
pqa_artificial_3077_hallucinated,0.8971259593963623,0.8829881715774536,0,0,1
pqa_artificial_3082_ground_truth,0.7663507461547852,0.755874093736921,0,0,2
pqa_artificial_3082_hallucinated,0.7820409536361694,0.7979286675453185,0,0,1
pqa_artificial_3093_ground_truth,0.9563561677932739,0.9104493174552917,0,0,1
pqa_artificial_3093_hallucinated,0.9042237997055054,0.8767066597938538,0,0,1
pqa_artificial_3100_ground_truth,0.7269130051136017,0.6975891035795212,0,0,2
pqa_artificial_3100_hallucinated,0.7460052371025085,0.6272036659717559,0,0,1
pqa_artificial_3103_ground_truth,0.5746421962976456,0.6930828707416852,1,0,2
pqa_artificial_3103_hallucinated,0.5607073754072189,0.6294951627850532,1,0,2
pqa_artificial_3107_ground_truth,0.8040794134140015,0.765355589389801,0,0,1
pqa_artificial_3107_hallucinated,0.8292944431304932,0.8392561101913452,0,0,1
pqa_artificial_3110_ground_truth,0.5938956439495087,0.6217686174313226,0,0,2
pqa_artificial_3110_hallucinated,0.7073035836219788,0.747969651392528,0,0,1
pqa_artificial_3121_ground_truth,0.7922179698944092,0.7720525789260864,0,0,1
pqa_artificial_3121_hallucinated,0.9426001310348511,0.9103200917243957,0,0,1
pqa_artificial_3123_ground_truth,0.737999826669693,0.7592763492570204,0,0,2
pqa_artificial_3123_hallucinated,0.8966116309165955,0.8376281416416167,0,0,1
pqa_artificial_312_ground_truth,0.6887547969818115,0.707128357887268,0,0,1
pqa_artificial_312_hallucinated,0.7459555864334106,0.7179189105033874,0,0,1
pqa_artificial_3135_ground_truth,0.7827697396278381,0.7505509972266662,0,0,3
pqa_artificial_3135_hallucinated,0.8772462606430054,0.8445986982395775,0,0,1
pqa_artificial_3137_ground_truth,0.6589947938919067,0.5934838557243347,0,0,1
pqa_artificial_3137_hallucinated,0.8827686309814453,0.8904380416870117,0,0,1
pqa_artificial_3150_ground_truth,0.7759199142456055,0.6770725114004952,0,0,1
pqa_artificial_3150_hallucinated,0.7557777166366577,0.6865444016456603,0,0,1
pqa_artificial_3162_ground_truth,0.6694353818893433,0.6980038057840787,0,0,2
pqa_artificial_3162_hallucinated,0.8694854974746704,0.8016398482322693,0,0,1
pqa_artificial_3163_ground_truth,0.8092856407165527,0.7764999485015869,0,0,1
pqa_artificial_3163_hallucinated,0.7672269344329834,0.7450588541030883,0,0,1
pqa_artificial_3169_ground_truth,0.8136714398860931,0.7588579336168597,0,0,2
pqa_artificial_3169_hallucinated,0.8295797109603882,0.8112321134617454,0,0,1
pqa_artificial_3173_ground_truth,0.6827763915061951,0.6444077597686222,0,0,3
pqa_artificial_3173_hallucinated,0.7525579929351807,0.7007905950546265,0,0,1
pqa_artificial_3176_ground_truth,0.7336822748184204,0.7275558532424595,0,0,2
pqa_artificial_3176_hallucinated,0.6865491271018982,0.6830191715800243,0,0,2
pqa_artificial_31_ground_truth,0.5951738953590393,0.6478717267513275,0,0,2
pqa_artificial_31_hallucinated,0.5694758296012878,0.5987646596682699,0,0,2
pqa_artificial_3205_ground_truth,0.6729426383972168,0.7017054512736561,0,0,2
pqa_artificial_3205_hallucinated,0.7348881661891937,0.6893394794903303,0,0,2
pqa_artificial_3207_ground_truth,0.6459580659866333,0.6425488513188484,0,0,3
pqa_artificial_3207_hallucinated,0.7459370493888855,0.6749684345722199,0,0,1
pqa_artificial_320_ground_truth,0.7129855155944824,0.6290898609161376,0,0,1
pqa_artificial_320_hallucinated,0.6948153972625732,0.7038707780838013,0,0,1
pqa_artificial_3215_ground_truth,0.7323155999183655,0.7058562140605029,0,0,1
pqa_artificial_3215_hallucinated,0.7988040447235107,0.7457253313064576,0,0,1
pqa_artificial_3216_ground_truth,0.7553295940160751,0.7557298000603369,0,0,4
pqa_artificial_3216_hallucinated,0.3814766854047775,0.4155119406529095,2,2,3
pqa_artificial_321_ground_truth,0.6437942683696747,0.6285052525646546,0,0,2
pqa_artificial_321_hallucinated,0.5388832688331604,0.5740932881832123,0,0,1
pqa_artificial_3223_ground_truth,0.7244109511375427,0.6812607427193568,0,0,3
pqa_artificial_3223_hallucinated,0.7706390619277954,0.7544473433494567,0,0,1
pqa_artificial_3224_ground_truth,0.5333069264888763,0.5312835985422134,0,0,2
pqa_artificial_3224_hallucinated,0.6107535362243652,0.6299560467856271,0,0,2
pqa_artificial_3228_ground_truth,0.8282198905944824,0.8235039234161377,0,0,1
pqa_artificial_3228_hallucinated,0.8280547857284546,0.8435446000099182,0,0,1
pqa_artificial_3232_ground_truth,0.9243685007095337,0.8482344210849089,0,0,1
pqa_artificial_3232_hallucinated,0.8948689699172974,0.7921582789421082,0,0,1
pqa_artificial_3233_ground_truth,0.5335378348827362,0.5480984261770752,0,0,7
pqa_artificial_3233_hallucinated,0.5785800218582153,0.6018261907393473,0,0,3
pqa_artificial_3234_ground_truth,0.6108812093734741,0.6048043465614319,1,1,2
pqa_artificial_3234_hallucinated,0.8514145612716675,0.7369901928901672,0,0,1
pqa_artificial_3235_ground_truth,0.5855116248130798,0.6025504450614636,0,0,2
pqa_artificial_3235_hallucinated,0.613856315612793,0.587199420928955,0,0,1
pqa_artificial_3236_ground_truth,0.894844651222229,0.8438912558555602,0,0,1
pqa_artificial_3236_hallucinated,0.6699550151824951,0.6547377413969773,0,0,1
pqa_artificial_3240_ground_truth,0.8118140697479248,0.8175006180543166,0,0,1
pqa_artificial_3240_hallucinated,0.8390462398529053,0.8423323678970337,0,0,1
pqa_artificial_3246_ground_truth,0.7078230579694113,0.7081428072452546,0,0,3
pqa_artificial_3246_hallucinated,0.6507947444915771,0.6455563211441039,0,0,3
pqa_artificial_3261_ground_truth,0.8072437196969986,0.7759783418831371,0,0,4
pqa_artificial_3261_hallucinated,0.788881778717041,0.7287557066403902,0,0,1
pqa_artificial_3262_ground_truth,0.5156872868537903,0.5458437381602905,0,0,2
pqa_artificial_3262_hallucinated,0.6432119309902191,0.6539983516931533,0,0,2
pqa_artificial_3263_ground_truth,0.7541606426239014,0.7969749498367309,0,0,1
pqa_artificial_3263_hallucinated,0.7446505427360535,0.7332553799152374,0,0,2
pqa_artificial_3265_ground_truth,0.7068016529083252,0.6988765416512122,0,0,2
pqa_artificial_3265_hallucinated,0.6987003087997437,0.6740902161598206,0,0,1
pqa_artificial_3268_ground_truth,0.8474377393722534,0.8107064175605774,0,0,1
pqa_artificial_3268_hallucinated,0.7535823583602905,0.7375076508522034,0,0,1
pqa_artificial_3269_ground_truth,0.5287060216069221,0.542882676663307,2,1,4
pqa_artificial_3269_hallucinated,0.6678929924964905,0.5707603888651903,0,0,1
pqa_artificial_326_ground_truth,0.8062615394592285,0.7855595482096952,0,0,1
pqa_artificial_326_hallucinated,0.8219968527555466,0.7900452328263186,0,0,4
pqa_artificial_3276_ground_truth,0.6577708423137665,0.6178568690314012,0,0,2
pqa_artificial_3276_hallucinated,0.765940934419632,0.7224044734917356,0,0,2
pqa_artificial_3279_ground_truth,0.8426463901996613,0.8323167588540485,0,0,2
pqa_artificial_3279_hallucinated,0.7679222226142883,0.7772598415442876,0,0,2
pqa_artificial_3284_ground_truth,0.8014144003391266,0.7805525802373887,0,0,2
pqa_artificial_3284_hallucinated,0.6788812875747681,0.696645472730909,0,0,1
pqa_artificial_3286_ground_truth,0.6864128708839417,0.7134056762854257,0,0,2
pqa_artificial_3286_hallucinated,0.5756601691246033,0.56471692607953,0,0,2
pqa_artificial_3289_ground_truth,0.8746979832649231,0.8242357036700616,0,0,2
pqa_artificial_3289_hallucinated,0.8585723042488098,0.723143470117024,0,0,1
pqa_artificial_3297_ground_truth,0.7892153660456339,0.8168317086128961,0,0,3
pqa_artificial_3297_hallucinated,0.7090466916561127,0.6634139341592789,0,0,2
pqa_artificial_3314_ground_truth,0.8322590390841166,0.8022381901039797,0,0,3
pqa_artificial_3314_hallucinated,0.8037537336349487,0.8140982017797582,0,0,1
pqa_artificial_3325_ground_truth,0.8125220239162445,0.7544623476876626,0,0,2
pqa_artificial_3325_hallucinated,0.8128440380096436,0.7864908266067505,0,0,1
pqa_artificial_3330_ground_truth,0.633003443479538,0.6482274104356766,0,0,2
pqa_artificial_3330_hallucinated,0.8735413551330566,0.8784789485931396,0,0,1
pqa_artificial_3346_ground_truth,0.8065000176429749,0.7916259052072252,0,0,2
pqa_artificial_3346_hallucinated,0.7232134938240051,0.6902137313910892,0,0,2
pqa_artificial_3348_ground_truth,0.5764691010117531,0.6091756921367986,0,0,4
pqa_artificial_3348_hallucinated,0.6993623375892639,0.7253869696458181,0,0,1
pqa_artificial_334_ground_truth,0.6786140203475952,0.6815682757817783,0,0,1
pqa_artificial_334_hallucinated,0.8328184485435486,0.7992229139804841,0,0,2
pqa_artificial_3350_ground_truth,0.6488507390022278,0.6503493634554056,0,0,2
pqa_artificial_3350_hallucinated,0.7168905735015869,0.7076567347844442,0,0,1
pqa_artificial_3351_ground_truth,0.9010075926780701,0.8318817854628843,0,0,1
pqa_artificial_3351_hallucinated,0.9163508415222168,0.7839455890655517,0,0,1
pqa_artificial_3355_ground_truth,0.8962874710559845,0.8607666143545738,0,0,2
pqa_artificial_3355_hallucinated,0.8138353824615479,0.7846847677230834,0,0,1
pqa_artificial_3356_ground_truth,0.8291724522908529,0.7953886653215457,0,0,3
pqa_artificial_3356_hallucinated,0.6452953219413757,0.6305757729780106,0,0,2
pqa_artificial_3360_ground_truth,0.8049005270004272,0.8246068394885344,0,0,1
pqa_artificial_3360_hallucinated,0.9549682140350342,0.9384777498245239,0,0,1
pqa_artificial_3362_ground_truth,0.7807801961898804,0.7805461373329162,0,0,1
pqa_artificial_3362_hallucinated,0.47589388489723206,0.4681257194280624,0,0,1
pqa_artificial_3396_ground_truth,0.7214829921722412,0.7656263298146865,0,0,3
pqa_artificial_3396_hallucinated,0.7183870077133179,0.7145375720659891,0,0,1
pqa_artificial_3403_ground_truth,0.7035589218139648,0.7353117580902883,0,0,3
pqa_artificial_3403_hallucinated,0.7559990882873535,0.7961993618011475,0,0,1
pqa_artificial_3408_ground_truth,0.67818683385849,0.664730783700943,0,0,1
pqa_artificial_3408_hallucinated,0.6145076155662537,0.5835527667938134,0,0,2
pqa_artificial_3414_ground_truth,0.8085901737213135,0.820179788271586,0,0,1
pqa_artificial_3414_hallucinated,0.5921342968940735,0.6033967856036293,0,0,2
pqa_artificial_3417_ground_truth,0.7752496600151062,0.8132104762962886,0,0,2
pqa_artificial_3417_hallucinated,0.7223597168922424,0.7689851351579029,0,0,2
pqa_artificial_3418_ground_truth,0.543798416852951,0.5435755584637324,0,0,2
pqa_artificial_3418_hallucinated,0.6565041542053223,0.6824100508008685,0,0,1
pqa_artificial_341_ground_truth,0.765531063079834,0.7724102056943454,0,0,1
pqa_artificial_341_hallucinated,0.8098341822624207,0.7553214275836945,0,0,1
pqa_artificial_3420_ground_truth,0.8132398724555969,0.7959345773855845,0,0,1
pqa_artificial_3420_hallucinated,0.7814222574234009,0.7974955801963806,0,0,1
pqa_artificial_3425_ground_truth,0.6919330358505249,0.6864119486247792,0,0,1
pqa_artificial_3425_hallucinated,0.7177184224128723,0.6392778956890106,0,0,1
pqa_artificial_3426_ground_truth,0.7002491056919098,0.7366029454129084,0,0,2
pqa_artificial_3426_hallucinated,0.7404651641845703,0.7770756149291991,0,0,1
pqa_artificial_3429_ground_truth,0.8071943521499634,0.8031610465049743,0,0,1
pqa_artificial_3429_hallucinated,0.691028892993927,0.6945416536671775,0,0,2
pqa_artificial_3434_ground_truth,0.7676843504110972,0.7468234897322125,0,0,3
pqa_artificial_3434_hallucinated,0.6046769022941589,0.5732738316059113,1,1,2
pqa_artificial_3457_ground_truth,0.8347505927085876,0.8843254148960114,0,0,1
pqa_artificial_3457_hallucinated,0.846028208732605,0.8819072461128235,0,0,1
pqa_artificial_3461_ground_truth,0.7306941747665405,0.7335692556699116,0,0,2
pqa_artificial_3461_hallucinated,0.9133298993110657,0.8763309295177459,0,0,1
pqa_artificial_3466_ground_truth,0.6774797439575195,0.6642358207702637,0,0,1
pqa_artificial_3466_hallucinated,0.7253669500350952,0.6377568650245666,0,0,1
pqa_artificial_3471_ground_truth,0.9058206081390381,0.84240775903066,0,0,1
pqa_artificial_3471_hallucinated,0.8157446980476379,0.7798674424795004,0,0,1
pqa_artificial_3473_ground_truth,0.734471321105957,0.7407965914408365,0,0,1
pqa_artificial_3473_hallucinated,0.6737849712371826,0.6698073746028699,0,0,1
pqa_artificial_3476_ground_truth,0.6423705816268921,0.6296594071388244,0,0,1
pqa_artificial_3476_hallucinated,0.6343985795974731,0.6153290057182312,0,0,1
pqa_artificial_3477_ground_truth,0.869293212890625,0.8175677490234375,0,0,1
pqa_artificial_3477_hallucinated,0.69434654712677,0.6943759163220723,0,0,1
pqa_artificial_3488_ground_truth,0.7496293187141418,0.7372405230998992,0,0,2
pqa_artificial_3488_hallucinated,0.7754843235015869,0.7823390264511108,0,0,2
pqa_artificial_3490_ground_truth,0.8370838165283203,0.7952086715698241,0,0,1
pqa_artificial_3490_hallucinated,0.904735803604126,0.857161216369042,0,0,1
pqa_artificial_3491_ground_truth,0.7092147946357727,0.7486217848164693,0,0,5
pqa_artificial_3491_hallucinated,0.6796829998493195,0.7345280998945236,0,0,2
pqa_artificial_3492_ground_truth,0.8555268049240112,0.8253687634468079,0,0,1
pqa_artificial_3492_hallucinated,0.8972926735877991,0.8981048715114593,0,0,1
pqa_artificial_3498_ground_truth,0.830011248588562,0.7820078740119933,0,0,1
pqa_artificial_3498_hallucinated,0.8580379486083984,0.8326853875552906,0,0,1
pqa_artificial_3512_ground_truth,0.6720945239067078,0.6761804524489811,0,0,1
pqa_artificial_3512_hallucinated,0.7148846983909607,0.7037526222070059,0,0,1
pqa_artificial_352_ground_truth,0.8269120454788208,0.7672759318351745,0,0,1
pqa_artificial_352_hallucinated,0.8500837087631226,0.7525585961341857,0,0,1
pqa_artificial_3534_ground_truth,0.7975637912750244,0.769669653892517,0,0,2
pqa_artificial_3534_hallucinated,0.8562922477722168,0.7738782576510781,0,0,1
pqa_artificial_3536_ground_truth,0.8085965911547343,0.797267613808314,0,0,3
pqa_artificial_3536_hallucinated,0.713981032371521,0.6455010083743504,0,0,1
pqa_artificial_3539_ground_truth,0.8996537923812866,0.8697576546669006,0,0,1
pqa_artificial_3539_hallucinated,0.8504653573036194,0.8023257501125336,0,0,1
pqa_artificial_3548_ground_truth,0.7149470746517181,0.699421285589536,0,0,2
pqa_artificial_3548_hallucinated,0.7325944900512695,0.7193546045743502,0,0,1
pqa_artificial_3554_ground_truth,0.7601370811462402,0.7411584568023681,0,0,2
pqa_artificial_3554_hallucinated,0.8421773910522461,0.7809947619718663,0,0,1
pqa_artificial_3568_ground_truth,0.64851842323939,0.6529311502358269,1,0,3
pqa_artificial_3568_hallucinated,0.680429682135582,0.6832860716125544,0,0,2
pqa_artificial_356_ground_truth,0.7984274327754974,0.8020465243714197,0,0,2
pqa_artificial_356_hallucinated,0.7819833755493164,0.7855133628845214,0,0,1
pqa_artificial_3574_ground_truth,0.7250826954841614,0.7368436011246271,0,0,1
pqa_artificial_3574_hallucinated,0.712081789970398,0.6747072529792785,0,0,1
pqa_artificial_3576_ground_truth,0.7222116589546204,0.7725481612682342,0,0,1
pqa_artificial_3576_hallucinated,0.7892711162567139,0.7493647813796996,0,0,1
pqa_artificial_3579_ground_truth,0.6911179423332214,0.7287825596332549,0,0,2
pqa_artificial_3579_hallucinated,0.8671879768371582,0.7954690837860108,0,0,1
pqa_artificial_3585_ground_truth,0.716785192489624,0.6986246347427368,0,0,1
pqa_artificial_3585_hallucinated,0.6899755001068115,0.6576257072176253,0,0,1
pqa_artificial_3587_ground_truth,0.7644269168376923,0.7358488417863844,0,0,2
pqa_artificial_3587_hallucinated,0.7486162781715393,0.7986467793354621,0,0,1
pqa_artificial_358_ground_truth,0.5812960565090179,0.5914072395563126,0,0,2
pqa_artificial_358_hallucinated,0.8015761375427246,0.7786032962799072,0,0,1
pqa_artificial_3592_ground_truth,0.6449781656265259,0.6342411261949783,0,0,2
pqa_artificial_3592_hallucinated,0.7961447238922119,0.7457388067245483,0,0,1
pqa_artificial_3594_ground_truth,0.7500481009483337,0.6990336706638336,0,0,1
pqa_artificial_3594_hallucinated,0.7220526933670044,0.679436885356903,0,0,1
pqa_artificial_3595_ground_truth,0.750792384147644,0.7268046689033507,0,0,2
pqa_artificial_3595_hallucinated,0.8961243629455566,0.8282870540618896,0,0,1
pqa_artificial_3596_ground_truth,0.7225072979927063,0.7507551085948944,0,0,1
pqa_artificial_3596_hallucinated,0.9599732160568237,0.9569812512397766,0,0,1
pqa_artificial_3602_ground_truth,0.7781575918197632,0.7844722190357389,0,0,2
pqa_artificial_3602_hallucinated,0.696956992149353,0.7053698945045471,0,0,1
pqa_artificial_3613_ground_truth,0.7015803456306458,0.6858284641636743,0,0,2
pqa_artificial_3613_hallucinated,0.7064254283905029,0.6571650239536195,0,0,2
pqa_artificial_3614_ground_truth,0.8252813816070557,0.7834112528392246,0,0,1
pqa_artificial_3614_hallucinated,0.7951657772064209,0.7306160440444947,0,0,1
pqa_artificial_3615_ground_truth,0.6551638841629028,0.6951531804524935,0,0,1
pqa_artificial_3615_hallucinated,0.586262583732605,0.6462171419461569,0,0,1
pqa_artificial_3617_ground_truth,0.8883123993873596,0.8543186795711517,0,0,1
pqa_artificial_3617_hallucinated,0.8833014965057373,0.8770610475540161,0,0,1
pqa_artificial_3628_ground_truth,0.7603509426116943,0.7622456598281859,0,0,1
pqa_artificial_3628_hallucinated,0.7913230657577515,0.6905928126970926,0,0,1
pqa_artificial_362_ground_truth,0.7901439666748047,0.7706007766723633,0,0,1
pqa_artificial_362_hallucinated,0.7197444438934326,0.7200184791464554,0,0,2
pqa_artificial_3631_ground_truth,0.7252633174260458,0.7000652745791843,0,0,3
pqa_artificial_3631_hallucinated,0.7253998517990112,0.6534941819735935,0,0,1
pqa_artificial_3632_ground_truth,0.7947720885276794,0.7634237953027089,0,0,2
pqa_artificial_3632_hallucinated,0.8842380046844482,0.8718237461362566,0,0,1
pqa_artificial_3635_ground_truth,0.7096084952354431,0.7166321966648102,0,0,2
pqa_artificial_3635_hallucinated,0.764312207698822,0.7055448611786491,0,0,1
pqa_artificial_3637_ground_truth,0.9551886320114136,0.9201026306432836,0,0,1
pqa_artificial_3637_hallucinated,0.9355306625366211,0.9033089637756347,0,0,1
pqa_artificial_3647_ground_truth,0.6332216262817383,0.6536837098257882,0,0,2
pqa_artificial_3647_hallucinated,0.7627823948860168,0.6839476764202117,0,0,1
pqa_artificial_3649_ground_truth,0.7751548290252686,0.7279515175725899,0,0,2
pqa_artificial_3649_hallucinated,0.6175428330898285,0.5954585545914513,0,0,2
pqa_artificial_364_ground_truth,0.8223839402198792,0.7931687581539154,0,0,1
pqa_artificial_364_hallucinated,0.7338577508926392,0.652271854196276,0,0,1
pqa_artificial_3657_ground_truth,0.8365492820739746,0.7693344974517822,0,0,1
pqa_artificial_3657_hallucinated,0.8627750277519226,0.8730050194263459,0,0,1
pqa_artificial_3658_ground_truth,0.8181773026784261,0.8253630007637871,0,0,3
pqa_artificial_3658_hallucinated,0.7406136989593506,0.7221795892715454,0,0,1
pqa_artificial_3659_ground_truth,0.6826033592224121,0.6963044943128314,0,0,2
pqa_artificial_3659_hallucinated,0.6435667276382446,0.6679967093467712,0,0,1
pqa_artificial_3674_ground_truth,0.7125615874926249,0.680908495860222,0,0,3
pqa_artificial_3674_hallucinated,0.8705147504806519,0.8763603253364562,0,0,1
pqa_artificial_3682_ground_truth,0.8176781535148621,0.7812208613065572,0,0,1
pqa_artificial_3682_hallucinated,0.7391944527626038,0.7124361169338227,0,0,1
pqa_artificial_3690_ground_truth,0.5281816720962524,0.5918105038007101,1,0,3
pqa_artificial_3690_hallucinated,0.6688382625579834,0.6666483222521269,0,0,1
pqa_artificial_3694_ground_truth,0.5925104220708212,0.6126265764953264,0,0,3
pqa_artificial_3694_hallucinated,0.7176038026809692,0.6845726618766784,0,0,1
pqa_artificial_3696_ground_truth,0.6244687139987946,0.6020639972350537,0,0,2
pqa_artificial_3696_hallucinated,0.8102002143859863,0.7391989735996022,0,0,1
pqa_artificial_3699_ground_truth,0.6119498163461685,0.5991341022115487,0,0,2
pqa_artificial_3699_hallucinated,0.8285633325576782,0.7785657613618033,0,0,2
pqa_artificial_3703_ground_truth,0.7295480966567993,0.7611836676597594,0,0,1
pqa_artificial_3703_hallucinated,0.7506169676780701,0.770431877374649,0,0,1
pqa_artificial_3704_ground_truth,0.8048725128173828,0.720021870083279,0,0,2
pqa_artificial_3704_hallucinated,0.8640197515487671,0.8200638260841369,0,0,1
pqa_artificial_3708_ground_truth,0.6732245981693268,0.6709879879492979,0,0,2
pqa_artificial_3708_hallucinated,0.5812632540861765,0.6110441968886636,1,0,3
pqa_artificial_3709_ground_truth,0.5383559465408325,0.5996696753990957,0,0,3
pqa_artificial_3709_hallucinated,0.7173610925674438,0.6709027647972107,0,0,2
pqa_artificial_370_ground_truth,0.7648165822029114,0.8055799408753712,0,0,2
pqa_artificial_370_hallucinated,0.7666947841644287,0.6990392900915706,0,0,1
pqa_artificial_3711_ground_truth,0.43879902362823486,0.45059681653976436,1,1,2
pqa_artificial_3711_hallucinated,0.7902735471725464,0.7311914830207825,0,0,1
pqa_artificial_3713_ground_truth,0.7174278497695923,0.6949494948387146,0,0,1
pqa_artificial_3713_hallucinated,0.7975931316614151,0.7404116207344191,0,0,4
pqa_artificial_3714_ground_truth,0.930442214012146,0.8800595498085022,0,0,1
pqa_artificial_3714_hallucinated,0.6510598063468933,0.6732418644428253,0,0,1
pqa_artificial_3715_ground_truth,0.8252217173576355,0.827437810845997,0,0,1
pqa_artificial_3715_hallucinated,0.8480405807495117,0.8046998350960868,0,0,1
pqa_artificial_3717_ground_truth,0.31806473433971405,0.4172286473711332,2,0,2
pqa_artificial_3717_hallucinated,0.47500255703926086,0.5063253193392473,0,0,1
pqa_artificial_3719_ground_truth,0.8998613357543945,0.8611172207423619,0,0,2
pqa_artificial_3719_hallucinated,0.8881614208221436,0.8328668407293466,0,0,1
pqa_artificial_3720_ground_truth,0.9248193502426147,0.8731235451698303,0,0,1
pqa_artificial_3720_hallucinated,0.9035646915435791,0.8554952840805053,0,0,1
pqa_artificial_3722_ground_truth,0.7500624060630798,0.7092436842441558,0,0,1
pqa_artificial_3722_hallucinated,0.7705597877502441,0.7654632799965995,0,0,1
pqa_artificial_3727_ground_truth,0.8037015795707703,0.7800911056995392,0,0,1
pqa_artificial_3727_hallucinated,0.840377688407898,0.7892643818855285,0,0,1
pqa_artificial_3728_ground_truth,0.5997358361879984,0.6229634369799505,0,0,3
pqa_artificial_3728_hallucinated,0.5045669674873352,0.5166968772411347,0,0,1
pqa_artificial_3729_ground_truth,0.7099849283695221,0.6866126116233713,0,0,2
pqa_artificial_3729_hallucinated,0.6873239278793335,0.6337738083390628,0,0,1
pqa_artificial_3731_ground_truth,0.813775897026062,0.7996431279182433,0,0,1
pqa_artificial_3731_hallucinated,0.6275721788406372,0.6413593487178578,0,0,1
pqa_artificial_3733_ground_truth,0.8516020774841309,0.7503214542388915,0,0,1
pqa_artificial_3733_hallucinated,0.8978296518325806,0.8177115255135756,0,0,1
pqa_artificial_3737_ground_truth,0.7162871360778809,0.7244009952545165,0,0,2
pqa_artificial_3737_hallucinated,0.9405215382575989,0.8798356650156133,0,0,1
pqa_artificial_3739_ground_truth,0.6932962536811829,0.6115142741285521,0,0,1
pqa_artificial_3739_hallucinated,0.7813228368759155,0.6740312489710355,0,0,1
pqa_artificial_3740_ground_truth,0.597400426864624,0.591628101003039,0,0,2
pqa_artificial_3740_hallucinated,0.6780220866203308,0.6603846914034623,0,0,1
pqa_artificial_3746_ground_truth,0.5923269391059875,0.5390733018186357,0,0,1
pqa_artificial_3746_hallucinated,0.7321924567222595,0.6562847197055817,0,0,1
pqa_artificial_3750_ground_truth,0.703964114189148,0.7185248799324035,0,0,2
pqa_artificial_3750_hallucinated,0.7127712368965149,0.7109398658275604,0,0,1
pqa_artificial_3752_ground_truth,0.6177812218666077,0.6968218553066254,0,0,2
pqa_artificial_3752_hallucinated,0.8368254899978638,0.8417778429985046,0,0,1
pqa_artificial_3753_ground_truth,0.8012562990188599,0.7065936950274876,0,0,1
pqa_artificial_3753_hallucinated,0.7814188599586487,0.788757907853407,0,0,1
pqa_artificial_3756_ground_truth,0.6459213048219681,0.6613047691446083,0,0,8
pqa_artificial_3756_hallucinated,0.6663046479225159,0.6472027272299716,0,0,1
pqa_artificial_3757_ground_truth,0.9096338748931885,0.8245214902030096,0,0,1
pqa_artificial_3757_hallucinated,0.7771456837654114,0.765472566871082,0,0,1
pqa_artificial_375_ground_truth,0.6035203337669373,0.6367289395192091,0,0,2
pqa_artificial_375_hallucinated,0.6233899593353271,0.653872971534729,0,0,1
pqa_artificial_3761_ground_truth,0.7268672784169515,0.7079975710823422,0,0,3
pqa_artificial_3761_hallucinated,0.671271413564682,0.6016087394952774,0,0,2
pqa_artificial_3768_ground_truth,0.8358572721481323,0.8101000905036926,0,0,1
pqa_artificial_3768_hallucinated,0.877299427986145,0.775648061128763,0,0,1
pqa_artificial_3770_ground_truth,0.7990590333938599,0.8133317079910864,0,0,2
pqa_artificial_3770_hallucinated,0.8161149024963379,0.7597179317474365,0,0,1
pqa_artificial_3772_ground_truth,0.8164237141609192,0.8302465999126434,0,0,1
pqa_artificial_3772_hallucinated,0.7167307138442993,0.6868543568338666,0,0,2
pqa_artificial_377_ground_truth,0.8136773705482483,0.7598866593837738,0,0,2
pqa_artificial_377_hallucinated,0.5161861181259155,0.5788302826881409,0,0,1
pqa_artificial_3783_ground_truth,0.6525670886039734,0.662511247737067,0,0,1
pqa_artificial_3783_hallucinated,0.6276236474514008,0.6399615532159805,0,0,2
pqa_artificial_3784_ground_truth,0.8459095358848572,0.8316009608336857,0,0,2
pqa_artificial_3784_hallucinated,0.825939416885376,0.7747365391881842,0,0,1
pqa_artificial_3789_ground_truth,0.605591356754303,0.641413949728012,0,0,2
pqa_artificial_3789_hallucinated,0.771621584892273,0.780135109424591,0,0,1
pqa_artificial_3793_ground_truth,0.7155899703502655,0.7084129792451859,0,0,2
pqa_artificial_3793_hallucinated,0.7980611324310303,0.7891691084911948,0,0,1
pqa_artificial_379_ground_truth,0.6240828931331635,0.6662988146668986,0,0,2
pqa_artificial_379_hallucinated,0.6436977386474609,0.6207807247455303,0,0,1
pqa_artificial_3808_ground_truth,0.6619346141815186,0.6991875632603963,0,0,1
pqa_artificial_3808_hallucinated,0.5298615097999573,0.5862601997171129,0,0,2
pqa_artificial_3809_ground_truth,0.6332083940505981,0.6354333758354187,0,0,1
pqa_artificial_3809_hallucinated,0.7293730974197388,0.6720996297322787,0,0,1
pqa_artificial_3810_ground_truth,0.7164770364761353,0.7340339255332947,0,0,1
pqa_artificial_3810_hallucinated,0.8573867082595825,0.8710530487228841,0,0,1
pqa_artificial_3812_ground_truth,0.8052939772605896,0.8037057840824127,0,0,1
pqa_artificial_3812_hallucinated,0.7976675629615784,0.788089516295327,0,0,2
pqa_artificial_3815_ground_truth,0.5314355343580246,0.585274104819848,0,0,2
pqa_artificial_3815_hallucinated,0.889198362827301,0.8193138539791107,0,0,1
pqa_artificial_3816_ground_truth,0.7998180091381073,0.7993726063966751,0,0,2
pqa_artificial_3816_hallucinated,0.832395076751709,0.8139265537261962,0,0,1
pqa_artificial_3817_ground_truth,0.8997523784637451,0.8267016649246216,0,0,1
pqa_artificial_3817_hallucinated,0.8705824613571167,0.8269077229499817,0,0,1
pqa_artificial_3827_ground_truth,0.6558617949485779,0.6648175421782901,0,0,1
pqa_artificial_3827_hallucinated,0.7277277708053589,0.7740522967066084,0,0,1
pqa_artificial_3829_ground_truth,0.7559340000152588,0.7269663000106812,0,0,1
pqa_artificial_3829_hallucinated,0.6434673070907593,0.6679271149635315,0,0,1
pqa_artificial_3831_ground_truth,0.9256970882415771,0.8499110386921809,0,0,1
pqa_artificial_3831_hallucinated,0.88313889503479,0.7525972265243529,0,0,1
pqa_artificial_3832_ground_truth,0.41752906143665314,0.45752034300565714,0,0,2
pqa_artificial_3832_hallucinated,0.5199616700410843,0.4911524453445485,1,1,2
pqa_artificial_3834_ground_truth,0.676145389676094,0.6778374870589801,0,0,2
pqa_artificial_3834_hallucinated,0.6589817553758621,0.6431622287631034,0,0,2
pqa_artificial_3837_ground_truth,0.7137712240219116,0.7116398568153381,0,0,1
pqa_artificial_3837_hallucinated,0.8002296686172485,0.8085982680320739,0,0,1
pqa_artificial_383_ground_truth,0.78421550989151,0.7235133569240569,0,0,2
pqa_artificial_383_hallucinated,0.6851330399513245,0.6806868779659271,0,0,2
pqa_artificial_3842_ground_truth,0.6796297430992126,0.6814551058837345,0,0,1
pqa_artificial_3842_hallucinated,0.6356322169303894,0.6899425518512725,0,0,1
pqa_artificial_3853_ground_truth,0.8425909876823425,0.8256470247109731,0,0,1
pqa_artificial_3853_hallucinated,0.7574631571769714,0.78072421002388,0,0,1
pqa_artificial_3864_ground_truth,0.7975930869579315,0.818565160870552,0,0,2
pqa_artificial_3864_hallucinated,0.9288872480392456,0.9248364582428565,0,0,1
pqa_artificial_3867_ground_truth,0.7530173063278198,0.7821121144294738,0,0,1
pqa_artificial_3867_hallucinated,0.8208038806915283,0.8333127164840697,0,0,1
pqa_artificial_3873_ground_truth,0.8233691453933716,0.71885840177536,0,0,1
pqa_artificial_3873_hallucinated,0.7947584390640259,0.6838309073448181,0,0,1
pqa_artificial_3882_ground_truth,0.677740603685379,0.6813112797226224,0,0,2
pqa_artificial_3882_hallucinated,0.6852312088012695,0.6347900512890937,0,0,3
pqa_artificial_3883_ground_truth,0.7003240585327148,0.726765302511362,0,0,1
pqa_artificial_3883_hallucinated,0.896082878112793,0.846633014678955,0,0,1
pqa_artificial_3884_ground_truth,0.686337947845459,0.6704365634918212,0,0,2
pqa_artificial_3884_hallucinated,0.6519043445587158,0.6928715027295625,0,0,1
pqa_artificial_3886_ground_truth,0.718539035320282,0.692293991390864,0,0,5
pqa_artificial_3886_hallucinated,0.676750898361206,0.6095151025370547,0,0,1
pqa_artificial_3888_ground_truth,0.8426935970783234,0.8248855179548262,0,0,2
pqa_artificial_3888_hallucinated,0.8503929376602173,0.745275056362152,0,0,1
pqa_artificial_3906_ground_truth,0.7005158960819244,0.735361127257347,0,0,2
pqa_artificial_3906_hallucinated,0.8323873281478882,0.8166711297035216,0,0,1
pqa_artificial_3912_ground_truth,0.7846600015958151,0.7605184113734808,0,0,3
pqa_artificial_3912_hallucinated,0.7808737754821777,0.7366116428375244,0,0,1
pqa_artificial_3919_ground_truth,0.685135543346405,0.6820948803424836,0,0,2
pqa_artificial_3919_hallucinated,0.7045784592628479,0.6582049214839935,0,0,1
pqa_artificial_3924_ground_truth,0.6851178407669067,0.7135824885368347,0,0,1
pqa_artificial_3924_hallucinated,0.7080273628234863,0.721690582547869,0,0,1
pqa_artificial_393_ground_truth,0.6700868606567383,0.6548300332289475,0,0,1
pqa_artificial_393_hallucinated,0.6236220598220825,0.6553397897015447,0,0,2
pqa_artificial_3951_ground_truth,0.5998562276363373,0.6670147439608207,0,0,2
pqa_artificial_3951_hallucinated,0.6288493275642395,0.6218099139103523,0,0,2
pqa_artificial_3952_ground_truth,0.6464042067527771,0.6935543732983726,0,0,2
pqa_artificial_3952_hallucinated,0.6247150599956512,0.6393005419969559,0,0,2
pqa_artificial_3954_ground_truth,0.9284178018569946,0.9086424612998962,0,0,1
pqa_artificial_3954_hallucinated,0.7539211213588715,0.7314233563797814,0,0,2
pqa_artificial_3958_ground_truth,0.8303859233856201,0.792020146369934,0,0,1
pqa_artificial_3958_hallucinated,0.8071586489677429,0.7704496507686481,0,0,2
pqa_artificial_395_ground_truth,0.510201952287129,0.5153366902990314,1,0,7
pqa_artificial_395_hallucinated,0.7483720779418945,0.6809657177172209,0,0,1
pqa_artificial_3964_ground_truth,0.6489372253417969,0.6717560577392578,0,0,1
pqa_artificial_3964_hallucinated,0.6234216690063477,0.6307058300691493,0,0,2
pqa_artificial_3973_ground_truth,0.7055289447307587,0.7067869279781978,0,0,2
pqa_artificial_3973_hallucinated,0.9204599857330322,0.8155719900131225,0,0,1
pqa_artificial_3977_ground_truth,0.7146833837032318,0.7342783685922623,0,0,2
pqa_artificial_3977_hallucinated,0.8276220560073853,0.7850497249194553,0,0,1
pqa_artificial_3981_ground_truth,0.819890022277832,0.7941730155944824,0,0,2
pqa_artificial_3981_hallucinated,0.8073422908782959,0.7929521036148071,0,0,1
pqa_artificial_3984_ground_truth,0.8229256272315979,0.7903336533478327,0,0,1
pqa_artificial_3984_hallucinated,0.7005618810653687,0.6872683167457581,0,0,1
pqa_artificial_3986_ground_truth,0.48345866799354553,0.5172031188775332,1,0,2
pqa_artificial_3986_hallucinated,0.5151040494441986,0.528372834610939,1,1,5
pqa_artificial_398_ground_truth,0.9077799320220947,0.857798893591937,0,0,1
pqa_artificial_398_hallucinated,0.8002824783325195,0.8326977348327635,0,0,1
pqa_artificial_3991_ground_truth,0.7257117033004761,0.7191520384641794,0,0,1
pqa_artificial_3991_hallucinated,0.569852888584137,0.574650698479484,1,0,3
pqa_artificial_3995_ground_truth,0.795444130897522,0.7175251773425511,0,0,1
pqa_artificial_3995_hallucinated,0.7125610113143921,0.7099465540739206,0,0,1
pqa_artificial_4000_ground_truth,0.8330667018890381,0.7868966913223266,0,0,1
pqa_artificial_4000_hallucinated,0.8172358274459839,0.8308150792121887,0,0,1
pqa_artificial_4001_ground_truth,0.8105941414833069,0.8049158990383147,0,0,2
pqa_artificial_4001_hallucinated,0.6573175191879272,0.644622263431549,0,0,1
pqa_artificial_4012_ground_truth,0.6505115330219269,0.6607426884999642,0,0,2
pqa_artificial_4012_hallucinated,0.7086915373802185,0.6835840761661529,0,0,1
pqa_artificial_4013_ground_truth,0.8250858783721924,0.8140985763989962,0,0,1
pqa_artificial_4013_hallucinated,0.7473866939544678,0.6303135429109845,0,0,1
pqa_artificial_4014_ground_truth,0.909839391708374,0.8786522800782146,0,0,1
pqa_artificial_4014_hallucinated,0.8730255365371704,0.7921893041474478,0,0,1
pqa_artificial_4017_ground_truth,0.729870080947876,0.6819090566635132,0,0,1
pqa_artificial_4017_hallucinated,0.820024847984314,0.8121423935890197,0,0,1
pqa_artificial_4035_ground_truth,0.7362518906593323,0.7400638234615325,0,0,3
pqa_artificial_4035_hallucinated,0.6168032884597778,0.6302959557679982,0,0,2
pqa_artificial_4039_ground_truth,0.6901488304138184,0.7171041812896728,0,0,1
pqa_artificial_4039_hallucinated,0.8403751254081726,0.791203764256309,0,0,1
pqa_artificial_4042_ground_truth,0.7077707350254059,0.6940868359463556,0,0,4
pqa_artificial_4042_hallucinated,0.767797589302063,0.7024583125114441,0,0,1
pqa_artificial_4046_ground_truth,0.5192823708057404,0.5280809928973516,1,0,2
pqa_artificial_4046_hallucinated,0.6346840858459473,0.626043565974516,0,0,1
pqa_artificial_4050_ground_truth,0.569853663444519,0.6181283336419325,0,0,1
pqa_artificial_4050_hallucinated,0.8339149951934814,0.7365529966354369,0,0,1
pqa_artificial_4051_ground_truth,0.7751835882663727,0.7663785117864609,0,0,2
pqa_artificial_4051_hallucinated,0.7925297319889069,0.746913669535092,0,0,2
pqa_artificial_4054_ground_truth,0.7143469452857971,0.738167861700058,0,0,2
pqa_artificial_4054_hallucinated,0.8338993787765503,0.8012295651435852,0,0,1
pqa_artificial_4055_ground_truth,0.8344380855560303,0.787194434183892,0,0,1
pqa_artificial_4055_hallucinated,0.6866099834442139,0.7393769884109497,0,0,1
pqa_artificial_4057_ground_truth,0.7422085702419281,0.6781174277407782,0,0,2
pqa_artificial_4057_hallucinated,0.9356786012649536,0.9366416875521341,0,0,1
pqa_artificial_4058_ground_truth,0.7344549894332886,0.694118492603302,0,0,2
pqa_artificial_4058_hallucinated,0.7522341012954712,0.6784388709068297,0,0,1
pqa_artificial_4061_ground_truth,0.6871793270111084,0.7183233230254229,0,0,2
pqa_artificial_4061_hallucinated,0.6632862389087677,0.6597444461835058,0,0,4
pqa_artificial_4067_ground_truth,0.6210209727287292,0.6416075380529676,0,0,2
pqa_artificial_4067_hallucinated,0.6828235387802124,0.7179764771461487,0,0,1
pqa_artificial_4068_ground_truth,0.65422323346138,0.6731645967562994,0,0,2
pqa_artificial_4068_hallucinated,0.6763601899147034,0.6103271329402923,0,0,1
pqa_artificial_4069_ground_truth,0.7500982284545898,0.7178187599182129,0,0,1
pqa_artificial_4069_hallucinated,0.722196102142334,0.7127247714996338,0,0,1
pqa_artificial_4084_ground_truth,0.6300494074821472,0.670909585237503,0,0,2
pqa_artificial_4084_hallucinated,0.6807197332382202,0.7215038132667542,0,0,1
pqa_artificial_4089_ground_truth,0.7161415219306946,0.7862990653514861,0,0,1
pqa_artificial_4089_hallucinated,0.7197313904762268,0.7888119733333587,0,0,1
pqa_artificial_4097_ground_truth,0.8670604825019836,0.8320375758466265,0,0,3
pqa_artificial_4097_hallucinated,0.8447972536087036,0.789819615987631,0,0,1
pqa_artificial_4100_ground_truth,0.7544792890548706,0.7468355023384093,0,0,2
pqa_artificial_4100_hallucinated,0.8678210973739624,0.7814747681617736,0,0,1
pqa_artificial_4107_ground_truth,0.6540974378585815,0.6662015398343404,0,0,1
pqa_artificial_4107_hallucinated,0.8085422515869141,0.6849081475394112,0,0,1
pqa_artificial_4114_ground_truth,0.8185322284698486,0.7943956368519709,0,0,2
pqa_artificial_4114_hallucinated,0.7578154802322388,0.7248708361625671,0,0,1
pqa_artificial_4115_ground_truth,0.6034448742866516,0.6519114120006562,0,0,1
pqa_artificial_4115_hallucinated,0.5728653271993002,0.5931669579035254,0,0,3
pqa_artificial_4116_ground_truth,0.8821519017219543,0.8540447927438296,0,0,1
pqa_artificial_4116_hallucinated,0.8425545692443848,0.7997881984710693,0,0,1
pqa_artificial_4118_ground_truth,0.6603676974773407,0.5893823882341385,0,0,2
pqa_artificial_4118_hallucinated,0.7747042179107666,0.6667929525375366,0,0,1
pqa_artificial_411_ground_truth,0.7972963452339172,0.7789407749970754,0,0,1
pqa_artificial_411_hallucinated,0.8526796102523804,0.8378757271766663,0,0,1
pqa_artificial_4120_ground_truth,0.806976705789566,0.7645086940526962,0,0,2
pqa_artificial_4120_hallucinated,0.8281253576278687,0.801562750339508,0,0,2
pqa_artificial_4123_ground_truth,0.6108261346817017,0.5900782942771912,0,0,1
pqa_artificial_4123_hallucinated,0.6416628956794739,0.6398515269756317,0,0,2
pqa_artificial_4130_ground_truth,0.6455045938491821,0.687287998303123,0,0,1
pqa_artificial_4130_hallucinated,0.7432129383087158,0.754249056816101,0,0,1
pqa_artificial_4131_ground_truth,0.9727354049682617,0.960289783477783,0,0,1
pqa_artificial_4131_hallucinated,0.9286956787109375,0.8023369750976562,0,0,1
pqa_artificial_4134_ground_truth,0.6791862845420837,0.63935897060803,0,0,1
pqa_artificial_4134_hallucinated,0.5593969821929932,0.49550645896366663,0,0,1
pqa_artificial_4136_ground_truth,0.6899192929267883,0.7132113621916089,0,0,2
pqa_artificial_4136_hallucinated,0.7013425827026367,0.6674782694303072,0,0,1
pqa_artificial_4145_ground_truth,0.8715543448925018,0.8134213747580845,0,0,2
pqa_artificial_4145_hallucinated,0.7548801898956299,0.7004749564563527,0,0,1
pqa_artificial_4149_ground_truth,0.9259932041168213,0.8956952428817748,0,0,1
pqa_artificial_4149_hallucinated,0.9023301601409912,0.8791311120986938,0,0,1
pqa_artificial_4156_ground_truth,0.7797791659832001,0.6737646708466251,0,0,2
pqa_artificial_4156_hallucinated,0.8483458757400513,0.8168421130180358,0,0,1
pqa_artificial_4165_ground_truth,0.6133263409137726,0.6543284386396409,0,0,2
pqa_artificial_4165_hallucinated,0.6827929019927979,0.7057675313949585,0,0,1
pqa_artificial_4166_ground_truth,0.6996887922286987,0.7033998016189126,0,0,2
pqa_artificial_4166_hallucinated,0.7470210790634155,0.7452676965208613,0,0,1
pqa_artificial_4171_ground_truth,0.6444787581761678,0.6657848559980427,0,0,3
pqa_artificial_4171_hallucinated,0.5527017712593079,0.6043912398815154,0,0,1
pqa_artificial_4173_ground_truth,0.7393301725387573,0.7125311207771301,0,0,1
pqa_artificial_4173_hallucinated,0.7470048666000366,0.7610284066200257,0,0,1
pqa_artificial_4174_ground_truth,0.7903163433074951,0.7872214403152465,0,0,1
pqa_artificial_4174_hallucinated,0.6176829934120178,0.6041008517986689,1,0,3
pqa_artificial_4178_ground_truth,0.6763249238332113,0.6408312928370941,0,0,3
pqa_artificial_4178_hallucinated,0.7758464813232422,0.7812175369262695,0,0,1
pqa_artificial_417_ground_truth,0.8032866716384888,0.7468658875382465,0,0,1
pqa_artificial_417_hallucinated,0.8807848691940308,0.8235494084358215,0,0,1
pqa_artificial_4185_ground_truth,0.750609815120697,0.7385518705844879,0,0,2
pqa_artificial_4185_hallucinated,0.7131072878837585,0.7169805313828843,0,0,2
pqa_artificial_418_ground_truth,0.7486785650253296,0.7009499955177307,0,0,1
pqa_artificial_418_hallucinated,0.781356692314148,0.7291996846199036,0,0,1
pqa_artificial_4193_ground_truth,0.6640644073486328,0.719845085144043,0,0,2
pqa_artificial_4193_hallucinated,0.6759483218193054,0.6381638252735138,0,0,1
pqa_artificial_4198_ground_truth,0.6762965023517609,0.6998450516462325,0,0,2
pqa_artificial_4198_hallucinated,0.588903158903122,0.5828572112321854,0,0,2
pqa_artificial_4210_ground_truth,0.6947174469629923,0.6841593557312375,0,0,3
pqa_artificial_4210_hallucinated,0.7053811550140381,0.7060168085098266,0,0,2
pqa_artificial_4214_ground_truth,0.7642463445663452,0.7588185950425954,0,0,1
pqa_artificial_4214_hallucinated,0.752714991569519,0.7499004940986632,0,0,1
pqa_artificial_4221_ground_truth,0.9007371664047241,0.8722807223656597,0,0,1
pqa_artificial_4221_hallucinated,0.8490699529647827,0.8118489670753479,0,0,1
pqa_artificial_4233_ground_truth,0.6424355506896973,0.6862433470212496,0,0,1
pqa_artificial_4233_hallucinated,0.5542309880256653,0.5379616916179657,0,0,1
pqa_artificial_4235_ground_truth,0.6731192767620087,0.6543158466745825,0,0,2
pqa_artificial_4235_hallucinated,0.8111708760261536,0.8471946132183075,0,0,1
pqa_artificial_4245_ground_truth,0.5707784394423167,0.5762638618579877,1,0,3
pqa_artificial_4245_hallucinated,0.8384038209915161,0.7293826746940612,0,0,1
pqa_artificial_4251_ground_truth,0.9273669719696045,0.8591568803787231,0,0,1
pqa_artificial_4251_hallucinated,0.821881890296936,0.8203173232078552,0,0,1
pqa_artificial_4252_ground_truth,0.553546684483687,0.5740173582276079,1,1,6
pqa_artificial_4252_hallucinated,0.6994022727012634,0.6360101623194558,0,0,1
pqa_artificial_4257_ground_truth,0.7534031867980957,0.6755623778174904,0,0,2
pqa_artificial_4257_hallucinated,0.7694860696792603,0.7767652487754821,0,0,1
pqa_artificial_4260_ground_truth,0.6950629949569702,0.710390250316033,0,0,1
pqa_artificial_4260_hallucinated,0.6271570175886154,0.6257965970946394,0,0,2
pqa_artificial_4273_ground_truth,0.883922815322876,0.9004126373926797,0,0,1
pqa_artificial_4273_hallucinated,0.8794005811214447,0.8464717111328373,0,0,2
pqa_artificial_4277_ground_truth,0.5571179538965225,0.5973039962989943,1,0,2
pqa_artificial_4277_hallucinated,0.8246292471885681,0.785573806365331,0,0,1
pqa_artificial_4280_ground_truth,0.700502336025238,0.6723516352176666,0,0,1
pqa_artificial_4280_hallucinated,0.7202526330947876,0.7026383816278897,0,0,1
pqa_artificial_4282_ground_truth,0.4839335083961487,0.5426230210946954,1,0,2
pqa_artificial_4282_hallucinated,0.7635632753372192,0.7602442927360534,0,0,2
pqa_artificial_4286_ground_truth,0.6136623620986938,0.6359108756913079,0,0,3
pqa_artificial_4286_hallucinated,0.702455997467041,0.6721209839412143,0,0,2
pqa_artificial_428_ground_truth,0.7768140435218811,0.7750198304653166,0,0,1
pqa_artificial_428_hallucinated,0.8816311359405518,0.7713417951583862,0,0,1
pqa_artificial_4294_ground_truth,0.6654022534688314,0.6745514186980232,0,0,3
pqa_artificial_4294_hallucinated,0.8738878965377808,0.8952215275764465,0,0,1
pqa_artificial_4298_ground_truth,0.7638072073459625,0.7310466240895421,0,0,2
pqa_artificial_4298_hallucinated,0.8014710247516632,0.7806547173261642,0,0,2
pqa_artificial_4313_ground_truth,0.6385665734608968,0.6424966014226278,1,0,3
pqa_artificial_4313_hallucinated,0.8125178813934326,0.8137625169754028,0,0,1
pqa_artificial_4315_ground_truth,0.7357213795185089,0.7515882989962894,0,0,2
pqa_artificial_4315_hallucinated,0.7922494411468506,0.7613137392375781,0,0,1
pqa_artificial_4330_ground_truth,0.6761360168457031,0.66407298956977,0,0,3
pqa_artificial_4330_hallucinated,0.8311269283294678,0.7337888498306274,0,0,1
pqa_artificial_4331_ground_truth,0.7288440465927124,0.7001908326148987,0,0,1
pqa_artificial_4331_hallucinated,0.8628507852554321,0.8024570881403409,0,0,1
pqa_artificial_4333_ground_truth,0.7227635383605957,0.7159701911381313,0,0,2
pqa_artificial_4333_hallucinated,0.7950209379196167,0.7665146565437317,0,0,1
pqa_artificial_4335_ground_truth,0.8656038045883179,0.7559226632118223,0,0,1
pqa_artificial_4335_hallucinated,0.9670788049697876,0.9187198693612042,0,0,1
pqa_artificial_4349_ground_truth,0.8173763155937195,0.7643509209156035,0,0,1
pqa_artificial_4349_hallucinated,0.9433519840240479,0.9087838888168335,0,0,1
pqa_artificial_4366_ground_truth,0.8791276812553406,0.8287643768787384,0,0,2
pqa_artificial_4366_hallucinated,0.8265721201896667,0.7961004841327667,0,0,1
pqa_artificial_4369_ground_truth,0.7635781764984131,0.6920047235488891,0,0,1
pqa_artificial_4369_hallucinated,0.9318680763244629,0.8810576534271239,0,0,1
pqa_artificial_4378_ground_truth,0.6849168539047241,0.7794417977333068,0,0,1
pqa_artificial_4378_hallucinated,0.7327091693878174,0.8128964185714722,0,0,1
pqa_artificial_4389_ground_truth,0.6549358069896698,0.6700622077499117,0,0,2
pqa_artificial_4389_hallucinated,0.6774006485939026,0.6729304540157318,0,0,1
pqa_artificial_4392_ground_truth,0.5451212897896767,0.546168236186107,1,1,2
pqa_artificial_4392_hallucinated,0.806405782699585,0.7384840478897094,0,0,1
pqa_artificial_4394_ground_truth,0.6659019291400909,0.6165063503980637,0,0,2
pqa_artificial_4394_hallucinated,0.668758749961853,0.6856311249732971,0,0,1
pqa_artificial_4397_ground_truth,0.7298891544342041,0.6259224081039428,0,0,1
pqa_artificial_4397_hallucinated,0.7350114583969116,0.6795080208778381,0,0,1
pqa_artificial_43_ground_truth,0.5734965701897939,0.5793047419899986,1,1,3
pqa_artificial_43_hallucinated,0.695946991443634,0.6856846331409785,0,0,2
pqa_artificial_4401_ground_truth,0.7542844414710999,0.7509991090297699,0,0,2
pqa_artificial_4401_hallucinated,0.7340821027755737,0.7932324719429016,0,0,1
pqa_artificial_4406_ground_truth,0.7650547027587891,0.7605382919311523,0,0,1
pqa_artificial_4406_hallucinated,0.7599546909332275,0.7512539979389735,0,0,1
pqa_artificial_4409_ground_truth,0.9229888916015625,0.8689493669782365,0,0,1
pqa_artificial_4409_hallucinated,0.9676985740661621,0.9278890018463135,0,0,1
pqa_artificial_440_ground_truth,0.7718461155891418,0.7713860309123992,0,0,2
pqa_artificial_440_hallucinated,0.759160578250885,0.694114778917496,0,0,4
pqa_artificial_4416_ground_truth,0.7788050174713135,0.7631635122299194,0,0,1
pqa_artificial_4416_hallucinated,0.5384777188301086,0.534434403181076,0,0,1
pqa_artificial_4433_ground_truth,0.7883740812540054,0.776092626108573,0,0,4
pqa_artificial_4433_hallucinated,0.8493936061859131,0.8017630243301391,0,0,1
pqa_artificial_443_ground_truth,0.8260248899459839,0.7908644817857181,0,0,1
pqa_artificial_443_hallucinated,0.7437586188316345,0.6911573489716178,0,0,1
pqa_artificial_4449_ground_truth,0.5226526409387589,0.5503568486571311,1,1,2
pqa_artificial_4449_hallucinated,0.6715200543403625,0.6827110968617831,0,0,1
pqa_artificial_4451_ground_truth,0.7692662179470062,0.7602216466805514,0,0,2
pqa_artificial_4451_hallucinated,0.6831682920455933,0.6075178044319152,0,0,2
pqa_artificial_4456_ground_truth,0.7487191955248514,0.7507105797245389,0,0,3
pqa_artificial_4456_hallucinated,0.7596786618232727,0.7245250632762908,0,0,1
pqa_artificial_4466_ground_truth,0.6691597700119019,0.6350189818654741,0,0,2
pqa_artificial_4466_hallucinated,0.6364850997924805,0.6217895698547363,0,0,1
pqa_artificial_446_ground_truth,0.5719491839408875,0.5900072859014782,0,0,2
pqa_artificial_446_hallucinated,0.96607905626297,0.9114339108126503,0,0,1
pqa_artificial_4471_ground_truth,0.567807694276174,0.6077153859933216,0,0,3
pqa_artificial_4471_hallucinated,0.45040881633758545,0.4785214655539568,0,0,1
pqa_artificial_4472_ground_truth,0.6460779110590616,0.6769569186937242,0,0,3
pqa_artificial_4472_hallucinated,0.6013097763061523,0.5897561291285923,0,0,2
pqa_artificial_447_ground_truth,0.8520752588907877,0.8432947864867093,0,0,3
pqa_artificial_447_hallucinated,0.6898616154988607,0.660896551901834,0,0,3
pqa_artificial_4480_ground_truth,0.6777475476264954,0.6702127570227573,0,0,1
pqa_artificial_4480_hallucinated,0.8973434567451477,0.8362654197216034,0,0,1
pqa_artificial_4483_ground_truth,0.788887083530426,0.7579501251379648,0,0,2
pqa_artificial_4483_hallucinated,0.7985069155693054,0.728240555184228,0,0,1
pqa_artificial_4497_ground_truth,0.7741238176822662,0.7888509580918721,0,0,2
pqa_artificial_4497_hallucinated,0.5887280305226644,0.6145900532147179,0,0,3
pqa_artificial_4499_ground_truth,0.8444629907608032,0.8032394781479468,0,0,2
pqa_artificial_4499_hallucinated,0.8025650382041931,0.7550308208605822,0,0,1
pqa_artificial_4502_ground_truth,0.5911646485328674,0.6024691001268534,0,0,2
pqa_artificial_4502_hallucinated,0.7835489511489868,0.7509842658042908,0,0,1
pqa_artificial_4506_ground_truth,0.681884765625,0.6817930201480262,0,0,1
pqa_artificial_4506_hallucinated,0.5403174757957458,0.5840555663903555,0,0,1
pqa_artificial_4519_ground_truth,0.8442046046257019,0.7809432232379914,0,0,1
pqa_artificial_4519_hallucinated,0.7727711002031962,0.735981436808904,0,0,3
pqa_artificial_4520_ground_truth,0.802804708480835,0.7889825267058153,0,0,2
pqa_artificial_4520_hallucinated,0.8380002975463867,0.8041002082824706,0,0,1
pqa_artificial_4527_ground_truth,0.876270592212677,0.8171394145488738,0,0,1
pqa_artificial_4527_hallucinated,0.8773226737976074,0.8957925383249917,0,0,1
pqa_artificial_4538_ground_truth,0.6920157372951508,0.6801610161066056,0,0,2
pqa_artificial_4538_hallucinated,0.8211326599121094,0.8197928619384766,0,0,1
pqa_artificial_4539_ground_truth,0.7110912203788757,0.7211869311882899,0,0,2
pqa_artificial_4539_hallucinated,0.6905643045902252,0.694478346546491,0,0,2
pqa_artificial_4541_ground_truth,0.8413092295328776,0.7968491529807066,0,0,3
pqa_artificial_4541_hallucinated,0.7310406565666199,0.7031990478319281,0,0,1
pqa_artificial_4551_ground_truth,0.8151275515556335,0.7928392860889435,0,0,3
pqa_artificial_4551_hallucinated,0.6112531006336213,0.5371462180625824,1,1,5
pqa_artificial_4552_ground_truth,0.6504577398300171,0.6437579178810119,0,0,1
pqa_artificial_4552_hallucinated,0.6524672508239746,0.6442270755767823,0,0,1
pqa_artificial_4562_ground_truth,0.7385016481081644,0.7352588459834074,0,0,3
pqa_artificial_4562_hallucinated,0.8289279937744141,0.7965486152499329,0,0,2
pqa_artificial_4572_ground_truth,0.7767471075057983,0.7206977651700252,0,0,2
pqa_artificial_4572_hallucinated,0.8043555021286011,0.7505488514900207,0,0,1
pqa_artificial_4574_ground_truth,0.8130463659763336,0.779670917721895,0,0,2
pqa_artificial_4574_hallucinated,0.9304207563400269,0.8362945294380189,0,0,1
pqa_artificial_4589_ground_truth,0.46503007411956787,0.5327085518836975,1,0,2
pqa_artificial_4589_hallucinated,0.5460634231567383,0.5594110628763835,0,0,2
pqa_artificial_4591_ground_truth,0.42682647705078125,0.4441118672688802,1,1,3
pqa_artificial_4591_hallucinated,0.5921741724014282,0.5660552540143331,0,0,2
pqa_artificial_4598_ground_truth,0.7542732059955597,0.7361162441968918,0,0,2
pqa_artificial_4598_hallucinated,0.726714551448822,0.7489085193475087,0,0,2
pqa_artificial_4600_ground_truth,0.726830467581749,0.6718953623949435,0,0,2
pqa_artificial_4600_hallucinated,0.7101216614246368,0.7171684963305791,0,0,2
pqa_artificial_4608_ground_truth,0.7253115177154541,0.7637180624008177,0,0,1
pqa_artificial_4608_hallucinated,0.8184356093406677,0.8340813971267027,0,0,1
pqa_artificial_4612_ground_truth,0.7353561222553253,0.7175377471171892,0,0,2
pqa_artificial_4612_hallucinated,0.7435785531997681,0.7340764158112663,0,0,1
pqa_artificial_4618_ground_truth,0.9006781578063965,0.844046139035906,0,0,1
pqa_artificial_4618_hallucinated,0.8302892446517944,0.7552024712562561,0,0,1
pqa_artificial_4619_ground_truth,0.774344265460968,0.760951242232934,0,0,2
pqa_artificial_4619_hallucinated,0.8198798894882202,0.8353444940703254,0,0,1
pqa_artificial_4632_ground_truth,0.7405146360397339,0.7251658007833693,0,0,3
pqa_artificial_4632_hallucinated,0.6947749853134155,0.6625924897193908,0,0,1
pqa_artificial_4640_ground_truth,0.7893280684947968,0.7656725050892148,0,0,2
pqa_artificial_4640_hallucinated,0.6279013156890869,0.6382809209823608,0,0,1
pqa_artificial_4641_ground_truth,0.7232183218002319,0.6862528252601624,0,0,1
pqa_artificial_4641_hallucinated,0.7583784461021423,0.7327879891945766,0,0,1
pqa_artificial_4642_ground_truth,0.6054275234540304,0.6094341870527419,0,0,3
pqa_artificial_4642_hallucinated,0.8190808296203613,0.8183565807342529,0,0,1
pqa_artificial_464_ground_truth,0.9373568892478943,0.8511498224735259,0,0,1
pqa_artificial_464_hallucinated,0.9133754372596741,0.7850770917960574,0,0,1
pqa_artificial_4650_ground_truth,0.8686736226081848,0.8805715358257293,0,0,1
pqa_artificial_4650_hallucinated,0.8873299360275269,0.8198809552192687,0,0,1
pqa_artificial_4656_ground_truth,0.7412100434303284,0.6818470304012298,0,0,1
pqa_artificial_4656_hallucinated,0.8631237745285034,0.8891866421699524,0,0,1
pqa_artificial_4659_ground_truth,0.6521137952804565,0.6384796566963196,0,0,2
pqa_artificial_4659_hallucinated,0.7254669964313507,0.6698268975019455,0,0,2
pqa_artificial_4662_ground_truth,0.6876490513483683,0.7339697205592425,0,0,3
pqa_artificial_4662_hallucinated,0.8909799456596375,0.8989359619617462,0,0,1
pqa_artificial_4667_ground_truth,0.7899252474308014,0.784197673201561,0,0,2
pqa_artificial_4667_hallucinated,0.8039377927780151,0.8156135978017535,0,0,1
pqa_artificial_4670_ground_truth,0.728891134262085,0.7689737939834593,0,0,1
pqa_artificial_4670_hallucinated,0.8101899921894073,0.7476231906110165,0,0,2
pqa_artificial_4671_ground_truth,0.9358099699020386,0.896066978931427,0,0,1
pqa_artificial_4671_hallucinated,0.9427404403686523,0.9269183082580567,0,0,1
pqa_artificial_4674_ground_truth,0.8232939044634501,0.8090969419156239,0,0,3
pqa_artificial_4674_hallucinated,0.7574005126953125,0.7113342050405649,0,0,2
pqa_artificial_4681_ground_truth,0.9155958890914917,0.8996671223640442,0,0,1
pqa_artificial_4681_hallucinated,0.8327615261077881,0.8210580682754516,0,0,1
pqa_artificial_4687_ground_truth,0.7560062408447266,0.721915765650132,0,0,2
pqa_artificial_4687_hallucinated,0.694686770439148,0.6907544235179298,0,0,1
pqa_artificial_4688_ground_truth,0.7547067999839783,0.7152590457030705,0,0,2
pqa_artificial_4688_hallucinated,0.9159435033798218,0.8586604523658752,0,0,1
pqa_artificial_4689_ground_truth,0.7767856121063232,0.7462499284744263,0,0,1
pqa_artificial_4689_hallucinated,0.9361929893493652,0.8203350925445556,0,0,1
pqa_artificial_4690_ground_truth,0.8429461717605591,0.8142728465481808,0,0,1
pqa_artificial_4690_hallucinated,0.8002216815948486,0.707342677116394,0,0,1
pqa_artificial_4698_ground_truth,0.6996317803859711,0.6787422462701798,0,0,2
pqa_artificial_4698_hallucinated,0.7600558996200562,0.7613248440197535,0,0,1
pqa_artificial_4701_ground_truth,0.7908415794372559,0.806446248463222,0,0,1
pqa_artificial_4701_hallucinated,0.7951096296310425,0.7485767407417296,0,0,1
pqa_artificial_4708_ground_truth,0.7447534203529358,0.744327394247055,0,0,2
pqa_artificial_4708_hallucinated,0.8065128326416016,0.7745589828491211,0,0,1
pqa_artificial_4709_ground_truth,0.7585338751475016,0.7193070459365845,0,0,3
pqa_artificial_4709_hallucinated,0.788567990064621,0.7535410713061043,0,0,2
pqa_artificial_470_ground_truth,0.7962691783905029,0.8048884248733521,0,0,2
pqa_artificial_470_hallucinated,0.7558890581130981,0.6463098406791686,0,0,1
pqa_artificial_4715_ground_truth,0.663940817117691,0.6218354950593068,0,0,2
pqa_artificial_4715_hallucinated,0.5587163865566254,0.5596308823543437,0,0,2
pqa_artificial_4717_ground_truth,0.6507385075092316,0.6614175763744745,0,0,2
pqa_artificial_4717_hallucinated,0.7774322628974915,0.7626400840282439,0,0,1
pqa_artificial_4723_ground_truth,0.8132168054580688,0.7320017638206482,0,0,1
pqa_artificial_4723_hallucinated,0.8623251914978027,0.8093419197627476,0,0,1
pqa_artificial_4724_ground_truth,0.6456049382686615,0.6665388414034477,0,0,2
pqa_artificial_4724_hallucinated,0.6098461151123047,0.6388922805786132,0,0,1
pqa_artificial_4732_ground_truth,0.8753856718540192,0.8152699702978135,0,0,2
pqa_artificial_4732_hallucinated,0.7710973819096884,0.7254824530510676,0,0,3
pqa_artificial_4734_ground_truth,0.7816990613937378,0.7777156587650901,0,0,1
pqa_artificial_4734_hallucinated,0.702486515045166,0.7445977033887591,0,0,1
pqa_artificial_4751_ground_truth,0.6053861379623413,0.6085917251450675,0,0,2
pqa_artificial_4751_hallucinated,0.6637600660324097,0.7096320462226867,0,0,1
pqa_artificial_4761_ground_truth,0.6601789891719818,0.6901610067061015,0,0,2
pqa_artificial_4761_hallucinated,0.7976580858230591,0.7994320886475699,0,0,1
pqa_artificial_4765_ground_truth,0.7539173066616058,0.707742114663124,0,0,2
pqa_artificial_4765_hallucinated,0.852513313293457,0.80375931930542,0,0,1
pqa_artificial_4770_ground_truth,0.8545421063899994,0.7980544744729996,0,0,2
pqa_artificial_4770_hallucinated,0.9269607663154602,0.8363725364208221,0,0,1
pqa_artificial_4772_ground_truth,0.5707940955956777,0.5656114224725299,1,1,3
pqa_artificial_4772_hallucinated,0.5876506567001343,0.6034708443054786,0,0,1
pqa_artificial_4773_ground_truth,0.7723134358723959,0.7548455955868675,0,0,3
pqa_artificial_4773_hallucinated,0.6207184195518494,0.6145028936862945,1,1,2
pqa_artificial_477_ground_truth,0.9054903388023376,0.8631289514473506,0,0,1
pqa_artificial_477_hallucinated,0.8753933906555176,0.8447490576693886,0,0,2
pqa_artificial_4780_ground_truth,0.7245160341262817,0.6664469381741115,0,0,2
pqa_artificial_4780_hallucinated,0.8432382345199585,0.783502058281618,0,0,1
pqa_artificial_4783_ground_truth,0.7436174154281616,0.7428851319761838,0,0,1
pqa_artificial_4783_hallucinated,0.7924272418022156,0.7717578927909626,0,0,1
pqa_artificial_4788_ground_truth,0.7623698115348816,0.7835141794297286,0,0,3
pqa_artificial_4788_hallucinated,0.7911801338195801,0.7194510936737061,0,0,1
pqa_artificial_4793_ground_truth,0.7767921388149261,0.7720237279396791,0,0,2
pqa_artificial_4793_hallucinated,0.8084206581115723,0.7900611273447672,0,0,1
pqa_artificial_4794_ground_truth,0.5475644071896871,0.5507950850327809,1,1,3
pqa_artificial_4794_hallucinated,0.851028323173523,0.8005275185291583,0,0,1
pqa_artificial_4797_ground_truth,0.7017889618873596,0.669761888705767,0,0,2
pqa_artificial_4797_hallucinated,0.8665738105773926,0.8086604909335865,0,0,1
pqa_artificial_47_ground_truth,0.8988715410232544,0.912710078716278,0,0,1
pqa_artificial_47_hallucinated,0.6850460767745972,0.664532253742218,0,0,1
pqa_artificial_4803_ground_truth,0.8266180753707886,0.8092576527595519,0,0,2
pqa_artificial_4803_hallucinated,0.8325289487838745,0.7252702641487121,0,0,1
pqa_artificial_4804_ground_truth,0.6760221719741821,0.6708625792054568,0,0,1
pqa_artificial_4804_hallucinated,0.8489838540554047,0.8122053645054499,0,0,2
pqa_artificial_4805_ground_truth,0.6597782373428345,0.6525590518542699,0,0,2
pqa_artificial_4805_hallucinated,0.6342945098876953,0.673291871207101,0,0,1
pqa_artificial_4813_ground_truth,0.885409414768219,0.8867865903377532,0,0,2
pqa_artificial_4813_hallucinated,0.8239070177078247,0.8767349123954773,0,0,1
pqa_artificial_4821_ground_truth,0.7627496719360352,0.7387819132123674,0,0,2
pqa_artificial_4821_hallucinated,0.750530481338501,0.7574301604663624,0,0,1
pqa_artificial_4825_ground_truth,0.6614151000976562,0.7067405700683593,0,0,1
pqa_artificial_4825_hallucinated,0.7497429847717285,0.7313585508786715,0,0,1
pqa_artificial_4827_ground_truth,0.9219365119934082,0.9144180583953858,0,0,1
pqa_artificial_4827_hallucinated,0.723179817199707,0.6588729308633243,0,0,1
pqa_artificial_4840_ground_truth,0.5457398295402527,0.6098303806781769,0,0,1
pqa_artificial_4840_hallucinated,0.6139851808547974,0.6221425677748287,0,0,1
pqa_artificial_4842_ground_truth,0.7341978549957275,0.7364288831123939,0,0,2
pqa_artificial_4842_hallucinated,0.8408031463623047,0.8594445553947897,0,0,1
pqa_artificial_4858_ground_truth,0.8569665551185608,0.876305160011564,0,0,1
pqa_artificial_4858_hallucinated,0.7647554874420166,0.7418673027478732,0,0,1
pqa_artificial_4863_ground_truth,0.8977717757225037,0.8474402430057525,0,0,1
pqa_artificial_4863_hallucinated,0.8903192281723022,0.8851465366436885,0,0,1
pqa_artificial_4870_ground_truth,0.586974486708641,0.6307392835531915,0,0,2
pqa_artificial_4870_hallucinated,0.5996655225753784,0.6647658658027649,0,0,1
pqa_artificial_4880_ground_truth,0.6776803731918335,0.7213107850438072,0,0,3
pqa_artificial_4880_hallucinated,0.671977162361145,0.636173487337012,0,0,1
pqa_artificial_4888_ground_truth,0.7292234301567078,0.7061583241866186,0,0,3
pqa_artificial_4888_hallucinated,0.8439063429832458,0.7165696803628716,0,0,2
pqa_artificial_4892_ground_truth,0.7232402861118317,0.7022608473371057,0,0,2
pqa_artificial_4892_hallucinated,0.7743278741836548,0.6995295119285583,0,0,1
pqa_artificial_4895_ground_truth,0.7808920741081238,0.7491244518756867,0,0,1
pqa_artificial_4895_hallucinated,0.757491946220398,0.7445300766399927,0,0,1
pqa_artificial_4901_ground_truth,0.7826091051101685,0.7297013735771178,0,0,1
pqa_artificial_4901_hallucinated,0.6910629272460938,0.6242703648617393,0,0,1
pqa_artificial_4902_ground_truth,0.7659792900085449,0.7536855030059815,0,0,1
pqa_artificial_4902_hallucinated,0.8017746806144714,0.7890547764301299,0,0,1
pqa_artificial_4903_ground_truth,0.8218666315078735,0.8367352134840829,0,0,2
pqa_artificial_4903_hallucinated,0.8742588758468628,0.856981213092804,0,0,1
pqa_artificial_4905_ground_truth,0.7174460887908936,0.7468551192964826,0,0,3
pqa_artificial_4905_hallucinated,0.743904709815979,0.8057332968711852,0,0,1
pqa_artificial_4906_ground_truth,0.7088727951049805,0.7124609565734863,0,0,1
pqa_artificial_4906_hallucinated,0.8236898183822632,0.8353328728675842,0,0,1
pqa_artificial_4907_ground_truth,0.9690808653831482,0.9633566057682037,0,0,1
pqa_artificial_4907_hallucinated,0.840420126914978,0.8203529123698964,0,0,1
pqa_artificial_4908_ground_truth,0.8673917055130005,0.8865491938591004,0,0,1
pqa_artificial_4908_hallucinated,0.9267804622650146,0.8447463235855102,0,0,1
pqa_artificial_4909_ground_truth,0.8487904071807861,0.8275907850265503,0,0,1
pqa_artificial_4909_hallucinated,0.5914353132247925,0.5840047192573548,0,0,1
pqa_artificial_4910_ground_truth,0.7534881830215454,0.7554417281150817,0,0,2
pqa_artificial_4910_hallucinated,0.7359200716018677,0.6601440501213074,0,0,1
pqa_artificial_4913_ground_truth,0.7359821796417236,0.7760000257492066,0,0,2
pqa_artificial_4913_hallucinated,0.7390564680099487,0.7678395276069641,0,0,1
pqa_artificial_4917_ground_truth,0.648326575756073,0.7125786030292511,0,0,2
pqa_artificial_4917_hallucinated,0.8707143068313599,0.8435000147819518,0,0,1
pqa_artificial_4924_ground_truth,0.6899580359458923,0.6762518751621247,0,0,2
pqa_artificial_4924_hallucinated,0.6276229619979858,0.59683607339859,0,0,1
pqa_artificial_4929_ground_truth,0.7619467377662659,0.7291521901205966,0,0,1
pqa_artificial_4929_hallucinated,0.608171820640564,0.5832202744483947,0,0,1
pqa_artificial_4933_ground_truth,0.6853780895471573,0.7008003769687244,0,0,2
pqa_artificial_4933_hallucinated,0.5191490252812704,0.6032120100045816,1,0,3
pqa_artificial_4935_ground_truth,0.855048418045044,0.7890338926315307,0,0,1
pqa_artificial_4935_hallucinated,0.8793619871139526,0.7430533909797667,0,0,1
pqa_artificial_4941_ground_truth,0.6367731988430023,0.6453662391901016,0,0,2
pqa_artificial_4941_hallucinated,0.8689928650856018,0.8151857618624423,0,0,2
pqa_artificial_4946_ground_truth,0.7812191545963287,0.7509962653602873,0,0,2
pqa_artificial_4946_hallucinated,0.8207840323448181,0.803834536927087,0,0,1
pqa_artificial_4953_ground_truth,0.6645857493082682,0.6878803541861175,0,0,3
pqa_artificial_4953_hallucinated,0.7004215717315674,0.6862951002120972,0,0,1
pqa_artificial_4954_ground_truth,0.8246084153652191,0.8033196407556533,0,0,2
pqa_artificial_4954_hallucinated,0.7713310420513153,0.7530567294359207,0,0,2
pqa_artificial_4956_ground_truth,0.6851048767566681,0.7098443115624851,0,0,2
pqa_artificial_4956_hallucinated,0.8182651996612549,0.8232856397628783,0,0,1
pqa_artificial_4957_ground_truth,0.9090324640274048,0.8813227248191833,0,0,1
pqa_artificial_4957_hallucinated,0.8095799088478088,0.7933726028601328,0,0,1
pqa_artificial_4971_ground_truth,0.9254388809204102,0.8998072166442871,0,0,1
pqa_artificial_4971_hallucinated,0.7865670919418335,0.7005969643592833,0,0,1
pqa_artificial_4975_ground_truth,0.5884974598884583,0.5919482219219208,0,0,1
pqa_artificial_4975_hallucinated,0.7590368092060089,0.6974195164442062,0,0,2
pqa_artificial_498_ground_truth,0.6825534105300903,0.6417159587996346,0,0,1
pqa_artificial_498_hallucinated,0.7946218252182007,0.7544961472179578,0,0,1
pqa_artificial_4991_ground_truth,0.8874933123588562,0.8012453186511992,0,0,1
pqa_artificial_4991_hallucinated,0.8024775981903076,0.8067343187332153,0,0,1
pqa_artificial_4993_ground_truth,0.6828825076421102,0.6659023707340924,0,0,3
pqa_artificial_4993_hallucinated,0.6158533096313477,0.6279723167419433,0,0,1
pqa_artificial_4997_ground_truth,0.8168326616287231,0.758888126298001,0,0,1
pqa_artificial_4997_hallucinated,0.7313838005065918,0.7258817038328751,0,0,1
pqa_artificial_4_ground_truth,0.6885660886764526,0.6950653157819566,0,0,2
pqa_artificial_4_hallucinated,0.554201602935791,0.5502940632315243,0,0,1
pqa_artificial_5002_ground_truth,0.9135115146636963,0.8775830602645873,0,0,1
pqa_artificial_5002_hallucinated,0.7565324703852335,0.697628284825219,0,0,3
pqa_artificial_500_ground_truth,0.5459065437316895,0.5455556332437616,0,0,1
pqa_artificial_500_hallucinated,0.6980342864990234,0.6926240005493164,0,0,1
pqa_artificial_5014_ground_truth,0.7607895135879517,0.744832421416328,0,0,4
pqa_artificial_5014_hallucinated,0.5793430805206299,0.5581872151879703,0,0,1
pqa_artificial_5018_ground_truth,0.6412085592746735,0.6777690684153483,0,0,2
pqa_artificial_5018_hallucinated,0.8149880170822144,0.7734327884281382,0,0,1
pqa_artificial_5024_ground_truth,0.8273818492889404,0.8585422945022583,0,0,1
pqa_artificial_5024_hallucinated,0.8670883178710938,0.8057118225097656,0,0,1
pqa_artificial_5025_ground_truth,0.5816211998462677,0.6136348398923873,1,0,2
pqa_artificial_5025_hallucinated,0.7079285383224487,0.7130499768257141,0,0,1
pqa_artificial_5027_ground_truth,0.941189169883728,0.9382074189186096,0,0,1
pqa_artificial_5027_hallucinated,0.6966257095336914,0.7758522823878697,0,0,1
pqa_artificial_5033_ground_truth,0.8573156595230103,0.8611626283327738,0,0,2
pqa_artificial_5033_hallucinated,0.6915989816188812,0.650273133287063,0,0,2
pqa_artificial_5051_ground_truth,0.7186383207639059,0.7252134912014007,0,0,3
pqa_artificial_5051_hallucinated,0.7316884994506836,0.7571819496154785,0,0,1
pqa_artificial_5053_ground_truth,0.6303512305021286,0.6607650921207208,0,0,2
pqa_artificial_5053_hallucinated,0.7083858251571655,0.7208700776100159,0,0,1
pqa_artificial_5058_ground_truth,0.8424901962280273,0.8111717087881906,0,0,1
pqa_artificial_5058_hallucinated,0.7684929370880127,0.7306950559616088,0,0,1
pqa_artificial_505_ground_truth,0.8404024839401245,0.7664067387580871,0,0,1
pqa_artificial_505_hallucinated,0.8694379329681396,0.8467315530776978,0,0,1
pqa_artificial_5060_ground_truth,0.6747388243675232,0.6784936476455015,0,0,2
pqa_artificial_5060_hallucinated,0.8364562392234802,0.8415193674564361,0,0,1
pqa_artificial_5062_ground_truth,0.9110891222953796,0.9006373856067658,0,0,2
pqa_artificial_5062_hallucinated,0.9029226303100586,0.870170841217041,0,0,1
pqa_artificial_5064_ground_truth,0.8113702535629272,0.7751020346369062,0,0,1
pqa_artificial_5064_hallucinated,0.7997854948043823,0.7291355606487818,0,0,1
pqa_artificial_5065_ground_truth,0.6486742794513702,0.6668219956159591,0,0,2
pqa_artificial_5065_hallucinated,0.9682828187942505,0.9424408302988325,0,0,1
pqa_artificial_5067_ground_truth,0.6385462880134583,0.6839824016094207,0,0,2
pqa_artificial_5067_hallucinated,0.7047542333602905,0.7314529633522033,0,0,1
pqa_artificial_506_ground_truth,0.7503103911876678,0.7478735238313674,0,0,2
pqa_artificial_506_hallucinated,0.8103117942810059,0.8064287823124936,0,0,1
pqa_artificial_5079_ground_truth,0.7262537479400635,0.6727526235580443,0,0,2
pqa_artificial_5079_hallucinated,0.938846230506897,0.9406923613548278,0,0,1
pqa_artificial_5083_ground_truth,0.6784622967243195,0.7017539648498807,0,0,4
pqa_artificial_5083_hallucinated,0.6713921825091044,0.6649186067037415,0,0,3
pqa_artificial_5084_ground_truth,0.8465690016746521,0.8054108011722564,0,0,1
pqa_artificial_5084_hallucinated,0.6151161789894104,0.6598670395783015,0,0,1
pqa_artificial_5085_ground_truth,0.7445266246795654,0.7781251590148262,0,0,1
pqa_artificial_5085_hallucinated,0.7747266888618469,0.72585778934615,0,0,2
pqa_artificial_5092_ground_truth,0.7775962352752686,0.711192364692688,0,0,1
pqa_artificial_5092_hallucinated,0.6069994072119395,0.6300731961594687,0,0,3
pqa_artificial_5096_ground_truth,0.8130192756652832,0.8010777786799839,0,0,2
pqa_artificial_5096_hallucinated,0.7245340347290039,0.6686023957388741,0,0,1
pqa_artificial_5103_ground_truth,0.7728895545005798,0.7660226881504059,0,0,1
pqa_artificial_5103_hallucinated,0.7677310705184937,0.7728465319716412,0,0,1
pqa_artificial_5109_ground_truth,0.7098184823989868,0.7218729376792907,0,0,1
pqa_artificial_5109_hallucinated,0.6638805866241455,0.5868592677797589,0,0,1
pqa_artificial_5115_ground_truth,0.8635472059249878,0.7973401870046343,0,0,1
pqa_artificial_5115_hallucinated,0.817533016204834,0.7872731113433837,0,0,1
pqa_artificial_5121_ground_truth,0.7437816858291626,0.7051471800804138,0,0,1
pqa_artificial_5121_hallucinated,0.8940225839614868,0.8668872373444694,0,0,1
pqa_artificial_5127_ground_truth,0.6954291462898254,0.6803004024028778,0,0,2
pqa_artificial_5127_hallucinated,0.7572789192199707,0.728666672025408,0,0,1
pqa_artificial_5141_ground_truth,0.5040175765752792,0.5146873036026954,1,0,2
pqa_artificial_5141_hallucinated,0.6517797708511353,0.6241029824529375,0,0,1
pqa_artificial_5143_ground_truth,0.8119319081306458,0.810852335691452,0,0,2
pqa_artificial_5143_hallucinated,0.8629322052001953,0.7641775436401368,0,0,2
pqa_artificial_5144_ground_truth,0.7132420937220255,0.6889010445527862,0,0,3
pqa_artificial_5144_hallucinated,0.6579738259315491,0.5827245352949415,0,0,1
pqa_artificial_5159_ground_truth,0.7746438980102539,0.7941257286071777,0,0,1
pqa_artificial_5159_hallucinated,0.7006335258483887,0.688255968093872,0,0,1
pqa_artificial_515_ground_truth,0.7229848504066467,0.7258393952846527,0,0,2
pqa_artificial_515_hallucinated,0.8630928993225098,0.8168120883492862,0,0,1
pqa_artificial_5160_ground_truth,0.4921284466981888,0.5100256269744464,1,0,2
pqa_artificial_5160_hallucinated,0.71172034740448,0.7294542431831359,0,0,1
pqa_artificial_5165_ground_truth,0.7905707359313965,0.7791495151519775,0,0,1
pqa_artificial_5165_hallucinated,0.8305905163288116,0.7962300280968349,0,0,2
pqa_artificial_5166_ground_truth,0.8468468189239502,0.8583810085408827,0,0,1
pqa_artificial_5166_hallucinated,0.9081364870071411,0.9042669694764273,0,0,1
pqa_artificial_5172_ground_truth,0.7557688355445862,0.7644729674899059,0,0,1
pqa_artificial_5172_hallucinated,0.7902348637580872,0.7643182507845071,0,0,1
pqa_artificial_5174_ground_truth,0.7018939256668091,0.7468019384429567,0,0,2
pqa_artificial_5174_hallucinated,0.7367295920848846,0.7150563026947133,0,0,2
pqa_artificial_5179_ground_truth,0.7359209656715393,0.7456709917595512,0,0,1
pqa_artificial_5179_hallucinated,0.8762738704681396,0.8391417093276977,0,0,1
pqa_artificial_5182_ground_truth,0.746477484703064,0.7137842392921447,0,0,1
pqa_artificial_5182_hallucinated,0.6845284700393677,0.6479199290275574,0,0,1
pqa_artificial_5189_ground_truth,0.6957775354385376,0.7135442748069762,0,0,2
pqa_artificial_5189_hallucinated,0.8093684911727905,0.7703079438209534,0,0,1
pqa_artificial_5202_ground_truth,0.7918015718460083,0.8228325288636343,0,0,1
pqa_artificial_5202_hallucinated,0.8054033517837524,0.76711567958196,0,0,1
pqa_artificial_5213_ground_truth,0.734080582857132,0.8004501579999923,0,0,2
pqa_artificial_5213_hallucinated,0.7203819751739502,0.6711423826217651,0,0,1
pqa_artificial_5214_ground_truth,0.5381495952606201,0.5243970243747418,0,0,1
pqa_artificial_5214_hallucinated,0.6623359322547913,0.6162822114018833,0,0,1
pqa_artificial_5218_ground_truth,0.6403166055679321,0.6061501953261239,0,0,2
pqa_artificial_5218_hallucinated,0.545926883816719,0.5488505730576683,1,0,4
pqa_artificial_5220_ground_truth,0.7566036852923307,0.6957427000813308,0,1,11
pqa_artificial_5220_hallucinated,0.8487459421157837,0.7671484752705222,0,0,2
pqa_artificial_5223_ground_truth,0.6561295986175537,0.6667024837381699,0,0,3
pqa_artificial_5223_hallucinated,0.8575665950775146,0.8531537594114031,0,0,1
pqa_artificial_5226_ground_truth,0.6046876907348633,0.6650460893967571,0,0,1
pqa_artificial_5226_hallucinated,0.5964910984039307,0.6654385057248567,0,0,1
pqa_artificial_5231_ground_truth,0.8103649020195007,0.7885043325125516,0,0,4
pqa_artificial_5231_hallucinated,0.7988573312759399,0.7946349145018535,0,0,1
pqa_artificial_5235_ground_truth,0.5385238462024264,0.5800037293787356,2,0,9
pqa_artificial_5235_hallucinated,0.4748978167772293,0.4949284717440605,0,0,2
pqa_artificial_5237_ground_truth,0.5496010979016622,0.5845524993003943,0,0,3
pqa_artificial_5237_hallucinated,0.6515994071960449,0.6100326285154923,0,0,1
pqa_artificial_5239_ground_truth,0.7006686925888062,0.6819386730474584,0,0,1
pqa_artificial_5239_hallucinated,0.6822431683540344,0.6232845035621097,0,0,1
pqa_artificial_5242_ground_truth,0.6936104595661163,0.6977388601578198,0,0,2
pqa_artificial_5242_hallucinated,0.6777961850166321,0.7194573295116424,0,0,1
pqa_artificial_5247_ground_truth,0.540000985066096,0.5158481929200863,0,0,3
pqa_artificial_5247_hallucinated,0.7601357698440552,0.6689700388908385,0,0,1
pqa_artificial_5256_ground_truth,0.7945940852165222,0.8291087167944227,0,0,5
pqa_artificial_5256_hallucinated,0.8970061540603638,0.8829043078422546,0,0,1
pqa_artificial_5259_ground_truth,0.5229864940047264,0.5767155458033085,1,1,2
pqa_artificial_5259_hallucinated,0.7592259645462036,0.8039581751823426,0,0,2
pqa_artificial_5264_ground_truth,0.6812855303287506,0.6958101276403819,0,0,2
pqa_artificial_5264_hallucinated,0.5603059306740761,0.5865756046738237,0,0,4
pqa_artificial_5266_ground_truth,0.36842577159404755,0.43216274599818616,1,1,2
pqa_artificial_5266_hallucinated,0.7874172925949097,0.7549421048164368,0,0,1
pqa_artificial_5270_ground_truth,0.6151129007339478,0.6315790305137634,0,0,1
pqa_artificial_5270_hallucinated,0.7627071142196655,0.7422283132870992,0,0,1
pqa_artificial_5274_ground_truth,0.7161682844161987,0.7279844657580058,0,0,1
pqa_artificial_5274_hallucinated,0.7128846645355225,0.7577692651748656,0,0,1
pqa_artificial_5292_ground_truth,0.7102453112602234,0.6899842178821562,0,0,2
pqa_artificial_5292_hallucinated,0.7772064805030823,0.7409195363521576,0,0,1
pqa_artificial_5294_ground_truth,0.573525920510292,0.6058792020495121,0,0,2
pqa_artificial_5294_hallucinated,0.6130346655845642,0.523624265909195,0,0,1
pqa_artificial_5296_ground_truth,0.7622965772946676,0.7464899570474438,0,0,3
pqa_artificial_5296_hallucinated,0.9392967224121094,0.9125077056884765,0,0,1
pqa_artificial_529_ground_truth,0.7599855065345764,0.7399898545742034,0,0,1
pqa_artificial_529_hallucinated,0.6018047630786896,0.6002276198693683,0,0,2
pqa_artificial_5301_ground_truth,0.9501208066940308,0.9246999493012061,0,0,2
pqa_artificial_5301_hallucinated,0.7695221900939941,0.7968798187800816,0,0,2
pqa_artificial_5306_ground_truth,0.6216325895352797,0.5913657049140354,1,0,11
pqa_artificial_5306_hallucinated,0.8250383138656616,0.7675268197059631,0,0,1
pqa_artificial_5311_ground_truth,0.6283895969390869,0.6733102178573608,0,0,1
pqa_artificial_5311_hallucinated,0.6283732851346334,0.6186961412232026,0,0,3
pqa_artificial_5315_ground_truth,0.8363779783248901,0.7634645848274231,0,0,1
pqa_artificial_5315_hallucinated,0.7883229553699493,0.6802323187589645,0,0,2
pqa_artificial_5319_ground_truth,0.893414705991745,0.8832236275275547,0,0,2
pqa_artificial_5319_hallucinated,0.8096751570701599,0.7787726099491119,0,0,1
pqa_artificial_5329_ground_truth,0.8441672921180725,0.7981046044826507,0,0,2
pqa_artificial_5329_hallucinated,0.7117350101470947,0.6992145071029663,0,0,1
pqa_artificial_532_ground_truth,0.9024612903594971,0.849222903251648,0,0,1
pqa_artificial_532_hallucinated,0.8464370965957642,0.8303631104741778,0,0,1
pqa_artificial_5332_ground_truth,0.7337658405303955,0.7123860883712768,0,0,1
pqa_artificial_5332_hallucinated,0.601574718952179,0.6592273032665252,0,0,1
pqa_artificial_5335_ground_truth,0.31047677993774414,0.35233374595642086,1,0,1
pqa_artificial_5335_hallucinated,0.846203088760376,0.8043421621322631,0,0,1
pqa_artificial_5338_ground_truth,0.7011820673942566,0.7118631614616939,0,0,2
pqa_artificial_5338_hallucinated,0.781684398651123,0.7853040790557861,0,0,1
pqa_artificial_533_ground_truth,0.9697010517120361,0.9690848538454842,0,0,1
pqa_artificial_533_hallucinated,0.7105732262134552,0.7287134755439888,0,0,2
pqa_artificial_5341_ground_truth,0.7291814684867859,0.7279270279407501,0,0,1
pqa_artificial_5341_hallucinated,0.8733265399932861,0.8453285779953003,0,0,1
pqa_artificial_5342_ground_truth,0.4244929254055023,0.4608950477838516,1,0,2
pqa_artificial_5342_hallucinated,0.8552519679069519,0.8210293187113369,0,0,1
pqa_artificial_5345_ground_truth,0.619943305850029,0.5958353140950203,0,0,2
pqa_artificial_5345_hallucinated,0.8728763461112976,0.8594509422779083,0,0,1
pqa_artificial_5348_ground_truth,0.7915539741516113,0.7759298871692858,0,0,1
pqa_artificial_5348_hallucinated,0.6430202275514603,0.6167954880675348,0,0,4
pqa_artificial_5350_ground_truth,0.6400256156921387,0.6262453819648892,0,0,5
pqa_artificial_5350_hallucinated,0.6991872787475586,0.686306095123291,0,0,1
pqa_artificial_5361_ground_truth,0.8103448152542114,0.787741370677948,0,0,1
pqa_artificial_5361_hallucinated,0.8421601057052612,0.8482620739936828,0,0,1
pqa_artificial_5364_ground_truth,0.850037693977356,0.8464969740194432,0,0,1
pqa_artificial_5364_hallucinated,0.7340565323829651,0.735268144096647,0,0,1
pqa_artificial_5369_ground_truth,0.7648845314979553,0.7529191720485687,0,0,1
pqa_artificial_5369_hallucinated,0.7720581889152527,0.7579407322406768,0,0,1
pqa_artificial_5379_ground_truth,0.7850289046764374,0.7726452332735061,0,0,2
pqa_artificial_5379_hallucinated,0.7172746360301971,0.716887918298061,0,0,2
pqa_artificial_5381_ground_truth,0.7966796159744263,0.7751757311820984,0,0,1
pqa_artificial_5381_hallucinated,0.8209227919578552,0.8127709543704986,0,0,1
pqa_artificial_5382_ground_truth,0.7852267622947693,0.7575754002730051,0,0,3
pqa_artificial_5382_hallucinated,0.7941676378250122,0.7579761700069202,0,0,1
pqa_artificial_5383_ground_truth,0.8793444037437439,0.8475999061500324,0,0,1
pqa_artificial_5383_hallucinated,0.8831266760826111,0.8666261732578276,0,0,1
pqa_artificial_5391_ground_truth,0.7009584754705429,0.7077512899722371,0,0,4
pqa_artificial_5391_hallucinated,0.5851044207811356,0.5884192483929487,0,0,4
pqa_artificial_539_ground_truth,0.8115466833114624,0.7737969640323094,0,0,1
pqa_artificial_539_hallucinated,0.6421931385993958,0.683535197019577,0,0,1
pqa_artificial_53_ground_truth,0.7652340531349182,0.7284138371944426,0,0,1
pqa_artificial_53_hallucinated,0.8734056353569031,0.7606339447498321,0,0,1
pqa_artificial_5404_ground_truth,0.7105635404586792,0.7023944783210754,0,0,1
pqa_artificial_5404_hallucinated,0.6532495021820068,0.6447746515274048,0,0,1
pqa_artificial_5406_ground_truth,0.8409663438796997,0.8586764407157897,0,0,1
pqa_artificial_5406_hallucinated,0.7356427311897278,0.6988102059504565,0,0,2
pqa_artificial_5407_ground_truth,0.6457083225250244,0.6414695099780434,0,0,1
pqa_artificial_5407_hallucinated,0.659565269947052,0.7016956889629364,0,0,1
pqa_artificial_5408_ground_truth,0.6820316314697266,0.6280471420288085,0,0,2
pqa_artificial_5408_hallucinated,0.5849339962005615,0.589453797340393,0,0,1
pqa_artificial_540_ground_truth,0.7056843340396881,0.6965719130847475,0,0,2
pqa_artificial_540_hallucinated,0.6776983141899109,0.7303888199329376,0,0,1
pqa_artificial_5410_ground_truth,0.7778316140174866,0.7862468356945935,0,0,1
pqa_artificial_5410_hallucinated,0.6787856221199036,0.6834832688172658,0,0,1
pqa_artificial_5415_ground_truth,0.7326876521110535,0.7273009993348802,0,0,2
pqa_artificial_5415_hallucinated,0.9335516095161438,0.9259861266613005,0,0,1
pqa_artificial_5420_ground_truth,0.845522552728653,0.8184729297671998,0,0,2
pqa_artificial_5420_hallucinated,0.568662166595459,0.5936885166168213,1,0,2
pqa_artificial_5425_ground_truth,0.5256669521331787,0.5219091741855328,0,0,2
pqa_artificial_5425_hallucinated,0.7375847101211548,0.660132826496573,0,0,1
pqa_artificial_5434_ground_truth,0.6608166694641113,0.680071668624878,0,0,1
pqa_artificial_5434_hallucinated,0.8779645562171936,0.8202894750663212,0,0,1
pqa_artificial_5437_ground_truth,0.6424777507781982,0.6809844255447388,0,0,1
pqa_artificial_5437_hallucinated,0.6960679292678833,0.6309975504875183,0,0,1
pqa_artificial_5446_ground_truth,0.7647205591201782,0.7573877247174581,0,0,2
pqa_artificial_5446_hallucinated,0.8042712211608887,0.7414109074442009,0,0,1
pqa_artificial_5450_ground_truth,0.905414342880249,0.8187900400161743,0,0,1
pqa_artificial_5450_hallucinated,0.8277232646942139,0.7519062852859496,0,0,1
pqa_artificial_5452_ground_truth,0.6909708976745605,0.7011796283721924,0,0,1
pqa_artificial_5452_hallucinated,0.6167754530906677,0.6302043556250059,0,0,1
pqa_artificial_5453_ground_truth,0.7148824334144592,0.7058343700567882,0,0,2
pqa_artificial_5453_hallucinated,0.7039669752120972,0.6638303943541536,0,0,3
pqa_artificial_5458_ground_truth,0.9792618751525879,0.9254833126068116,0,0,1
pqa_artificial_5458_hallucinated,0.8792986869812012,0.9045090808868408,0,0,1
pqa_artificial_5462_ground_truth,0.917545735836029,0.9147820150852204,0,0,1
pqa_artificial_5462_hallucinated,0.9221211671829224,0.9154848170280456,0,0,1
pqa_artificial_5465_ground_truth,0.8500670194625854,0.8180469136238098,0,0,2
pqa_artificial_5465_hallucinated,0.7286127209663391,0.7628860475335802,0,0,1
pqa_artificial_546_ground_truth,0.7000288367271423,0.6875201857089996,0,0,2
pqa_artificial_546_hallucinated,0.7937842607498169,0.7926489825248718,0,0,1
pqa_artificial_5475_ground_truth,0.7232365012168884,0.6933708140097167,0,0,1
pqa_artificial_5475_hallucinated,0.8120852112770081,0.7923058017400594,0,0,1
pqa_artificial_5476_ground_truth,0.7187985777854919,0.7420601033509433,0,0,3
pqa_artificial_5476_hallucinated,0.6364811062812805,0.6303765913305348,0,0,2
pqa_artificial_5479_ground_truth,0.7663701772689819,0.7044591240882874,0,0,1
pqa_artificial_5479_hallucinated,0.8355276584625244,0.843619360923767,0,0,1
pqa_artificial_5482_ground_truth,0.7518738508224487,0.7001352249874788,0,0,1
pqa_artificial_5482_hallucinated,0.814182698726654,0.7728690655792461,0,0,1
pqa_artificial_5483_ground_truth,0.6263005435466766,0.6421603804826737,0,0,2
pqa_artificial_5483_hallucinated,0.889317512512207,0.8082914895277756,0,0,1
pqa_artificial_5492_ground_truth,0.8836342692375183,0.8214851649368511,0,0,1
pqa_artificial_5492_hallucinated,0.8667125999927521,0.7817709353795419,0,0,2
pqa_artificial_5494_ground_truth,0.6227597693602244,0.6417331206034391,0,0,3
pqa_artificial_5494_hallucinated,0.7045857906341553,0.6860671963010515,0,0,1
pqa_artificial_54_ground_truth,0.630896806716919,0.6304739185479971,0,0,2
pqa_artificial_54_hallucinated,0.7000977396965027,0.6129255606446947,0,0,1
pqa_artificial_5503_ground_truth,0.7304658889770508,0.6628261222839356,0,0,2
pqa_artificial_5503_hallucinated,0.8628374338150024,0.8439862036705017,0,0,1
pqa_artificial_5509_ground_truth,0.6238148411115011,0.6812120554447173,0,0,3
pqa_artificial_5509_hallucinated,0.7386887669563293,0.7559214225837163,0,0,2
pqa_artificial_5515_ground_truth,0.7771149277687073,0.7757304494380951,0,0,4
pqa_artificial_5515_hallucinated,0.728917121887207,0.7414919853210449,0,0,1
pqa_artificial_5521_ground_truth,0.8557372391223907,0.8323910673856735,0,0,2
pqa_artificial_5521_hallucinated,0.7288717031478882,0.6778605681433714,0,0,2
pqa_artificial_5523_ground_truth,0.8504098355770111,0.7965368849039078,0,0,2
pqa_artificial_5523_hallucinated,0.9363113641738892,0.8679179549217224,0,0,1
pqa_artificial_5538_ground_truth,0.8886922597885132,0.8945845818519591,0,0,1
pqa_artificial_5538_hallucinated,0.8214141130447388,0.7462398791313171,0,0,1
pqa_artificial_5542_ground_truth,0.7681533098220825,0.7409706221975866,0,0,3
pqa_artificial_5542_hallucinated,0.6970705986022949,0.6745119190216065,0,0,1
pqa_artificial_5543_ground_truth,0.5870344837506613,0.6112446514459756,0,0,3
pqa_artificial_5543_hallucinated,0.6421499848365784,0.6622549893856048,0,0,2
pqa_artificial_5546_ground_truth,0.9156427383422852,0.8309499168395996,0,0,1
pqa_artificial_5546_hallucinated,0.8039759397506714,0.8247062347485469,0,0,1
pqa_artificial_5554_ground_truth,0.8097614049911499,0.7961186977795192,0,0,1
pqa_artificial_5554_hallucinated,0.7244367003440857,0.7058556902408599,0,0,1
pqa_artificial_5562_ground_truth,0.7444254755973816,0.7935978329181672,0,0,1
pqa_artificial_5562_hallucinated,0.71538907289505,0.6700580653122493,0,0,1
pqa_artificial_5572_ground_truth,0.6329883337020874,0.6699668335914611,0,0,2
pqa_artificial_5572_hallucinated,0.8636108040809631,0.7785886488295248,0,0,2
pqa_artificial_5583_ground_truth,0.6648695170879364,0.6571274119615553,0,0,2
pqa_artificial_5583_hallucinated,0.6480668783187866,0.5807520779810453,0,0,1
pqa_artificial_5587_ground_truth,0.5636409223079681,0.564131978948911,0,0,2
pqa_artificial_5587_hallucinated,0.8618292212486267,0.7710929548740387,0,0,1
pqa_artificial_5589_ground_truth,0.7238315045833588,0.6150034817797796,0,0,2
pqa_artificial_5589_hallucinated,0.801372766494751,0.7322109365463256,0,0,1
pqa_artificial_558_ground_truth,0.7016953825950623,0.6742393993954909,0,0,2
pqa_artificial_558_hallucinated,0.8071045875549316,0.7309107112884521,0,0,1
pqa_artificial_5599_ground_truth,0.7137741148471832,0.6770972375358852,0,0,2
pqa_artificial_5599_hallucinated,0.6812398433685303,0.6280217365118174,0,0,1
pqa_artificial_5609_ground_truth,0.7559681236743927,0.7292333545882692,0,0,2
pqa_artificial_5609_hallucinated,0.9068509340286255,0.8889623204867045,0,0,1
pqa_artificial_5613_ground_truth,0.8628554940223694,0.8627488458156585,0,0,1
pqa_artificial_5613_hallucinated,0.799527108669281,0.7535975474970681,0,0,1
pqa_artificial_5615_ground_truth,0.8290262222290039,0.7356754984174455,0,0,1
pqa_artificial_5615_hallucinated,0.7843663096427917,0.7547707024642399,0,0,1
pqa_artificial_5618_ground_truth,0.591176837682724,0.6267084017625222,0,0,2
pqa_artificial_5618_hallucinated,0.6510843336582184,0.6294590335607528,0,0,2
pqa_artificial_5621_ground_truth,0.8298364579677582,0.7559785389720795,0,0,4
pqa_artificial_5621_hallucinated,0.7480435967445374,0.7519857808790709,0,0,2
pqa_artificial_5624_ground_truth,0.821082592010498,0.8089885836381179,0,0,1
pqa_artificial_5624_hallucinated,0.8151406049728394,0.8234555663381304,0,0,1
pqa_artificial_5628_ground_truth,0.891308605670929,0.8964818134433344,0,0,2
pqa_artificial_5628_hallucinated,0.8954261541366577,0.8717983078956604,0,0,1
pqa_artificial_5638_ground_truth,0.9137119650840759,0.8645983755588531,0,0,1
pqa_artificial_5638_hallucinated,0.7097926139831543,0.712112981962121,0,0,2
pqa_artificial_5639_ground_truth,0.5582984015345573,0.5480781118434208,0,0,4
pqa_artificial_5639_hallucinated,0.6247807145118713,0.5450250715868814,0,0,2
pqa_artificial_5641_ground_truth,0.8764209747314453,0.9134946823120116,0,0,1
pqa_artificial_5641_hallucinated,0.8248622417449951,0.8144035692214966,0,0,1
pqa_artificial_5651_ground_truth,0.79051473736763,0.7676460304430552,0,0,2
pqa_artificial_5651_hallucinated,0.6966588497161865,0.7051611948013305,0,0,1
pqa_artificial_5652_ground_truth,0.8126952648162842,0.7753152567999703,0,0,1
pqa_artificial_5652_hallucinated,0.7434089183807373,0.7153862428665161,0,0,1
pqa_artificial_5661_ground_truth,0.8647683461507162,0.8792267311943901,0,0,3
pqa_artificial_5661_hallucinated,0.7889776229858398,0.8277010027567545,0,0,3
pqa_artificial_5663_ground_truth,0.87496018409729,0.807472128868103,0,0,1
pqa_artificial_5663_hallucinated,0.7867975234985352,0.7436154093061174,0,0,1
pqa_artificial_5672_ground_truth,0.8515410423278809,0.8199248834756704,0,0,1
pqa_artificial_5672_hallucinated,0.8585802912712097,0.8185062038898467,0,0,1
pqa_artificial_5675_ground_truth,0.8902053833007812,0.8818937683105468,0,0,1
pqa_artificial_5675_hallucinated,0.7580841779708862,0.7550339245796203,0,0,1
pqa_artificial_5677_ground_truth,0.6116740703582764,0.6187487723277165,0,0,2
pqa_artificial_5677_hallucinated,0.789839506149292,0.7747297595676623,0,0,1
pqa_artificial_567_ground_truth,0.5870780348777771,0.5218241896318353,0,0,1
pqa_artificial_567_hallucinated,0.5369658470153809,0.5006129350160298,0,0,1
pqa_artificial_5680_ground_truth,0.7445036172866821,0.7830756090237544,0,0,1
pqa_artificial_5680_hallucinated,0.7307921648025513,0.7455545153617859,0,0,1
pqa_artificial_5683_ground_truth,0.9159466028213501,0.8822340505463736,0,0,1
pqa_artificial_5683_hallucinated,0.9207712411880493,0.8464629457547115,0,0,1
pqa_artificial_5684_ground_truth,0.7369252443313599,0.6894003026108992,0,0,2
pqa_artificial_5684_hallucinated,0.7326397895812988,0.7200353527069091,0,0,1
pqa_artificial_5690_ground_truth,0.8991793692111969,0.8781887163425746,0,0,2
pqa_artificial_5690_hallucinated,0.6330632716417313,0.6338317901492119,0,0,2
pqa_artificial_5691_ground_truth,0.8305952548980713,0.8578452498572213,0,0,1
pqa_artificial_5691_hallucinated,0.9020581841468811,0.8764407289028168,0,0,1
pqa_artificial_5698_ground_truth,0.5881276726722717,0.6011630550811164,0,0,1
pqa_artificial_5698_hallucinated,0.6467491388320923,0.6497243971824646,0,0,1
pqa_artificial_569_ground_truth,0.7122134864330292,0.7007369405031203,0,0,2
pqa_artificial_569_hallucinated,0.7830818295478821,0.7056572806835174,0,0,1
pqa_artificial_5701_ground_truth,0.7478636701901754,0.7699212357997892,0,0,3
pqa_artificial_5701_hallucinated,0.8310548663139343,0.7600717397530873,0,0,1
pqa_artificial_5709_ground_truth,0.8013410866260529,0.7472482844477607,0,0,2
pqa_artificial_5709_hallucinated,0.850473940372467,0.8203317582607269,0,0,1
pqa_artificial_5723_ground_truth,0.7741335034370422,0.7568934524059295,0,0,2
pqa_artificial_5723_hallucinated,0.7687421639760336,0.7550732962958285,0,0,3
pqa_artificial_572_ground_truth,0.7507321238517761,0.7373180422517988,0,0,3
pqa_artificial_572_hallucinated,0.7739652097225189,0.7653173134724298,0,0,2
pqa_artificial_5738_ground_truth,0.7675399482250214,0.7871433483728996,0,0,2
pqa_artificial_5738_hallucinated,0.7158930897712708,0.6917799247446514,0,0,2
pqa_artificial_5740_ground_truth,0.8324835896492004,0.7702385127544402,0,0,1
pqa_artificial_5740_hallucinated,0.6269131302833557,0.6688391911983489,0,0,1
pqa_artificial_5743_ground_truth,0.691899319489797,0.6885926815375947,0,0,3
pqa_artificial_5743_hallucinated,0.7106130421161652,0.7202175910197772,0,0,2
pqa_artificial_5745_ground_truth,0.6879993677139282,0.7039524985762203,0,0,1
pqa_artificial_5745_hallucinated,0.6588931083679199,0.7029898817398968,0,0,1
pqa_artificial_5754_ground_truth,0.7860804796218872,0.7645420500210351,0,0,1
pqa_artificial_5754_hallucinated,0.5832463502883911,0.5760849452018738,0,0,1
pqa_artificial_5759_ground_truth,0.8965083360671997,0.9125558352470398,0,0,1
pqa_artificial_5759_hallucinated,0.8999049067497253,0.8999334347248077,0,0,1
pqa_artificial_575_ground_truth,0.7358761429786682,0.717569440435945,0,0,2
pqa_artificial_575_hallucinated,0.7265579402446747,0.684007224837939,0,0,2
pqa_artificial_5769_ground_truth,0.6881317496299744,0.6900255580743153,0,0,1
pqa_artificial_5769_hallucinated,0.7763175964355469,0.8104223175048828,0,0,1
pqa_artificial_5772_ground_truth,0.6595866978168488,0.6792106884717941,0,0,2
pqa_artificial_5772_hallucinated,0.5800343155860901,0.5486668780531202,0,1,3
pqa_artificial_5774_ground_truth,0.7949241399765015,0.7543040408406938,0,0,1
pqa_artificial_5774_hallucinated,0.8300793170928955,0.8604305219650268,0,0,1
pqa_artificial_5777_ground_truth,0.5336979478597641,0.5580885635018349,0,0,2
pqa_artificial_5777_hallucinated,0.6863268911838531,0.6876163238286972,0,0,2
pqa_artificial_5783_ground_truth,0.6726458370685577,0.6683814977126963,0,0,2
pqa_artificial_5783_hallucinated,0.5447511672973633,0.6051719709543081,0,0,1
pqa_artificial_5797_ground_truth,0.7515016794204712,0.7625896371327914,0,0,1
pqa_artificial_5797_hallucinated,0.700079083442688,0.6175553584098816,0,0,1
pqa_artificial_5798_ground_truth,0.5899769365787506,0.6323588556051254,0,0,2
pqa_artificial_5798_hallucinated,0.7379684448242188,0.7056094903243215,0,0,2
pqa_artificial_5799_ground_truth,0.7528802851835886,0.7540876281999406,0,0,3
pqa_artificial_5799_hallucinated,0.8394280672073364,0.8325996470451354,0,0,1
pqa_artificial_579_ground_truth,0.8281839489936829,0.8242287642955779,0,0,2
pqa_artificial_579_hallucinated,0.7886242866516113,0.7557870006561279,0,0,1
pqa_artificial_5804_ground_truth,0.8039780855178833,0.7711179931958516,0,0,1
pqa_artificial_5804_hallucinated,0.6270176470279694,0.63284092434815,0,0,2
pqa_artificial_5814_ground_truth,0.8474592566490173,0.7598881463209787,0,0,1
pqa_artificial_5814_hallucinated,0.8717414140701294,0.7768856565157571,0,0,1
pqa_artificial_5821_ground_truth,0.7098079025745392,0.6968655318021774,0,0,2
pqa_artificial_5821_hallucinated,0.9209116697311401,0.8621381688117981,0,0,1
pqa_artificial_5841_ground_truth,0.7128351728121439,0.6952346209685007,0,0,3
pqa_artificial_5841_hallucinated,0.6896973550319672,0.686225648522377,0,0,2
pqa_artificial_584_ground_truth,0.7977432012557983,0.8034202408790588,0,0,1
pqa_artificial_584_hallucinated,0.7119002342224121,0.6867676639556884,0,0,1
pqa_artificial_5855_ground_truth,0.7555007040500641,0.7861446104821037,0,0,2
pqa_artificial_5855_hallucinated,0.5165389180183411,0.5635003195359156,0,0,1
pqa_artificial_5857_ground_truth,0.6988688111305237,0.7082081677913665,0,0,1
pqa_artificial_5857_hallucinated,0.6970022916793823,0.7069016041755676,0,0,1
pqa_artificial_5858_ground_truth,0.7441072165966034,0.731291718284289,0,0,2
pqa_artificial_5858_hallucinated,0.7503540515899658,0.750247836112976,0,0,1
pqa_artificial_5861_ground_truth,0.7584750652313232,0.7807151543575784,0,0,1
pqa_artificial_5861_hallucinated,0.8768845200538635,0.8388191640377044,0,0,1
pqa_artificial_5863_ground_truth,0.6769657731056213,0.6639201588209938,0,0,3
pqa_artificial_5863_hallucinated,0.5193306058645248,0.5336861422424223,1,1,4
pqa_artificial_5864_ground_truth,0.7869961261749268,0.7271472883224487,0,0,1
pqa_artificial_5864_hallucinated,0.8010972738265991,0.7257680916786193,0,0,1
pqa_artificial_5871_ground_truth,0.7704899311065674,0.7554633531123898,0,0,2
pqa_artificial_5871_hallucinated,0.6791192293167114,0.6739772105216979,0,0,2
pqa_artificial_5878_ground_truth,0.6872968475023905,0.6973577932516734,0,0,3
pqa_artificial_5878_hallucinated,0.6882162094116211,0.6655013465881348,0,0,2
pqa_artificial_5891_ground_truth,0.7117148637771606,0.7435441546440125,0,0,2
pqa_artificial_5891_hallucinated,0.7826904058456421,0.7993538723272435,0,0,1
pqa_artificial_5895_ground_truth,0.7831621170043945,0.7802723054324879,0,0,1
pqa_artificial_5895_hallucinated,0.8210369348526001,0.7865457073379964,0,0,2
pqa_artificial_5900_ground_truth,0.8203482627868652,0.8412437839508057,0,0,1
pqa_artificial_5900_hallucinated,0.5297989845275879,0.5519307177407401,0,0,1
pqa_artificial_5907_ground_truth,0.6989024877548218,0.7204817414283753,0,0,1
pqa_artificial_5907_hallucinated,0.730664849281311,0.7147987278302511,0,0,1
pqa_artificial_5911_ground_truth,0.7546941936016083,0.7245359355211258,0,0,2
pqa_artificial_5911_hallucinated,0.6604474782943726,0.6669560919489179,0,0,1
pqa_artificial_5918_ground_truth,0.9151026010513306,0.870187205351316,0,0,2
pqa_artificial_5918_hallucinated,0.9545155763626099,0.9427762880692114,0,0,1
pqa_artificial_5919_ground_truth,0.742654005686442,0.7661519216275683,0,0,3
pqa_artificial_5919_hallucinated,0.6865907311439514,0.7098992260864803,0,0,1
pqa_artificial_5921_ground_truth,0.8215676546096802,0.7788473582267761,0,0,2
pqa_artificial_5921_hallucinated,0.7738714814186096,0.69004337032636,0,0,1
pqa_artificial_5931_ground_truth,0.8389406204223633,0.7249054931191836,0,0,1
pqa_artificial_5931_hallucinated,0.5725904703140259,0.6133133292198181,0,0,1
pqa_artificial_5939_ground_truth,0.9912780523300171,0.993894636631012,0,0,1
pqa_artificial_5939_hallucinated,0.9525566101074219,0.9217896270751953,0,0,1
pqa_artificial_5940_ground_truth,0.7911824882030487,0.7827687869102014,0,0,4
pqa_artificial_5940_hallucinated,0.7630123496055603,0.8105372161524637,0,0,1
pqa_artificial_5941_ground_truth,0.7342069745063782,0.7029448821544646,0,0,1
pqa_artificial_5941_hallucinated,0.6606667637825012,0.6141334013144175,0,0,1
pqa_artificial_5942_ground_truth,0.5862435102462769,0.5758704571723938,0,0,2
pqa_artificial_5942_hallucinated,0.880723774433136,0.8257566421031952,0,0,1
pqa_artificial_5949_ground_truth,0.7041704654693604,0.7231354912420861,0,0,2
pqa_artificial_5949_hallucinated,0.784563422203064,0.7941943955421448,0,0,1
pqa_artificial_5950_ground_truth,0.8932596445083618,0.8277817511558533,0,0,1
pqa_artificial_5950_hallucinated,0.8520135879516602,0.753909511566162,0,0,1
pqa_artificial_5951_ground_truth,0.8274450302124023,0.7742115211486815,0,0,1
pqa_artificial_5951_hallucinated,0.8631724119186401,0.8292206883430481,0,0,1
pqa_artificial_5953_ground_truth,0.862891435623169,0.8254525763647896,0,0,1
pqa_artificial_5953_hallucinated,0.7737181186676025,0.6606026830673217,0,0,1
pqa_artificial_5954_ground_truth,0.8436065912246704,0.8685246138572693,0,0,1
pqa_artificial_5954_hallucinated,0.7926904559135437,0.7836333191394805,0,0,1
pqa_artificial_5963_ground_truth,0.8119776844978333,0.7638682501162253,0,0,1
pqa_artificial_5963_hallucinated,0.5687879323959351,0.5698182193438213,0,0,1
pqa_artificial_5968_ground_truth,0.5706726312637329,0.5805035799798511,0,0,4
pqa_artificial_5968_hallucinated,0.6934280097484589,0.6498776288019432,0,0,2
pqa_artificial_5973_ground_truth,0.735039234161377,0.7266941305796305,0,0,3
pqa_artificial_5973_hallucinated,0.7419686317443848,0.6713780422210693,0,0,2
pqa_artificial_5975_ground_truth,0.7212728559970856,0.6880159991979599,0,0,2
pqa_artificial_5975_hallucinated,0.7488984763622284,0.7477825048821313,0,0,2
pqa_artificial_5982_ground_truth,0.7611472606658936,0.7998030824661254,0,0,2
pqa_artificial_5982_hallucinated,0.750095009803772,0.7479236497197832,0,0,1
pqa_artificial_5983_ground_truth,0.8047075271606445,0.8279381261553083,0,0,1
pqa_artificial_5983_hallucinated,0.6847866177558899,0.7158890939675845,0,0,1
pqa_artificial_5989_ground_truth,0.9228282570838928,0.918479779958725,0,0,1
pqa_artificial_5989_hallucinated,0.920803964138031,0.9170627748966216,0,0,1
pqa_artificial_5991_ground_truth,0.8769862651824951,0.8017851224698518,0,0,1
pqa_artificial_5991_hallucinated,0.4680382251739502,0.47984734585705924,2,2,5
pqa_artificial_5994_ground_truth,0.7399400870005289,0.7418591598014691,0,0,3
pqa_artificial_5994_hallucinated,0.8043063879013062,0.7805144715309142,0,0,1
pqa_artificial_6000_ground_truth,0.8012673556804657,0.7503514346906117,0,0,2
pqa_artificial_6000_hallucinated,0.9238550066947937,0.8289485046863556,0,0,1
pqa_artificial_6002_ground_truth,0.7595960199832916,0.7466672139883042,0,0,2
pqa_artificial_6002_hallucinated,0.7308474779129028,0.7675932345390319,0,0,1
pqa_artificial_6010_ground_truth,0.853747695684433,0.8142167935725098,0,0,2
pqa_artificial_6010_hallucinated,0.7647007703781128,0.7118290008031405,0,0,1
pqa_artificial_6012_ground_truth,0.9137694835662842,0.8825232538810143,0,0,1
pqa_artificial_6012_hallucinated,0.9312343597412109,0.9084429991872687,0,0,1
pqa_artificial_6016_ground_truth,0.8215750455856323,0.7438525319099426,0,0,1
pqa_artificial_6016_hallucinated,0.5448791980743408,0.5782904386520386,0,0,1
pqa_artificial_6028_ground_truth,0.8241317272186279,0.8218922090530395,0,0,1
pqa_artificial_6028_hallucinated,0.7974358201026917,0.7702050740718842,0,0,1
pqa_artificial_602_ground_truth,0.7472004294395447,0.7298617291791099,0,0,2
pqa_artificial_602_hallucinated,0.6961692571640015,0.7096714211912716,0,0,1
pqa_artificial_6033_ground_truth,0.7698683440685272,0.7768980369264005,0,0,2
pqa_artificial_6033_hallucinated,0.7576815485954285,0.7430241428403292,0,0,1
pqa_artificial_6042_ground_truth,0.6568936705589294,0.6682839027245839,0,0,5
pqa_artificial_6042_hallucinated,0.7788004875183105,0.7351603412628174,0,0,1
pqa_artificial_6043_ground_truth,0.6589073538780212,0.7172351477146148,0,0,1
pqa_artificial_6043_hallucinated,0.8208978176116943,0.8392713294710432,0,0,1
pqa_artificial_6046_ground_truth,0.8445742130279541,0.8127404106580294,0,0,1
pqa_artificial_6046_hallucinated,0.7273344397544861,0.6716341078281403,0,0,1
pqa_artificial_6053_ground_truth,0.665404478708903,0.6559498017628987,0,0,3
pqa_artificial_6053_hallucinated,0.6887887120246887,0.6542109219466938,0,0,1
pqa_artificial_6059_ground_truth,0.7698102593421936,0.7705100386823927,0,0,2
pqa_artificial_6059_hallucinated,0.7075627446174622,0.7020330516670061,0,0,1
pqa_artificial_605_ground_truth,0.5897332429885864,0.5925892725982761,0,0,6
pqa_artificial_605_hallucinated,0.84610915184021,0.7880658799723574,0,0,1
pqa_artificial_6062_ground_truth,0.5785486251115799,0.592484037578106,0,0,2
pqa_artificial_6062_hallucinated,0.7462821900844574,0.7043828271767671,0,0,2
pqa_artificial_6072_ground_truth,0.7788728475570679,0.7755443266232808,0,0,2
pqa_artificial_6072_hallucinated,0.743341863155365,0.7695700734395248,0,0,1
pqa_artificial_6073_ground_truth,0.83516526222229,0.829615683555603,0,0,1
pqa_artificial_6073_hallucinated,0.7658266425132751,0.6935786497592925,0,0,1
pqa_artificial_607_ground_truth,0.6485411524772644,0.6218954734007517,0,0,3
pqa_artificial_607_hallucinated,0.63936448097229,0.644430136680603,0,0,1
pqa_artificial_6081_ground_truth,0.5790738165378571,0.5900885136817631,0,0,2
pqa_artificial_6081_hallucinated,0.707393229007721,0.6879252603054047,0,0,1
pqa_artificial_6084_ground_truth,0.8106019496917725,0.7849213647842407,0,0,1
pqa_artificial_6084_hallucinated,0.870754599571228,0.8023853625570024,0,0,1
pqa_artificial_6086_ground_truth,0.7978723049163818,0.8310106134414672,0,0,1
pqa_artificial_6086_hallucinated,0.7806695699691772,0.8098020323117573,0,0,1
pqa_artificial_6094_ground_truth,0.8626078367233276,0.8310081482450289,0,0,2
pqa_artificial_6094_hallucinated,0.8330155611038208,0.7791108927726744,0,0,1
pqa_artificial_6097_ground_truth,0.6286559700965881,0.6200591790676117,0,0,2
pqa_artificial_6097_hallucinated,0.7822104692459106,0.7737973284721373,0,0,1
pqa_artificial_609_ground_truth,0.6143925189971924,0.6108642369822451,0,0,1
pqa_artificial_609_hallucinated,0.6481173038482666,0.6716207091850146,0,0,2
pqa_artificial_6104_ground_truth,0.9090721607208252,0.8538505125045777,0,0,1
pqa_artificial_6104_hallucinated,0.6224075555801392,0.5745692174775259,0,0,2
pqa_artificial_6106_ground_truth,0.9717603921890259,0.9008205098264357,0,0,1
pqa_artificial_6106_hallucinated,0.9764995574951172,0.9019871902465819,0,0,1
pqa_artificial_6128_ground_truth,0.7921593189239502,0.8095115232467651,0,0,1
pqa_artificial_6128_hallucinated,0.7915782928466797,0.7941048049926758,0,0,1
pqa_artificial_6130_ground_truth,0.8631798028945923,0.8561008620262145,0,0,1
pqa_artificial_6130_hallucinated,0.7619513273239136,0.7352890060498163,0,0,1
pqa_artificial_6136_ground_truth,0.5091422200202942,0.5955558040142059,0,0,2
pqa_artificial_6136_hallucinated,0.7682985067367554,0.7461422880490621,0,0,1
pqa_artificial_6138_ground_truth,0.8504135608673096,0.8512894926071166,0,0,1
pqa_artificial_6138_hallucinated,0.9737807512283325,0.8907090258598328,0,0,1
pqa_artificial_613_ground_truth,0.8239976763725281,0.7777983734607696,0,0,1
pqa_artificial_613_hallucinated,0.7189390659332275,0.6824678724690487,0,0,1
pqa_artificial_6144_ground_truth,0.5923879345258077,0.6087924332889445,0,0,3
pqa_artificial_6144_hallucinated,0.7269694805145264,0.6526286363601683,0,0,1
pqa_artificial_6153_ground_truth,0.7929211854934692,0.7794198298454285,0,0,1
pqa_artificial_6153_hallucinated,0.6717990934848785,0.6671343654394151,0,0,2
pqa_artificial_6156_ground_truth,0.702810674905777,0.6699842993571208,0,0,2
pqa_artificial_6156_hallucinated,0.7410880327224731,0.7553000844441927,0,0,1
pqa_artificial_6161_ground_truth,0.8314447204271952,0.7658031595026564,0,0,3
pqa_artificial_6161_hallucinated,0.7757864594459534,0.7214715742437462,0,0,1
pqa_artificial_6165_ground_truth,0.7866750955581665,0.7806725668907165,0,0,1
pqa_artificial_6165_hallucinated,0.6154994368553162,0.6601353200844355,0,0,1
pqa_artificial_616_ground_truth,0.7559550106525421,0.7211432973727459,0,0,2
pqa_artificial_616_hallucinated,0.8740850687026978,0.7689183716213002,0,0,1
pqa_artificial_6170_ground_truth,0.6936503648757935,0.7030552554130554,0,0,1
pqa_artificial_6170_hallucinated,0.7416744828224182,0.722113314446281,0,0,1
pqa_artificial_6171_ground_truth,0.6966487914323807,0.7083465882131927,0,0,4
pqa_artificial_6171_hallucinated,0.6679607232411703,0.6658148031875867,0,0,3
pqa_artificial_617_ground_truth,0.8471893072128296,0.8616039436204093,0,0,1
pqa_artificial_617_hallucinated,0.8548654019832611,0.823941495673997,0,0,2
pqa_artificial_6180_ground_truth,0.7179391384124756,0.7425573968887329,0,0,1
pqa_artificial_6180_hallucinated,0.8035554885864258,0.7917745562962122,0,0,1
pqa_artificial_6186_ground_truth,0.6116215785344442,0.643167784712673,0,0,3
pqa_artificial_6186_hallucinated,0.6739231944084167,0.6962560400074603,0,0,2
pqa_artificial_6188_ground_truth,0.6913328170776367,0.6817901148114884,0,0,1
pqa_artificial_6188_hallucinated,0.7745645046234131,0.7671951532363891,0,0,1
pqa_artificial_6191_ground_truth,0.9607021808624268,0.9597992189113911,0,0,1
pqa_artificial_6191_hallucinated,0.8912951946258545,0.857906636238098,0,0,1
pqa_artificial_619_ground_truth,0.7648804783821106,0.707083001534144,0,0,1
pqa_artificial_619_hallucinated,0.6527491509914398,0.5627577390273412,0,0,2
pqa_artificial_6204_ground_truth,0.8107866495847702,0.816234478238751,0,0,4
pqa_artificial_6204_hallucinated,0.8050826191902161,0.8150284216684454,0,0,1
pqa_artificial_6205_ground_truth,0.6418606638908386,0.6752399647235869,0,0,2
pqa_artificial_6205_hallucinated,0.763131856918335,0.7270494426999773,0,0,1
pqa_artificial_6209_ground_truth,0.5831529423594475,0.6944570596516132,1,0,4
pqa_artificial_6209_hallucinated,0.7749055027961731,0.769683851957321,0,0,1
pqa_artificial_6212_ground_truth,0.6946437060832977,0.7178934514011654,0,0,2
pqa_artificial_6212_hallucinated,0.6399897734324137,0.6327944287042769,0,0,3
pqa_artificial_6213_ground_truth,0.6579588055610657,0.653371163892746,0,0,2
pqa_artificial_6213_hallucinated,0.6879683434963226,0.6959305190188545,0,0,2
pqa_artificial_6216_ground_truth,0.8320915102958679,0.8295389559925326,0,0,2
pqa_artificial_6216_hallucinated,0.8257006406784058,0.814990448474884,0,0,1
pqa_artificial_6222_ground_truth,0.7528823912143707,0.7599864238500595,0,0,2
pqa_artificial_6222_hallucinated,0.8697642683982849,0.8098349878787994,0,0,1
pqa_artificial_622_ground_truth,0.70962127049764,0.709813320720897,0,0,3
pqa_artificial_622_hallucinated,0.7451384663581848,0.7338067478793009,0,0,2
pqa_artificial_6230_ground_truth,0.8276810646057129,0.7368767452239989,0,0,1
pqa_artificial_6230_hallucinated,0.8671218156814575,0.8567678796726724,0,0,1
pqa_artificial_6236_ground_truth,0.7274446189403534,0.7781398046868188,0,0,2
pqa_artificial_6236_hallucinated,0.5668777823448181,0.6638144476413727,0,0,1
pqa_artificial_6238_ground_truth,0.7575971484184265,0.7518564654313601,0,0,1
pqa_artificial_6238_hallucinated,0.6758729815483093,0.6862689818206587,0,0,1
pqa_artificial_6241_ground_truth,0.6835456490516663,0.7166069543361664,0,0,1
pqa_artificial_6241_hallucinated,0.746145486831665,0.7473018407821654,0,0,1
pqa_artificial_6243_ground_truth,0.7345532476902008,0.7138122733831406,0,0,2
pqa_artificial_6243_hallucinated,0.7717148065567017,0.7439503645896911,0,0,1
pqa_artificial_6248_ground_truth,0.7900917132695516,0.7949213421458289,0,0,3
pqa_artificial_6248_hallucinated,0.7208123207092285,0.7463333303788129,0,0,1
pqa_artificial_624_ground_truth,0.6344901025295258,0.6513826551040013,0,0,4
pqa_artificial_624_hallucinated,0.6705164313316345,0.6165490019321441,0,0,1
pqa_artificial_6264_ground_truth,0.772685170173645,0.7151443250039045,0,0,2
pqa_artificial_6264_hallucinated,0.6822333931922913,0.6583967085679372,0,0,1
pqa_artificial_6266_ground_truth,0.8182662725448608,0.7273516081727069,0,0,1
pqa_artificial_6266_hallucinated,0.8058847188949585,0.7279654570726247,0,0,1
pqa_artificial_6273_ground_truth,0.7979819476604462,0.7919623633623123,0,0,2
pqa_artificial_6273_hallucinated,0.8690351247787476,0.8214824820819654,0,0,1
pqa_artificial_6283_ground_truth,0.837859034538269,0.874715609891074,0,0,1
pqa_artificial_6283_hallucinated,0.7990330457687378,0.7922178688802217,0,0,1
pqa_artificial_6295_ground_truth,0.7272913455963135,0.7266039419174194,0,0,1
pqa_artificial_6295_hallucinated,0.5250637233257294,0.5491089338133907,1,1,3
pqa_artificial_6310_ground_truth,0.8080332279205322,0.8119327833538963,0,0,2
pqa_artificial_6310_hallucinated,0.7340705394744873,0.7784922347749983,0,0,1
pqa_artificial_6315_ground_truth,0.7733051776885986,0.7563244939472363,0,0,3
pqa_artificial_6315_hallucinated,0.8873258829116821,0.8517531180381774,0,0,1
pqa_artificial_6317_ground_truth,0.6921776533126831,0.7554067102600546,0,0,1
pqa_artificial_6317_hallucinated,0.6404203772544861,0.6775799783638545,0,0,1
pqa_artificial_631_ground_truth,0.7675620317459106,0.7639600888888041,0,0,1
pqa_artificial_631_hallucinated,0.8098511695861816,0.81975296156747,0,0,1
pqa_artificial_6320_ground_truth,0.7708509564399719,0.7342385266508376,0,0,2
pqa_artificial_6320_hallucinated,0.6712096929550171,0.6593204692790382,0,0,1
pqa_artificial_6328_ground_truth,0.818604052066803,0.8302450586689842,0,0,1
pqa_artificial_6328_hallucinated,0.7510812878608704,0.6670069015026092,0,0,1
pqa_artificial_6332_ground_truth,0.6578990519046783,0.6853626696666082,0,0,2
pqa_artificial_6332_hallucinated,0.6558246612548828,0.7210003398014948,0,0,1
pqa_artificial_6333_ground_truth,0.8952389359474182,0.8258339218298594,0,0,1
pqa_artificial_6333_hallucinated,0.8698004484176636,0.8263603138923645,0,0,1
pqa_artificial_6342_ground_truth,0.6865995824337006,0.7462447077035903,0,0,2
pqa_artificial_6342_hallucinated,0.893926203250885,0.8982483422756196,0,0,1
pqa_artificial_6344_ground_truth,0.6785000562667847,0.7095846547713646,0,0,2
pqa_artificial_6344_hallucinated,0.6272501349449158,0.6456135559999026,0,0,1
pqa_artificial_6349_ground_truth,0.7515509128570557,0.6940856389999389,0,0,1
pqa_artificial_6349_hallucinated,0.5593356490135193,0.5032016209761302,0,0,1
pqa_artificial_6353_ground_truth,0.8371931314468384,0.8050351920127868,0,0,1
pqa_artificial_6353_hallucinated,0.6423454880714417,0.6161023679657986,0,0,2
pqa_artificial_6371_ground_truth,0.8057897686958313,0.78363849092109,0,0,4
pqa_artificial_6371_hallucinated,0.7976579666137695,0.7261730766296387,0,0,1
pqa_artificial_637_ground_truth,0.5991986691951752,0.593553619520214,1,1,4
pqa_artificial_637_hallucinated,0.5546933114528656,0.5140353180170059,0,0,2
pqa_artificial_6380_ground_truth,0.739911417166392,0.7250850508400039,0,0,3
pqa_artificial_6380_hallucinated,0.535029411315918,0.49804999968584845,0,0,1
pqa_artificial_6383_ground_truth,0.8189563155174255,0.8201027541955312,0,0,2
pqa_artificial_6383_hallucinated,0.6107755303382874,0.6086142998082297,0,0,1
pqa_artificial_638_ground_truth,0.6891455054283142,0.7234732823712485,0,0,1
pqa_artificial_638_hallucinated,0.6842074394226074,0.7200166361672538,0,0,1
pqa_artificial_6397_ground_truth,0.7088814973831177,0.7331080738092081,1,0,3
pqa_artificial_6397_hallucinated,0.9005412459373474,0.8669173336946048,0,0,1
pqa_artificial_639_ground_truth,0.6227879822254181,0.6255471757930868,0,0,2
pqa_artificial_639_hallucinated,0.5700658559799194,0.6165460991859436,0,0,1
pqa_artificial_6401_ground_truth,0.8382791876792908,0.7534620980421701,0,0,1
pqa_artificial_6401_hallucinated,0.8334792852401733,0.8014354996681212,0,0,1
pqa_artificial_6402_ground_truth,0.4726395905017853,0.5695015595050958,1,0,2
pqa_artificial_6402_hallucinated,0.5299399495124817,0.5547079646587372,0,0,2
pqa_artificial_6403_ground_truth,0.6073020994663239,0.6549864696264267,0,0,2
pqa_artificial_6403_hallucinated,0.780998706817627,0.6998569895091808,0,0,1
pqa_artificial_6417_ground_truth,0.6926789879798889,0.7023752915859223,0,0,1
pqa_artificial_6417_hallucinated,0.832277774810791,0.8354515852246965,0,0,1
pqa_artificial_6422_ground_truth,0.7309106588363647,0.7457446040425981,0,0,2
pqa_artificial_6422_hallucinated,0.8234918713569641,0.8256750791806441,0,0,1
pqa_artificial_6424_ground_truth,0.8498427867889404,0.8227024507522582,0,0,1
pqa_artificial_6424_hallucinated,0.8641324043273926,0.8298926830291747,0,0,1
pqa_artificial_6428_ground_truth,0.8057883977890015,0.740676878452301,0,0,2
pqa_artificial_6428_hallucinated,0.9200884103775024,0.8197761729785373,0,0,1
pqa_artificial_6433_ground_truth,0.4858483374118805,0.5607703067765516,0,0,2
pqa_artificial_6433_hallucinated,0.7395325899124146,0.7312442415101188,0,0,1
pqa_artificial_6437_ground_truth,0.6405536532402039,0.7012447001252855,0,0,1
pqa_artificial_6437_hallucinated,0.7737699747085571,0.8306389822959899,0,0,1
pqa_artificial_6439_ground_truth,0.502304196357727,0.5313004374504089,1,1,4
pqa_artificial_6439_hallucinated,0.8088255524635315,0.6900909302027328,0,0,1
pqa_artificial_6452_ground_truth,0.8313970565795898,0.7961446062723795,0,0,2
pqa_artificial_6452_hallucinated,0.8494025468826294,0.8533317828178406,0,0,1
pqa_artificial_6454_ground_truth,0.8150245845317841,0.754550822617627,0,0,2
pqa_artificial_6454_hallucinated,0.8488239049911499,0.7599267334938049,0,0,1
pqa_artificial_6461_ground_truth,0.7652028203010559,0.7189753075440724,0,0,3
pqa_artificial_6461_hallucinated,0.7387166917324066,0.7362266842126846,0,0,2
pqa_artificial_6467_ground_truth,0.7143078049023946,0.7306107015269143,0,0,3
pqa_artificial_6467_hallucinated,0.6470752358436584,0.6468812365191323,0,0,1
pqa_artificial_6468_ground_truth,0.6848747730255127,0.7032584949640127,0,0,1
pqa_artificial_6468_hallucinated,0.7343385815620422,0.712498545554968,0,0,1
pqa_artificial_6470_ground_truth,0.6120188236236572,0.6297367059483248,0,0,2
pqa_artificial_6470_hallucinated,0.7254736423492432,0.7277708208995309,0,0,3
pqa_artificial_6471_ground_truth,0.6433544158935547,0.6286814244588216,0,0,1
pqa_artificial_6471_hallucinated,0.6786577105522156,0.6050603973865508,0,0,1
pqa_artificial_6474_ground_truth,0.4813341001669566,0.49175224618524566,0,0,6
pqa_artificial_6474_hallucinated,0.6489908695220947,0.5602311086654662,0,0,1
pqa_artificial_6475_ground_truth,0.6567620038986206,0.6634834027290344,0,0,1
pqa_artificial_6475_hallucinated,0.5977136492729187,0.604962054491043,0,0,1
pqa_artificial_6478_ground_truth,0.5156899690628052,0.5431258354868207,0,0,1
pqa_artificial_6478_hallucinated,0.695987343788147,0.6316648248622291,0,0,1
pqa_artificial_6489_ground_truth,0.7445284525553385,0.681419916788737,0,0,3
pqa_artificial_6489_hallucinated,0.7825039327144623,0.7087423362334568,0,0,2
pqa_artificial_6496_ground_truth,0.9787607192993164,0.9409658368428548,0,0,1
pqa_artificial_6496_hallucinated,0.9686455130577087,0.957426859140396,0,0,1
pqa_artificial_649_ground_truth,0.7594114542007446,0.7765880179405212,0,0,1
pqa_artificial_649_hallucinated,0.6695052981376648,0.7104184145787182,0,0,1
pqa_artificial_64_ground_truth,0.7876840829849243,0.8298571189590123,0,0,1
pqa_artificial_64_hallucinated,0.808290958404541,0.8150344401139479,0,0,1
pqa_artificial_6503_ground_truth,0.6641521006822586,0.6753982287193393,0,0,4
pqa_artificial_6503_hallucinated,0.6574076414108276,0.5823282061304365,0,0,1
pqa_artificial_6506_ground_truth,0.6822454333305359,0.6050718033313751,0,0,1
pqa_artificial_6506_hallucinated,0.6823084354400635,0.618782571474711,0,0,2
pqa_artificial_6509_ground_truth,0.8003837863604227,0.766518650452296,0,0,3
pqa_artificial_6509_hallucinated,0.8869151473045349,0.8383406031131744,0,0,1
pqa_artificial_6513_ground_truth,0.6082030832767487,0.6113671582937241,0,0,2
pqa_artificial_6513_hallucinated,0.6241369247436523,0.6190387044634138,0,0,1
pqa_artificial_6519_ground_truth,0.7449067533016205,0.7158464920170167,0,0,2
pqa_artificial_6519_hallucinated,0.7059037089347839,0.7006710577928104,0,0,1
pqa_artificial_6530_ground_truth,0.7086132168769836,0.6610292518138885,0,0,1
pqa_artificial_6530_hallucinated,0.8634105920791626,0.8926017001696995,0,0,1
pqa_artificial_6532_ground_truth,0.7691043615341187,0.7739094903208465,0,0,2
pqa_artificial_6532_hallucinated,0.8932913541793823,0.8007387305342633,0,0,1
pqa_artificial_6543_ground_truth,0.8236123323440552,0.7377786326408385,0,0,1
pqa_artificial_6543_hallucinated,0.62607741355896,0.7052541894912719,0,0,1
pqa_artificial_6544_ground_truth,0.6650617718696594,0.7105432403087615,0,0,1
pqa_artificial_6544_hallucinated,0.5716809630393982,0.6231766741275787,0,0,1
pqa_artificial_6545_ground_truth,0.95295649766922,0.8320695483684539,0,0,1
pqa_artificial_6545_hallucinated,0.9169211387634277,0.7993447971343993,0,0,1
pqa_artificial_654_ground_truth,0.6904035806655884,0.7172825064659119,0,0,1
pqa_artificial_654_hallucinated,0.8833893537521362,0.802539214293162,0,0,1
pqa_artificial_6557_ground_truth,0.6823985278606415,0.6762503980738777,0,0,2
pqa_artificial_6557_hallucinated,0.5960056185722351,0.6066776172110908,0,0,1
pqa_artificial_6562_ground_truth,0.750778317451477,0.7247114888827006,0,0,3
pqa_artificial_6562_hallucinated,0.695199728012085,0.6686398096084595,0,0,2
pqa_artificial_6575_ground_truth,0.7563188076019287,0.7573993557975405,0,0,2
pqa_artificial_6575_hallucinated,0.8022812604904175,0.7981353438817538,0,0,1
pqa_artificial_6578_ground_truth,0.861469566822052,0.8146358396325792,0,0,1
pqa_artificial_6578_hallucinated,0.8126242160797119,0.8300134218440336,0,0,1
pqa_artificial_6579_ground_truth,0.6476839482784271,0.6177537637948989,0,0,2
pqa_artificial_6579_hallucinated,0.740191638469696,0.6671341469287873,0,0,1
pqa_artificial_6580_ground_truth,0.8581357598304749,0.8667244436460382,0,0,2
pqa_artificial_6580_hallucinated,0.7109179496765137,0.6868733340043288,0,0,1
pqa_artificial_6587_ground_truth,0.6887908577919006,0.6846536004543304,0,0,2
pqa_artificial_6587_hallucinated,0.7068802714347839,0.7059700361581949,0,0,1
pqa_artificial_6588_ground_truth,0.8160205483436584,0.8129790897229139,0,0,1
pqa_artificial_6588_hallucinated,0.7562938928604126,0.7534057250022888,0,0,1
pqa_artificial_658_ground_truth,0.82030189037323,0.8045446565945943,0,0,2
pqa_artificial_658_hallucinated,0.779141902923584,0.6533993320465087,0,0,1
pqa_artificial_6590_ground_truth,0.7615277767181396,0.7872361103693644,0,0,1
pqa_artificial_6590_hallucinated,0.8422441482543945,0.767428046635219,0,0,1
pqa_artificial_6593_ground_truth,0.8079950213432312,0.7900195918633387,0,0,2
pqa_artificial_6593_hallucinated,0.6873705983161926,0.6221594188213347,0,0,1
pqa_artificial_6594_ground_truth,0.7247648437817892,0.7125069592747034,0,0,3
pqa_artificial_6594_hallucinated,0.809969425201416,0.7990374211704029,0,0,1
pqa_artificial_6598_ground_truth,0.8226620554924011,0.7633634388446807,0,0,1
pqa_artificial_6598_hallucinated,0.877029538154602,0.7844469924976951,0,0,1
pqa_artificial_6606_ground_truth,0.6606993079185486,0.714489515542984,0,0,1
pqa_artificial_6606_hallucinated,0.7594152688980103,0.6681291497670686,0,0,1
pqa_artificial_6609_ground_truth,0.726776123046875,0.7585258948284647,0,0,1
pqa_artificial_6609_hallucinated,0.7391073107719421,0.7486251175403594,0,0,2
pqa_artificial_6614_ground_truth,0.7606096863746643,0.7247482090336936,0,0,2
pqa_artificial_6614_hallucinated,0.84425950050354,0.822231650352478,0,0,1
pqa_artificial_6618_ground_truth,0.7666661143302917,0.6947019943169184,0,0,2
pqa_artificial_6618_hallucinated,0.7453680038452148,0.7732281909269445,0,0,1
pqa_artificial_6621_ground_truth,0.6764094233512878,0.6826929455522507,0,0,3
pqa_artificial_6621_hallucinated,0.8030272722244263,0.788785757223765,0,0,1
pqa_artificial_6622_ground_truth,0.6180758873621622,0.6106531211535136,0,0,3
pqa_artificial_6622_hallucinated,0.5625407695770264,0.6096356815610613,0,0,2
pqa_artificial_6625_ground_truth,0.6006390651067098,0.6061738413011926,0,0,3
pqa_artificial_6625_hallucinated,0.7090086936950684,0.6842008224286531,0,0,1
pqa_artificial_6628_ground_truth,0.8035838603973389,0.8053376496465582,0,0,2
pqa_artificial_6628_hallucinated,0.7033445835113525,0.6223412084579467,0,0,1
pqa_artificial_6633_ground_truth,0.707516094048818,0.7608862658341726,0,0,3
pqa_artificial_6633_hallucinated,0.8184450566768646,0.8179115396738053,0,0,2
pqa_artificial_6638_ground_truth,0.703369935353597,0.7114303833189465,0,0,3
pqa_artificial_6638_hallucinated,0.6942174434661865,0.6983051516028012,0,0,1
pqa_artificial_6642_ground_truth,0.8349530100822449,0.8263145335281596,0,0,2
pqa_artificial_6642_hallucinated,0.9338431358337402,0.846547337940761,0,0,1
pqa_artificial_6644_ground_truth,0.7136574983596802,0.657060248851776,0,0,1
pqa_artificial_6644_hallucinated,0.9010195136070251,0.9053290441403021,0,0,1
pqa_artificial_6659_ground_truth,0.7084999978542328,0.7213071413551058,0,0,2
pqa_artificial_6659_hallucinated,0.7822856307029724,0.7857249414920806,0,0,1
pqa_artificial_6660_ground_truth,0.6472529470920563,0.6071881740755505,1,1,3
pqa_artificial_6660_hallucinated,0.6481205821037292,0.636351074139277,0,0,2
pqa_artificial_6661_ground_truth,0.8813474178314209,0.8756931924819946,0,0,1
pqa_artificial_6661_hallucinated,0.8130679130554199,0.7984332534245082,0,0,1
pqa_artificial_6666_ground_truth,0.8737812638282776,0.8384115905621472,0,0,1
pqa_artificial_6666_hallucinated,0.6054458022117615,0.6092287282148997,1,0,2
pqa_artificial_6669_ground_truth,0.5672368407249451,0.5676042500459231,0,0,2
pqa_artificial_6669_hallucinated,0.6008079200983047,0.5545571407074688,0,0,2
pqa_artificial_6674_ground_truth,0.7390080392360687,0.741368127465248,0,0,2
pqa_artificial_6674_hallucinated,0.5307503938674927,0.47652527570724484,0,0,1
pqa_artificial_6676_ground_truth,0.7185944020748138,0.7169803671666554,0,0,2
pqa_artificial_6676_hallucinated,0.7681006193161011,0.6493371001879374,0,0,1
pqa_artificial_6677_ground_truth,0.8118714690208435,0.8383100283145904,0,0,1
pqa_artificial_6677_hallucinated,0.9028394818305969,0.8258337911275717,0,0,1
pqa_artificial_6688_ground_truth,0.7022343675295512,0.6957426286992572,0,0,3
pqa_artificial_6688_hallucinated,0.8189845085144043,0.807289155960083,0,0,1
pqa_artificial_6691_ground_truth,0.6171108484268188,0.6494775938987731,0,0,1
pqa_artificial_6691_hallucinated,0.8355604410171509,0.7948923087120057,0,0,1
pqa_artificial_6694_ground_truth,0.8646783828735352,0.8452748680114746,0,0,1
pqa_artificial_6694_hallucinated,0.5146134793758392,0.4614794355630874,1,1,2
pqa_artificial_6695_ground_truth,0.6184325019518534,0.6266659092610342,1,1,3
pqa_artificial_6695_hallucinated,0.7812570333480835,0.7043799233436584,0,0,1
pqa_artificial_6698_ground_truth,0.7229808568954468,0.6132294569696698,0,0,1
pqa_artificial_6698_hallucinated,0.674921989440918,0.6584453926086425,0,0,1
pqa_artificial_669_ground_truth,0.6735410690307617,0.6502672098599946,0,0,2
pqa_artificial_669_hallucinated,0.7653632760047913,0.6361389085879693,0,0,1
pqa_artificial_66_ground_truth,0.7313895225524902,0.7294726657867432,0,0,1
pqa_artificial_66_hallucinated,0.7047122716903687,0.731423590183258,0,0,1
pqa_artificial_6702_ground_truth,0.7809082269668579,0.7476357588768006,0,0,1
pqa_artificial_6702_hallucinated,0.7909172773361206,0.7958920941352845,0,0,1
pqa_artificial_6704_ground_truth,0.8357762098312378,0.8100433468818664,0,0,1
pqa_artificial_6704_hallucinated,0.7982282638549805,0.8381347846984863,0,0,1
pqa_artificial_6705_ground_truth,0.8412462174892426,0.8215684306738422,0,0,2
pqa_artificial_6705_hallucinated,0.8370148539543152,0.8151961120537348,0,0,1
pqa_artificial_6712_ground_truth,0.7031945586204529,0.649736191034317,0,0,1
pqa_artificial_6712_hallucinated,0.6559088230133057,0.6127076046807425,0,0,1
pqa_artificial_6713_ground_truth,0.7557026147842407,0.6623251636823018,0,0,1
pqa_artificial_6713_hallucinated,0.8025379180908203,0.7689640426635741,0,0,1
pqa_artificial_6725_ground_truth,0.8071748614311218,0.7939454799248622,0,0,2
pqa_artificial_6725_hallucinated,0.8583128452301025,0.7583189916610718,0,0,1
pqa_artificial_6727_ground_truth,0.7869932055473328,0.7717285772164663,0,0,1
pqa_artificial_6727_hallucinated,0.899411678314209,0.8798513327146831,0,0,1
pqa_artificial_6733_ground_truth,0.8310642242431641,0.8489564954317532,0,0,2
pqa_artificial_6733_hallucinated,0.8225333094596863,0.6996863601000411,0,0,1
pqa_artificial_6745_ground_truth,0.6488366425037384,0.6657927926097598,0,0,2
pqa_artificial_6745_hallucinated,0.5586808919906616,0.5621343167011554,0,0,2
pqa_artificial_6751_ground_truth,0.8458812534809113,0.8343668774366378,0,0,2
pqa_artificial_6751_hallucinated,0.6659463047981262,0.6774749133586884,0,0,2
pqa_artificial_6759_ground_truth,0.8706341981887817,0.7712860439953051,0,0,1
pqa_artificial_6759_hallucinated,0.6399862766265869,0.6949134705616877,0,0,1
pqa_artificial_6766_ground_truth,0.7326048215230306,0.7270046616158289,0,0,3
pqa_artificial_6766_hallucinated,0.6917336185773214,0.6337091373997293,0,0,3
pqa_artificial_6767_ground_truth,0.8692037463188171,0.8167759557565053,0,0,1
pqa_artificial_6767_hallucinated,0.7744116187095642,0.7344410742731655,0,0,1
pqa_artificial_6768_ground_truth,0.7415837645530701,0.7175701736486875,0,0,1
pqa_artificial_6768_hallucinated,0.8352935314178467,0.8187054719924927,0,0,1
pqa_artificial_677_ground_truth,0.9335814714431763,0.8196608761640696,0,0,1
pqa_artificial_677_hallucinated,0.41453079382578534,0.464754889011383,1,1,3
pqa_artificial_6780_ground_truth,0.6722103357315063,0.6949222350120544,0,0,2
pqa_artificial_6780_hallucinated,0.8199230432510376,0.8358692071988032,0,0,1
pqa_artificial_6782_ground_truth,0.7995905876159668,0.7673134113311767,0,0,1
pqa_artificial_6782_hallucinated,0.753898561000824,0.7495710979637347,0,0,1
pqa_artificial_6783_ground_truth,0.5961454212665558,0.6185517948865891,0,0,2
pqa_artificial_6783_hallucinated,0.7057278156280518,0.7454800591749304,0,0,1
pqa_artificial_6784_ground_truth,0.7934918999671936,0.8004443299770355,0,0,1
pqa_artificial_6784_hallucinated,0.817358136177063,0.757150695323944,0,0,1
pqa_artificial_678_ground_truth,0.8272313475608826,0.7929850202156947,0,0,2
pqa_artificial_678_hallucinated,0.7392895817756653,0.7515027072429656,0,0,1
pqa_artificial_6792_ground_truth,0.5958946049213409,0.5855012234449386,0,0,2
pqa_artificial_6792_hallucinated,0.7662573754787445,0.7048966463516046,0,0,2
pqa_artificial_6795_ground_truth,0.6156894564628601,0.6092179136416491,0,0,1
pqa_artificial_6795_hallucinated,0.6752753257751465,0.5984619588118332,0,0,1
pqa_artificial_6797_ground_truth,0.8920878171920776,0.8738364720344544,0,0,1
pqa_artificial_6797_hallucinated,0.6356770992279053,0.6107634431437442,0,0,1
pqa_artificial_6802_ground_truth,0.6658550103505453,0.718931840578715,0,0,3
pqa_artificial_6802_hallucinated,0.5966736376285553,0.5988686617246041,1,0,4
pqa_artificial_6807_ground_truth,0.7030385136604309,0.7661983881337301,0,0,2
pqa_artificial_6807_hallucinated,0.8078197836875916,0.7533685854234193,0,0,1
pqa_artificial_6818_ground_truth,0.6716659267743429,0.6854042439801352,0,0,3
pqa_artificial_6818_hallucinated,0.6533540487289429,0.6965583604260495,0,0,1
pqa_artificial_6823_ground_truth,0.8776645660400391,0.8128267346895658,0,0,1
pqa_artificial_6823_hallucinated,0.8716140985488892,0.8276298689842224,0,0,1
pqa_artificial_6824_ground_truth,0.7848168611526489,0.7978093028068542,0,0,2
pqa_artificial_6824_hallucinated,0.6619782249132792,0.6870857378314522,0,0,3
pqa_artificial_6826_ground_truth,0.6131864786148071,0.7031779034514176,0,0,1
pqa_artificial_6826_hallucinated,0.5978251099586487,0.6772275769710541,0,0,1
pqa_artificial_6829_ground_truth,0.7262742817401886,0.710891997218132,0,0,2
pqa_artificial_6829_hallucinated,0.7426746487617493,0.7127293969903673,0,0,1
pqa_artificial_6831_ground_truth,0.7887249290943146,0.7771074503660202,0,0,2
pqa_artificial_6831_hallucinated,0.6642133891582489,0.6706072671476163,0,0,2
pqa_artificial_6832_ground_truth,0.7328330278396606,0.7754831194877625,0,0,1
pqa_artificial_6832_hallucinated,0.615979790687561,0.6769001391955785,0,0,1
pqa_artificial_6833_ground_truth,0.7726317644119263,0.6963685508778221,0,0,1
pqa_artificial_6833_hallucinated,0.8175567388534546,0.7655250113150652,0,0,1
pqa_artificial_6836_ground_truth,0.8185220162073771,0.8180904113451639,0,0,3
pqa_artificial_6836_hallucinated,0.6507815718650818,0.6977971003055572,0,0,2
pqa_artificial_6841_ground_truth,0.8185507655143738,0.8317355358600615,0,0,1
pqa_artificial_6841_hallucinated,0.8315851390361786,0.7968898171055447,0,0,2
pqa_artificial_6845_ground_truth,0.6310465931892395,0.6373943799383499,0,0,2
pqa_artificial_6845_hallucinated,0.7746003866195679,0.7936908588689917,0,0,1
pqa_artificial_6847_ground_truth,0.6112487018108368,0.6232803412675857,0,0,2
pqa_artificial_6847_hallucinated,0.7662642002105713,0.7323849401473999,0,0,1
pqa_artificial_685_ground_truth,0.7492071390151978,0.7001592830249241,0,0,2
pqa_artificial_685_hallucinated,0.771928608417511,0.7041961797384115,0,0,1
pqa_artificial_6863_ground_truth,0.6031965613365173,0.6016606698586391,0,0,2
pqa_artificial_6863_hallucinated,0.7597284317016602,0.7351432355244955,0,0,1
pqa_artificial_6864_ground_truth,0.7635932862758636,0.6723999157777198,0,0,2
pqa_artificial_6864_hallucinated,0.6650179475545883,0.6555125632882117,0,0,2
pqa_artificial_686_ground_truth,0.7717135548591614,0.785199488401413,0,0,1
pqa_artificial_686_hallucinated,0.9402835369110107,0.9031984758377075,0,0,1
pqa_artificial_6888_ground_truth,0.9175214767456055,0.8351221765790666,0,0,1
pqa_artificial_6888_hallucinated,0.8659142255783081,0.7384928990812862,0,0,1
pqa_artificial_6891_ground_truth,0.7561053037643433,0.8017737126350402,0,0,1
pqa_artificial_6891_hallucinated,0.9071285724639893,0.8961664713130277,0,0,1
pqa_artificial_6894_ground_truth,0.6184887290000916,0.6160671103000641,0,0,2
pqa_artificial_6894_hallucinated,0.6331107020378113,0.6400524914264678,0,0,1
pqa_artificial_6896_ground_truth,0.5983344316482544,0.6048341021537781,0,0,1
pqa_artificial_6896_hallucinated,0.5529139041900635,0.5809683043616158,0,0,1
pqa_artificial_6903_ground_truth,0.6459490656852722,0.6576643459796905,0,0,2
pqa_artificial_6903_hallucinated,0.6483154892921448,0.579590073273732,0,0,1
pqa_artificial_6912_ground_truth,0.7911880612373352,0.8163316428661347,0,0,2
pqa_artificial_6912_hallucinated,0.6268207430839539,0.5772360586203061,0,0,1
pqa_artificial_6934_ground_truth,0.6601797938346863,0.6571258556842804,0,0,1
pqa_artificial_6934_hallucinated,0.6693909764289856,0.7066986835002899,0,0,1
pqa_artificial_6938_ground_truth,0.7748446464538574,0.758312305149279,0,0,2
pqa_artificial_6938_hallucinated,0.73087078332901,0.6906480098687685,0,0,2
pqa_artificial_693_ground_truth,0.6867203116416931,0.6932042181491852,0,0,3
pqa_artificial_693_hallucinated,0.7990986108779907,0.8004404561860221,0,0,1
pqa_artificial_6941_ground_truth,0.8739237785339355,0.7749819390914019,0,0,1
pqa_artificial_6941_hallucinated,0.8691586256027222,0.7846610379219054,0,0,1
pqa_artificial_6943_ground_truth,0.924147367477417,0.8879745858056205,0,0,1
pqa_artificial_6943_hallucinated,0.8219117522239685,0.7053382265567779,0,0,1
pqa_artificial_6945_ground_truth,0.7446102797985077,0.7637271958589553,0,0,2
pqa_artificial_6945_hallucinated,0.5939691066741943,0.6287454076389689,0,0,2
pqa_artificial_6946_ground_truth,0.6389670372009277,0.7022769260406494,0,0,1
pqa_artificial_6946_hallucinated,0.5905759334564209,0.6412156534194946,0,0,1
pqa_artificial_6957_ground_truth,0.5671380907297134,0.5879788063679422,0,0,6
pqa_artificial_6957_hallucinated,0.6890906691551208,0.6580707052506898,0,0,2
pqa_artificial_6958_ground_truth,0.6361284255981445,0.6449222508598776,0,0,2
pqa_artificial_6958_hallucinated,0.5771502256393433,0.6111926579475403,0,0,1
pqa_artificial_6961_ground_truth,0.6764125823974609,0.6846426538320688,0,0,1
pqa_artificial_6961_hallucinated,0.6699873208999634,0.7389911246299743,0,0,1
pqa_artificial_6966_ground_truth,0.6212590336799622,0.6242146569093069,0,0,2
pqa_artificial_6966_hallucinated,0.8666003942489624,0.8241202759742736,0,0,1
pqa_artificial_6967_ground_truth,0.692013680934906,0.6312941920390496,0,0,2
pqa_artificial_6967_hallucinated,0.7841925621032715,0.7481014601389567,0,0,1
pqa_artificial_696_ground_truth,0.8470321893692017,0.8012558658917746,0,0,2
pqa_artificial_696_hallucinated,0.8120326399803162,0.8303459249092981,0,0,1
pqa_artificial_6976_ground_truth,0.7948006391525269,0.7470747331210544,0,0,1
pqa_artificial_6976_hallucinated,0.7928745746612549,0.7290122022628784,0,0,1
pqa_artificial_697_ground_truth,0.6586958964665731,0.6412519626914363,0,0,3
pqa_artificial_697_hallucinated,0.6639028191566467,0.6288496204684761,0,0,1
pqa_artificial_6980_ground_truth,0.8088861405849457,0.8184077984094619,0,0,2
pqa_artificial_6980_hallucinated,0.678861141204834,0.678143975313972,0,0,1
pqa_artificial_6984_ground_truth,0.7037471532821655,0.713709963819255,0,0,1
pqa_artificial_6984_hallucinated,0.54063281416893,0.578755469918251,0,0,2
pqa_artificial_6985_ground_truth,0.7877781391143799,0.7694804116657802,0,0,2
pqa_artificial_6985_hallucinated,0.7437006235122681,0.6505904364585876,0,0,1
pqa_artificial_7000_ground_truth,0.7466025352478027,0.775525620827308,0,0,4
pqa_artificial_7000_hallucinated,0.7894268333911896,0.8100987833738327,0,0,2
pqa_artificial_7002_ground_truth,0.7354036569595337,0.6991397027288164,0,0,2
pqa_artificial_7002_hallucinated,0.6679475903511047,0.6850633132457733,0,0,1
pqa_artificial_7010_ground_truth,0.8210830688476562,0.7977581481933593,0,0,1
pqa_artificial_7010_hallucinated,0.812463641166687,0.7317245488166809,0,0,1
pqa_artificial_7011_ground_truth,0.8602169752120972,0.8376518826484679,0,0,1
pqa_artificial_7011_hallucinated,0.7517564296722412,0.7398009293419974,0,0,1
pqa_artificial_7014_ground_truth,0.7185217142105103,0.6617151999473572,0,0,2
pqa_artificial_7014_hallucinated,0.7487009763717651,0.7651621120316642,0,0,1
pqa_artificial_7016_ground_truth,0.6524433493614197,0.6578412969339462,0,0,2
pqa_artificial_7016_hallucinated,0.5466442108154297,0.5490795189993722,0,0,1
pqa_artificial_7017_ground_truth,0.7916540106137594,0.7930296023014264,0,0,3
pqa_artificial_7017_hallucinated,0.8406406044960022,0.7955912802900587,0,0,2
pqa_artificial_7019_ground_truth,0.7040042877197266,0.7162885783268855,0,0,2
pqa_artificial_7019_hallucinated,0.8257513046264648,0.7722364395543149,0,0,1
pqa_artificial_7043_ground_truth,0.7284566760063171,0.6623185702632455,0,0,2
pqa_artificial_7043_hallucinated,0.856857419013977,0.8118001933097838,0,0,1
pqa_artificial_7052_ground_truth,0.7800867557525635,0.7753464433125086,0,0,1
pqa_artificial_7052_hallucinated,0.7532868981361389,0.7539674953619638,0,0,1
pqa_artificial_7053_ground_truth,0.7433294653892517,0.7385104503338797,0,0,2
pqa_artificial_7053_hallucinated,0.6232490539550781,0.6417091203772504,0,0,1
pqa_artificial_7064_ground_truth,0.7296179533004761,0.6354200673103332,0,0,2
pqa_artificial_7064_hallucinated,0.7708228826522827,0.7161144793950593,0,0,1
pqa_artificial_7067_ground_truth,0.7164202332496643,0.6963119770399472,0,0,2
pqa_artificial_7067_hallucinated,0.736859530210495,0.6719847068616321,0,0,2
pqa_artificial_7072_ground_truth,0.8975528478622437,0.8501290987667285,0,0,1
pqa_artificial_7072_hallucinated,0.7913174629211426,0.7277457534565644,0,0,1
pqa_artificial_7074_ground_truth,0.8459772169589996,0.8320769090141568,0,0,2
pqa_artificial_7074_hallucinated,0.8869742751121521,0.861953421149935,0,0,1
pqa_artificial_7076_ground_truth,0.8081472516059875,0.7647655761241913,0,0,2
pqa_artificial_7076_hallucinated,0.5876666903495789,0.5637471180273139,0,0,2
pqa_artificial_7077_ground_truth,0.570047453045845,0.5855957171320915,1,1,2
pqa_artificial_7077_hallucinated,0.7392739057540894,0.7390301955663241,0,0,1
pqa_artificial_7078_ground_truth,0.8447121381759644,0.836298496723175,0,0,1
pqa_artificial_7078_hallucinated,0.8413277268409729,0.7809294087886809,0,0,1
pqa_artificial_7079_ground_truth,0.7475526730219523,0.7295368711153666,0,0,3
pqa_artificial_7079_hallucinated,0.5865899324417114,0.599050452709198,0,0,1
pqa_artificial_707_ground_truth,0.9151872396469116,0.9152464523682227,0,0,1
pqa_artificial_707_hallucinated,0.9591963291168213,0.9106681996125441,0,0,1
pqa_artificial_7081_ground_truth,0.8156444430351257,0.7730650807128232,0,0,2
pqa_artificial_7081_hallucinated,0.6544124484062195,0.6374746787966343,0,0,3
pqa_artificial_7087_ground_truth,0.757365345954895,0.7568224088350931,0,0,1
pqa_artificial_7087_hallucinated,0.47415199875831604,0.5930828697190564,0,0,1
pqa_artificial_7095_ground_truth,0.7902183532714844,0.7640352002312155,0,0,1
pqa_artificial_7095_hallucinated,0.7654749155044556,0.7716657741864522,0,0,1
pqa_artificial_7096_ground_truth,0.7159530222415924,0.6889040661185653,0,0,4
pqa_artificial_7096_hallucinated,0.7798011700312296,0.7849437438584621,0,0,3
pqa_artificial_709_ground_truth,0.6756301919619242,0.6531078010400136,0,0,3
pqa_artificial_709_hallucinated,0.8205451965332031,0.8109200991117037,0,0,1
pqa_artificial_7108_ground_truth,0.7940780520439148,0.8026983864307402,0,0,2
pqa_artificial_7108_hallucinated,0.7833063006401062,0.7397849986833684,0,0,1
pqa_artificial_7109_ground_truth,0.6903246641159058,0.688727264881134,0,0,2
pqa_artificial_7109_hallucinated,0.7454505364100138,0.6932320421536763,0,0,3
pqa_artificial_7112_ground_truth,0.8000474572181702,0.7408226937369295,0,0,1
pqa_artificial_7112_hallucinated,0.8076967000961304,0.7228876900672911,0,0,1
pqa_artificial_7118_ground_truth,0.8169478476047516,0.8287384933233259,0,0,2
pqa_artificial_7118_hallucinated,0.9042943716049194,0.9020685601234435,0,0,1
pqa_artificial_7121_ground_truth,0.7511191964149475,0.7145019248854213,0,0,3
pqa_artificial_7121_hallucinated,0.758425772190094,0.7874769879014868,0,0,1
pqa_artificial_7125_ground_truth,0.8136939605077108,0.7979191056887309,0,0,3
pqa_artificial_7125_hallucinated,0.9224580526351929,0.838720636844635,0,0,1
pqa_artificial_712_ground_truth,0.8224811553955078,0.8135939516339983,0,0,1
pqa_artificial_712_hallucinated,0.617445170879364,0.646497333901269,0,0,1
pqa_artificial_7141_ground_truth,0.6915849149227142,0.7016094404458999,0,0,2
pqa_artificial_7141_hallucinated,0.5783106088638306,0.6532549262046814,0,0,1
pqa_artificial_7143_ground_truth,0.809406042098999,0.7607947557850888,0,0,1
pqa_artificial_7143_hallucinated,0.7457160949707031,0.6877512664794923,0,0,1
pqa_artificial_7144_ground_truth,0.9446926712989807,0.8944221248112472,0,0,2
pqa_artificial_7144_hallucinated,0.9357059001922607,0.9137441301345826,0,0,1
pqa_artificial_7145_ground_truth,0.6882014274597168,0.6717409992218017,0,0,1
pqa_artificial_7145_hallucinated,0.7181434631347656,0.676700424194336,0,0,1
pqa_artificial_7147_ground_truth,0.7076037327448527,0.7101364102351941,0,0,3
pqa_artificial_7147_hallucinated,0.7464147806167603,0.7399903464317322,0,0,1
pqa_artificial_7149_ground_truth,0.5804706811904907,0.5635794768333435,0,0,1
pqa_artificial_7149_hallucinated,0.6062976121902466,0.5669083285331725,0,0,1
pqa_artificial_7152_ground_truth,0.7352964878082275,0.7322075414657593,0,0,2
pqa_artificial_7152_hallucinated,0.7834762334823608,0.7659333634376526,0,0,1
pqa_artificial_7157_ground_truth,0.8969740867614746,0.8819443607330322,0,0,2
pqa_artificial_7157_hallucinated,0.8518181443214417,0.8137727010250091,0,0,1
pqa_artificial_7161_ground_truth,0.7053495347499847,0.7083280076583226,0,0,2
pqa_artificial_7161_hallucinated,0.7023004293441772,0.673375006423277,0,0,1
pqa_artificial_7163_ground_truth,0.5784269273281097,0.5673050991296769,1,0,2
pqa_artificial_7163_hallucinated,0.680016040802002,0.6831987285614013,0,0,1
pqa_artificial_7168_ground_truth,0.798242062330246,0.8221027769645055,0,0,2
pqa_artificial_7168_hallucinated,0.762147843837738,0.7693368240197499,0,0,1
pqa_artificial_7169_ground_truth,0.6508513689041138,0.6682430170564091,0,0,1
pqa_artificial_7169_hallucinated,0.7597894668579102,0.765852626800537,0,0,1
pqa_artificial_7173_ground_truth,0.7047699689865112,0.7520889782905578,0,0,1
pqa_artificial_7173_hallucinated,0.8645424246788025,0.8176796972751618,0,0,1
pqa_artificial_7181_ground_truth,0.809734582901001,0.7735533384654832,0,0,1
pqa_artificial_7181_hallucinated,0.7764679789543152,0.7827381115838101,0,0,1
pqa_artificial_7182_ground_truth,0.7782806555430094,0.7495702684039162,0,0,3
pqa_artificial_7182_hallucinated,0.6861588954925537,0.7368901742132086,0,0,1
pqa_artificial_719_ground_truth,0.3123832705120246,0.3903349560250839,2,2,3
pqa_artificial_719_hallucinated,0.7096861004829407,0.7217802703380585,0,0,1
pqa_artificial_7205_ground_truth,0.7221369743347168,0.7287853557185122,0,0,2
pqa_artificial_7205_hallucinated,0.7744914293289185,0.6687065005302428,0,0,1
pqa_artificial_7213_ground_truth,0.8008885383605957,0.784764833995274,0,0,2
pqa_artificial_7213_hallucinated,0.7849640846252441,0.7776891449519565,0,0,1
pqa_artificial_7218_ground_truth,0.9229422807693481,0.8318288273077744,0,0,1
pqa_artificial_7218_hallucinated,0.7258447408676147,0.6680913186073303,0,0,1
pqa_artificial_7220_ground_truth,0.6925772428512573,0.727412765648054,0,0,1
pqa_artificial_7220_hallucinated,0.8772972226142883,0.7599413891633351,0,0,1
pqa_artificial_7224_ground_truth,0.8702356815338135,0.796736405645098,0,0,2
pqa_artificial_7224_hallucinated,0.6489942073822021,0.5349209451675414,0,0,1
pqa_artificial_722_ground_truth,0.7662594616413116,0.7467387660060609,0,0,2
pqa_artificial_722_hallucinated,0.607197493314743,0.6112147159085555,0,0,2
pqa_artificial_7234_ground_truth,0.7910919586817423,0.7289566787695273,0,0,3
pqa_artificial_7234_hallucinated,0.7980599403381348,0.8136419582366943,0,0,1
pqa_artificial_7243_ground_truth,0.5699024200439453,0.5739316940307617,0,0,1
pqa_artificial_7243_hallucinated,0.6740845441818237,0.6357053347734305,0,0,1
pqa_artificial_7244_ground_truth,0.934789776802063,0.886852843761444,0,0,1
pqa_artificial_7244_hallucinated,0.8702868223190308,0.7552877321450606,0,0,1
pqa_artificial_7254_ground_truth,0.8480507731437683,0.8368780224036454,0,0,2
pqa_artificial_7254_hallucinated,0.870091587305069,0.8079078611135482,0,0,2
pqa_artificial_7256_ground_truth,0.8673526048660278,0.8696468234062193,0,0,1
pqa_artificial_7256_hallucinated,0.8513492345809937,0.7699444642066956,0,0,1
pqa_artificial_7257_ground_truth,0.6258751551310221,0.6901364181155251,0,0,3
pqa_artificial_7257_hallucinated,0.5780003070831299,0.6129335482915242,0,0,1
pqa_artificial_7258_ground_truth,0.6826300621032715,0.6866871973184439,0,0,1
pqa_artificial_7258_hallucinated,0.7090126872062683,0.7167436636530835,0,0,1
pqa_artificial_7261_ground_truth,0.6833604276180267,0.6703835493326187,0,0,2
pqa_artificial_7261_hallucinated,0.8129556179046631,0.7895689325332641,0,0,1
pqa_artificial_7264_ground_truth,0.7559190988540649,0.7418219406264168,0,0,2
pqa_artificial_7264_hallucinated,0.8750640153884888,0.8490832723104037,0,0,1
pqa_artificial_7269_ground_truth,0.7233926355838776,0.7273123449087142,0,0,2
pqa_artificial_7269_hallucinated,0.7751210927963257,0.7708456345226453,0,0,1
pqa_artificial_7275_ground_truth,0.8076933026313782,0.7472603118419647,0,0,1
pqa_artificial_7275_hallucinated,0.5582741498947144,0.5455419049263001,1,1,3
pqa_artificial_7276_ground_truth,0.8278582692146301,0.809344538450241,0,0,2
pqa_artificial_7276_hallucinated,0.833924412727356,0.8444613746234348,0,0,1
pqa_artificial_7278_ground_truth,0.7146490663290024,0.6940777269971032,0,0,4
pqa_artificial_7278_hallucinated,0.8455613851547241,0.7493929696083068,0,0,1
pqa_artificial_727_ground_truth,0.579148679971695,0.5896228259801864,0,0,2
pqa_artificial_727_hallucinated,0.6738629341125488,0.6433707205454509,0,0,1
pqa_artificial_7289_ground_truth,0.7084227800369263,0.6675168251467274,0,0,2
pqa_artificial_7289_hallucinated,0.8438076972961426,0.8156653881072997,0,0,1
pqa_artificial_7296_ground_truth,0.8210133016109467,0.8110333242855574,0,0,2
pqa_artificial_7296_hallucinated,0.7964797019958496,0.7877280990894023,0,0,1
pqa_artificial_729_ground_truth,0.6641794145107269,0.6348541615860802,0,0,4
pqa_artificial_729_hallucinated,0.7362799644470215,0.7682531179700579,0,0,1
pqa_artificial_7312_ground_truth,0.8572989404201508,0.8216477198325671,0,0,2
pqa_artificial_7312_hallucinated,0.8567814826965332,0.8172470378875732,0,0,1
pqa_artificial_7313_ground_truth,0.7448394894599915,0.6817722580066093,0,0,1
pqa_artificial_7313_hallucinated,0.7516210079193115,0.7361347055435181,0,0,1
pqa_artificial_7314_ground_truth,0.944620668888092,0.8504652374524337,0,0,1
pqa_artificial_7314_hallucinated,0.839807391166687,0.7571508881023952,0,0,1
pqa_artificial_7315_ground_truth,0.7270018458366394,0.7416790698634254,0,0,3
pqa_artificial_7315_hallucinated,0.7066530585289001,0.6915321409702301,0,0,1
pqa_artificial_7319_ground_truth,0.7290264368057251,0.6733185057640075,0,0,1
pqa_artificial_7319_hallucinated,0.5553163290023804,0.5878880969683329,0,0,2
pqa_artificial_7327_ground_truth,0.5754722356796265,0.5642779333967911,1,1,2
pqa_artificial_7327_hallucinated,0.8887649178504944,0.8833119130835814,0,0,1
pqa_artificial_7330_ground_truth,0.7386848330497742,0.7357043831348419,0,0,2
pqa_artificial_7330_hallucinated,0.8540699481964111,0.8216951175836416,0,0,1
pqa_artificial_7340_ground_truth,0.6573621034622192,0.7130106152806963,0,0,1
pqa_artificial_7340_hallucinated,0.9176256656646729,0.8001157437430487,0,0,1
pqa_artificial_7344_ground_truth,0.7053852677345276,0.6962696874141693,0,0,1
pqa_artificial_7344_hallucinated,0.7009125351905823,0.7181681863981135,0,0,2
pqa_artificial_7350_ground_truth,0.7537774741649628,0.7488108985821406,0,0,2
pqa_artificial_7350_hallucinated,0.9030078649520874,0.7896055054664611,0,0,1
pqa_artificial_7355_ground_truth,0.8142011165618896,0.7641074482599894,0,0,1
pqa_artificial_7355_hallucinated,0.7463006973266602,0.7988390595572336,0,0,1
pqa_artificial_7363_ground_truth,0.48784270385901135,0.5307330649702154,0,0,6
pqa_artificial_7363_hallucinated,0.5895258188247681,0.6059033672949847,0,0,1
pqa_artificial_7368_ground_truth,0.87296262383461,0.8695353751457654,0,0,2
pqa_artificial_7368_hallucinated,0.9448170065879822,0.9476219046115875,0,0,1
pqa_artificial_7369_ground_truth,0.6646794974803925,0.599858981569608,0,0,2
pqa_artificial_7369_hallucinated,0.821912944316864,0.7734969557586469,0,0,1
pqa_artificial_7372_ground_truth,0.8367152214050293,0.8307006549835204,0,0,1
pqa_artificial_7372_hallucinated,0.6647870540618896,0.654581707074092,0,0,1
pqa_artificial_7376_ground_truth,0.9279879331588745,0.8429248865445454,0,0,1
pqa_artificial_7376_hallucinated,0.8770532608032227,0.8089372825622558,0,0,1
pqa_artificial_7377_ground_truth,0.8599920868873596,0.8319944608211517,0,0,2
pqa_artificial_7377_hallucinated,0.8808192014694214,0.8395734410285949,0,0,1
pqa_artificial_7380_ground_truth,0.6657865643501282,0.7406659796604743,0,0,1
pqa_artificial_7380_hallucinated,0.5759186148643494,0.6298096970717112,0,0,1
pqa_artificial_7382_ground_truth,0.7877129316329956,0.810149052143097,0,0,1
pqa_artificial_7382_hallucinated,0.620206356048584,0.683375218464778,0,0,1
pqa_artificial_7396_ground_truth,0.601942703127861,0.6304942906857433,0,0,4
pqa_artificial_7396_hallucinated,0.6353151599566141,0.6170122786362966,0,0,3
pqa_artificial_7398_ground_truth,0.9447428584098816,0.9097575008869171,0,0,1
pqa_artificial_7398_hallucinated,0.8797764182090759,0.8183434927463531,0,0,1
pqa_artificial_740_ground_truth,0.8865575790405273,0.8498760196140833,0,0,1
pqa_artificial_740_hallucinated,0.7810367941856384,0.7832642174684085,0,0,1
pqa_artificial_7426_ground_truth,0.7472359538078308,0.7475459368962507,0,0,2
pqa_artificial_7426_hallucinated,0.9049177169799805,0.8145138304574149,0,0,1
pqa_artificial_7428_ground_truth,0.6511450335383415,0.6705611388614544,1,1,4
pqa_artificial_7428_hallucinated,0.8247106075286865,0.7830117109843663,0,0,1
pqa_artificial_7433_ground_truth,0.7281468212604523,0.7015159616955033,0,0,2
pqa_artificial_7433_hallucinated,0.7822970151901245,0.7154650534902299,0,0,1
pqa_artificial_7435_ground_truth,0.9190776348114014,0.8283543443679808,0,0,1
pqa_artificial_7435_hallucinated,0.92970871925354,0.923296103477478,0,0,1
pqa_artificial_7438_ground_truth,0.7221599221229553,0.7327619454860688,0,0,2
pqa_artificial_7438_hallucinated,0.719304084777832,0.7585128593444824,0,0,1
pqa_artificial_743_ground_truth,0.4113156199455261,0.48204593396186823,1,1,2
pqa_artificial_743_hallucinated,0.7718158960342407,0.6840211272239685,0,0,1
pqa_artificial_7444_ground_truth,0.8412975072860718,0.8270332551002502,0,0,1
pqa_artificial_7444_hallucinated,0.6151949961980184,0.6696116526181161,1,0,3
pqa_artificial_7448_ground_truth,0.6586655676364899,0.6176283973455429,0,0,2
pqa_artificial_7448_hallucinated,0.7186573147773743,0.6605601203441619,0,0,1
pqa_artificial_7450_ground_truth,0.8033032417297363,0.7943710927402271,0,0,1
pqa_artificial_7450_hallucinated,0.8946300148963928,0.9056160104274749,0,0,1
pqa_artificial_7477_ground_truth,0.73518967628479,0.726489916256496,0,0,2
pqa_artificial_7477_hallucinated,0.7843287587165833,0.7969248679437135,0,0,1
pqa_artificial_7481_ground_truth,0.6314313411712646,0.7066447959627423,0,0,1
pqa_artificial_7481_hallucinated,0.8123781681060791,0.7036647176742553,0,0,1
pqa_artificial_7482_ground_truth,0.6986573338508606,0.6782268003622691,0,0,2
pqa_artificial_7482_hallucinated,0.628917932510376,0.6300251614529153,0,0,2
pqa_artificial_7483_ground_truth,0.7791054844856262,0.7297007622168614,0,0,2
pqa_artificial_7483_hallucinated,0.8616395592689514,0.858147691488266,0,0,1
pqa_artificial_748_ground_truth,0.7584351301193237,0.7159045910835267,0,0,1
pqa_artificial_748_hallucinated,0.6130037158727646,0.5922127201585542,1,1,3
pqa_artificial_7493_ground_truth,0.7255943715572357,0.7267910600900649,0,0,2
pqa_artificial_7493_hallucinated,0.5824355334043503,0.5618527062003826,0,0,4
pqa_artificial_7497_ground_truth,0.6693841814994812,0.7055689270496368,0,0,2
pqa_artificial_7497_hallucinated,0.7600079774856567,0.8170055842399597,0,0,1
pqa_artificial_7503_ground_truth,0.552725354830424,0.5888244150479635,0,0,3
pqa_artificial_7503_hallucinated,0.6954053640365601,0.6125529855948227,0,0,1
pqa_artificial_7506_ground_truth,0.5952791571617126,0.6521065942237252,0,0,2
pqa_artificial_7506_hallucinated,0.7660562992095947,0.6904394094467162,0,0,1
pqa_artificial_7509_ground_truth,0.7110916376113892,0.7152641463279724,0,0,1
pqa_artificial_7509_hallucinated,0.7231355905532837,0.714528246720632,0,0,1
pqa_artificial_751_ground_truth,0.31295037393768627,0.3802557379468565,2,2,3
pqa_artificial_751_hallucinated,0.594513051211834,0.6117023752176101,0,0,4
pqa_artificial_7531_ground_truth,0.6919222474098206,0.6816463973626985,0,0,4
pqa_artificial_7531_hallucinated,0.6758307814598083,0.7430815470218659,0,0,1
pqa_artificial_7533_ground_truth,0.7563742399215698,0.7675869679450988,0,0,1
pqa_artificial_7533_hallucinated,0.7555660009384155,0.7601462006568909,0,0,1
pqa_artificial_7534_ground_truth,0.8576464056968689,0.7411858173211414,0,0,2
pqa_artificial_7534_hallucinated,0.8528213500976562,0.8134035164969308,0,0,1
pqa_artificial_7539_ground_truth,0.8458656072616577,0.7675407076918561,0,0,1
pqa_artificial_7539_hallucinated,0.728965163230896,0.7222756142616271,0,0,1
pqa_artificial_7551_ground_truth,0.5696783065795898,0.5933581479390462,0,0,2
pqa_artificial_7551_hallucinated,0.8323067426681519,0.8138647198677063,0,0,1
pqa_artificial_7552_ground_truth,0.819542407989502,0.7770130189259847,0,0,1
pqa_artificial_7552_hallucinated,0.8697758913040161,0.8075931239128112,0,0,1
pqa_artificial_7569_ground_truth,0.8653677105903625,0.7647573974132538,0,0,1
pqa_artificial_7569_hallucinated,0.5491287708282471,0.6552724925209494,0,0,1
pqa_artificial_757_ground_truth,0.6542562544345856,0.6842293781042099,0,0,2
pqa_artificial_757_hallucinated,0.9001156091690063,0.8805809264183044,0,0,1
pqa_artificial_7582_ground_truth,0.8811883330345154,0.8096889759813035,0,0,1
pqa_artificial_7582_hallucinated,0.936127781867981,0.9252894473075867,0,0,1
pqa_artificial_7598_ground_truth,0.714824914932251,0.7385024404525757,0,0,1
pqa_artificial_7598_hallucinated,0.8609318733215332,0.8366523113250732,0,0,1
pqa_artificial_7599_ground_truth,0.7801558971405029,0.745859127998352,0,0,2
pqa_artificial_7599_hallucinated,0.5659243762493134,0.5767423014697575,1,1,3
pqa_artificial_759_ground_truth,0.767713189125061,0.7621786441522487,0,0,2
pqa_artificial_759_hallucinated,0.8658561110496521,0.7989564205918993,0,0,1
pqa_artificial_7606_ground_truth,0.528485894203186,0.5709401259422302,0,0,1
pqa_artificial_7606_hallucinated,0.751044511795044,0.7432311582565307,0,0,1
pqa_artificial_7611_ground_truth,0.6895824074745178,0.7045497904953204,0,0,1
pqa_artificial_7611_hallucinated,0.7128186225891113,0.6974345742739164,0,0,1
pqa_artificial_7626_ground_truth,0.5699251592159271,0.5820279685940061,0,0,2
pqa_artificial_7626_hallucinated,0.6674652397632599,0.5769875725961866,0,0,2
pqa_artificial_7632_ground_truth,0.6618604063987732,0.6899689511458078,0,0,1
pqa_artificial_7632_hallucinated,0.5805057287216187,0.6140174716435947,0,0,2
pqa_artificial_7635_ground_truth,0.7878986597061157,0.7258147760799952,0,0,1
pqa_artificial_7635_hallucinated,0.8560051321983337,0.811850651362363,0,0,1
pqa_artificial_7636_ground_truth,0.7893562316894531,0.7391118621826172,0,0,2
pqa_artificial_7636_hallucinated,0.8240437507629395,0.7284972922007242,0,0,1
pqa_artificial_7637_ground_truth,0.8491201400756836,0.7998528480529785,0,0,2
pqa_artificial_7637_hallucinated,0.881942629814148,0.8123598408699035,0,0,1
pqa_artificial_7638_ground_truth,0.6296700437863668,0.6139912528726789,0,0,3
pqa_artificial_7638_hallucinated,0.6992335319519043,0.684463472366333,0,0,1
pqa_artificial_7643_ground_truth,0.6944568157196045,0.6768340567180088,0,0,1
pqa_artificial_7643_hallucinated,0.7737783789634705,0.8196448652744293,0,0,1
pqa_artificial_7648_ground_truth,0.8293830156326294,0.8417445815310758,0,0,1
pqa_artificial_7648_hallucinated,0.8481956720352173,0.7674869704246521,0,0,1
pqa_artificial_7655_ground_truth,0.9386223554611206,0.9157856488227845,0,0,1
pqa_artificial_7655_hallucinated,0.8946859836578369,0.8691648039451012,0,0,1
pqa_artificial_7657_ground_truth,0.6290518343448639,0.6738779507080713,0,0,2
pqa_artificial_7657_hallucinated,0.4956769049167633,0.5861843597575238,0,0,1
pqa_artificial_7658_ground_truth,0.7259586453437805,0.7374567660263607,0,0,1
pqa_artificial_7658_hallucinated,0.7222051620483398,0.7605436134338379,0,0,1
pqa_artificial_7663_ground_truth,0.8745975494384766,0.8353432846069335,0,0,1
pqa_artificial_7663_hallucinated,0.6412868499755859,0.6339007949829101,0,0,1
pqa_artificial_7665_ground_truth,0.5962347984313965,0.6084893589019775,0,0,4
pqa_artificial_7665_hallucinated,0.7390013933181763,0.79896764198939,0,0,1
pqa_artificial_7671_ground_truth,0.7982683479785919,0.7264128435850143,0,0,2
pqa_artificial_7671_hallucinated,0.8442820310592651,0.7759974217414856,0,0,1
pqa_artificial_7672_ground_truth,0.8675022721290588,0.8322515904903411,0,0,1
pqa_artificial_7672_hallucinated,0.7090353816747665,0.7381405566460207,0,0,2
pqa_artificial_7674_ground_truth,0.7502402663230896,0.7548110435690198,0,0,2
pqa_artificial_7674_hallucinated,0.7437018553415934,0.6932659019137185,0,0,3
pqa_artificial_7677_ground_truth,0.573948323726654,0.5837638266086578,0,0,2
pqa_artificial_7677_hallucinated,0.6858072280883789,0.6441827067206887,0,0,1
pqa_artificial_7684_ground_truth,0.6567637622356415,0.6772346335649491,0,0,2
pqa_artificial_7684_hallucinated,0.5153291821479797,0.45553042750358574,0,0,2
pqa_artificial_7686_ground_truth,0.7320532202720642,0.7343122541904449,0,0,2
pqa_artificial_7686_hallucinated,0.7555163502693176,0.6863614451885223,0,0,1
pqa_artificial_7691_ground_truth,0.6265327135721842,0.663572899500529,0,0,3
pqa_artificial_7691_hallucinated,0.6504976948102316,0.625723773364066,0,0,3
pqa_artificial_7693_ground_truth,0.6024363040924072,0.6524643414361136,0,0,2
pqa_artificial_7693_hallucinated,0.8935955166816711,0.8139543616771698,0,0,1
pqa_artificial_7698_ground_truth,0.8069428205490112,0.7628599743843079,0,0,2
pqa_artificial_7698_hallucinated,0.876828670501709,0.7837800693511963,0,0,1
pqa_artificial_7699_ground_truth,0.5977018475532532,0.5957814031773871,0,0,4
pqa_artificial_7699_hallucinated,0.6875616212685903,0.6647492752388904,0,0,3
pqa_artificial_769_ground_truth,0.6605478376150131,0.6961334863305092,0,0,2
pqa_artificial_769_hallucinated,0.93049156665802,0.8559869538034711,0,0,1
pqa_artificial_7707_ground_truth,0.7114491760730743,0.6619429946797235,0,0,2
pqa_artificial_7707_hallucinated,0.7081744372844696,0.6797221060991288,0,0,2
pqa_artificial_7709_ground_truth,0.817450076341629,0.8075091710861991,0,0,2
pqa_artificial_7709_hallucinated,0.7043839693069458,0.6822995477456313,0,0,1
pqa_artificial_7716_ground_truth,0.7695168554782867,0.7705617988348007,0,0,2
pqa_artificial_7716_hallucinated,0.8314836025238037,0.7454313789095197,0,0,1
pqa_artificial_7717_ground_truth,0.7754595279693604,0.7278216695785522,0,0,1
pqa_artificial_7717_hallucinated,0.7378774881362915,0.7276680878492502,0,0,1
pqa_artificial_771_ground_truth,0.8130466341972351,0.7969451439380645,0,0,1
pqa_artificial_771_hallucinated,0.8521206378936768,0.7764844465255737,0,0,1
pqa_artificial_7722_ground_truth,0.7242370247840881,0.7152992506821951,0,0,2
pqa_artificial_7722_hallucinated,0.6806612014770508,0.6236503410339355,0,0,1
pqa_artificial_7726_ground_truth,0.860015869140625,0.8634396798270088,0,0,1
pqa_artificial_7726_hallucinated,0.8858082294464111,0.8900657606124878,0,0,1
pqa_artificial_7728_ground_truth,0.7534371614456177,0.7109997630119324,0,0,2
pqa_artificial_7728_hallucinated,0.8309556245803833,0.8321689372062682,0,0,1
pqa_artificial_7734_ground_truth,0.7878185510635376,0.7353618746333651,0,0,1
pqa_artificial_7734_hallucinated,0.7054073810577393,0.6449390128942636,0,0,1
pqa_artificial_7735_ground_truth,0.7595816850662231,0.7417071795463561,0,0,1
pqa_artificial_7735_hallucinated,0.7130182981491089,0.6959878087043762,0,0,1
pqa_artificial_7737_ground_truth,0.7034452557563782,0.7403732174910032,0,0,2
pqa_artificial_7737_hallucinated,0.5614214986562729,0.6069593347736768,0,0,2
pqa_artificial_7738_ground_truth,0.9154209494590759,0.8278534881507649,0,0,1
pqa_artificial_7738_hallucinated,0.9412717819213867,0.8608133242680476,0,0,1
pqa_artificial_7741_ground_truth,0.823671817779541,0.8188202724456788,0,0,1
pqa_artificial_7741_hallucinated,0.7628189325332642,0.6777232527732848,0,0,1
pqa_artificial_7742_ground_truth,0.795467734336853,0.7926607473691304,0,0,1
pqa_artificial_7742_hallucinated,0.8504749536514282,0.8458324675559996,0,0,1
pqa_artificial_7747_ground_truth,0.6515510082244873,0.650148205757141,0,0,2
pqa_artificial_7747_hallucinated,0.8374568223953247,0.8562197756767272,0,0,1
pqa_artificial_7749_ground_truth,0.9096594452857971,0.878526317582411,0,0,1
pqa_artificial_7749_hallucinated,0.8566572666168213,0.8396600866317748,0,0,1
pqa_artificial_7755_ground_truth,0.7564570009708405,0.7109365673462549,0,0,2
pqa_artificial_7755_hallucinated,0.7714581489562988,0.7526677630929386,0,0,1
pqa_artificial_7761_ground_truth,0.617135763168335,0.6325213500073081,0,0,1
pqa_artificial_7761_hallucinated,0.8232327699661255,0.8001090928224416,0,0,1
pqa_artificial_7763_ground_truth,0.5729954838752747,0.6164539815698351,0,0,2
pqa_artificial_7763_hallucinated,0.773553729057312,0.8105501103401185,0,0,1
pqa_artificial_7769_ground_truth,0.8178601861000061,0.7622710378330295,0,0,2
pqa_artificial_7769_hallucinated,0.701550563176473,0.6430296666693515,0,0,3
pqa_artificial_7775_ground_truth,0.7466410398483276,0.6828509337761823,0,0,2
pqa_artificial_7775_hallucinated,0.6464400887489319,0.6588771097432999,0,0,2
pqa_artificial_7780_ground_truth,0.8216763734817505,0.8132984614372252,0,0,1
pqa_artificial_7780_hallucinated,0.7652363181114197,0.7638797083922795,0,0,1
pqa_artificial_7782_ground_truth,0.8532741069793701,0.8004168748855591,0,0,2
pqa_artificial_7782_hallucinated,0.7709143161773682,0.7846400213241577,0,0,1
pqa_artificial_7784_ground_truth,0.6127087622880936,0.6508961336016654,0,0,2
pqa_artificial_7784_hallucinated,0.6540382504463196,0.5947017753124236,0,0,1
pqa_artificial_7792_ground_truth,0.5087710022926331,0.5278063682715097,0,0,1
pqa_artificial_7792_hallucinated,0.5088222622871399,0.5265327264581408,0,0,1
pqa_artificial_7807_ground_truth,0.6658652126789093,0.6586056488752365,0,0,2
pqa_artificial_7807_hallucinated,0.5206721067428589,0.4857454747200012,1,1,5
pqa_artificial_7808_ground_truth,0.7750516831874847,0.7781611782312392,0,0,2
pqa_artificial_7808_hallucinated,0.7436420917510986,0.7120200524610631,0,0,1
pqa_artificial_7809_ground_truth,0.700483649969101,0.6679154780552937,0,0,2
pqa_artificial_7809_hallucinated,0.6634708940982819,0.6420065489457203,0,0,2
pqa_artificial_7814_ground_truth,0.7610470255215963,0.7570186321508316,0,0,3
pqa_artificial_7814_hallucinated,0.80301433801651,0.7431814651829856,0,0,1
pqa_artificial_7819_ground_truth,0.7742319107055664,0.7395873374938964,0,0,2
pqa_artificial_7819_hallucinated,0.8113926649093628,0.752974865436554,0,0,1
pqa_artificial_7825_ground_truth,0.7570091485977173,0.7356206897326878,0,0,1
pqa_artificial_7825_hallucinated,0.6409521996974945,0.6045488927294226,0,0,2
pqa_artificial_7838_ground_truth,0.6225175559520721,0.6752622891664504,0,0,2
pqa_artificial_7838_hallucinated,0.7375293970108032,0.7348018279075622,0,0,2
pqa_artificial_783_ground_truth,0.7490719159444174,0.7300646268753779,0,0,3
pqa_artificial_783_hallucinated,0.7090685367584229,0.683847975730896,0,0,1
pqa_artificial_7844_ground_truth,0.8353663682937622,0.7619439578056335,0,0,1
pqa_artificial_7844_hallucinated,0.8449693918228149,0.8332432801583234,0,0,1
pqa_artificial_784_ground_truth,0.919265627861023,0.877485939502716,0,0,1
pqa_artificial_784_hallucinated,0.8504566550254822,0.8064735046716837,0,0,1
pqa_artificial_7851_ground_truth,0.7064678072929382,0.7243488936764853,0,0,2
pqa_artificial_7851_hallucinated,0.7826061248779297,0.7802066403557273,0,0,2
pqa_artificial_7855_ground_truth,0.6346195340156555,0.6699836738109588,0,0,2
pqa_artificial_7855_hallucinated,0.9396680593490601,0.9106247844014849,0,0,1
pqa_artificial_7856_ground_truth,0.6723732352256775,0.6481166218008314,0,0,2
pqa_artificial_7856_hallucinated,0.7132846713066101,0.7285849842003413,0,0,1
pqa_artificial_7857_ground_truth,0.648118793964386,0.6636831557750702,0,0,1
pqa_artificial_7857_hallucinated,0.7666877508163452,0.7295385684285844,0,0,1
pqa_artificial_7858_ground_truth,0.752164363861084,0.748598388036092,0,0,2
pqa_artificial_7858_hallucinated,0.6597293615341187,0.651810553073883,0,0,1
pqa_artificial_7861_ground_truth,0.759649246931076,0.7247352420825224,0,0,2
pqa_artificial_7861_hallucinated,0.6723284721374512,0.6426887540256275,0,0,1
pqa_artificial_7868_ground_truth,0.756067156791687,0.7585327240398951,0,0,1
pqa_artificial_7868_hallucinated,0.7010952830314636,0.6954095552648817,0,0,1
pqa_artificial_786_ground_truth,0.575371265411377,0.5791963937244717,1,0,3
pqa_artificial_786_hallucinated,0.8985799551010132,0.8165059685707092,0,0,1
pqa_artificial_7871_ground_truth,0.8709514141082764,0.8804472398757934,0,0,2
pqa_artificial_7871_hallucinated,0.8308533430099487,0.7969124661573843,0,0,2
pqa_artificial_7875_ground_truth,0.9296085834503174,0.8369760084152221,0,0,1
pqa_artificial_7875_hallucinated,0.7575727701187134,0.7264547852369454,0,0,1
pqa_artificial_7877_ground_truth,0.754603236913681,0.7089722658395767,0,0,2
pqa_artificial_7877_hallucinated,0.7004083792368571,0.6605071387577254,0,0,3
pqa_artificial_7879_ground_truth,0.5828735530376434,0.6338308148574427,0,0,2
pqa_artificial_7879_hallucinated,0.7977038621902466,0.8143927035331726,0,0,1
pqa_artificial_7880_ground_truth,0.9471619129180908,0.9410133390426636,0,0,1
pqa_artificial_7880_hallucinated,0.9226965308189392,0.9252625715732574,0,0,1
pqa_artificial_7887_ground_truth,0.5533595532178879,0.6306493063001406,0,0,4
pqa_artificial_7887_hallucinated,0.6370192964871725,0.6436872003514783,0,0,3
pqa_artificial_7888_ground_truth,0.7779093682765961,0.7563564107347936,0,0,2
pqa_artificial_7888_hallucinated,0.7503941059112549,0.7476288153143489,0,0,1
pqa_artificial_7901_ground_truth,0.8173403739929199,0.7785668332236153,0,0,1
pqa_artificial_7901_hallucinated,0.8262032866477966,0.7623759140988358,0,0,2
pqa_artificial_7902_ground_truth,0.7335165739059448,0.7447116017341613,0,0,1
pqa_artificial_7902_hallucinated,0.8839781284332275,0.8857846899032592,0,0,1
pqa_artificial_7914_ground_truth,0.5746515989303589,0.5745061192512513,0,0,2
pqa_artificial_7914_hallucinated,0.6539801061153412,0.6315711206362375,0,0,4
pqa_artificial_7920_ground_truth,0.6139659881591797,0.6818610512962854,0,0,3
pqa_artificial_7920_hallucinated,0.7415621280670166,0.7095934896469116,0,0,1
pqa_artificial_7921_ground_truth,0.6808986067771912,0.6973643188616809,0,0,2
pqa_artificial_7921_hallucinated,0.7231902480125427,0.6428998402754464,0,0,1
pqa_artificial_7924_ground_truth,0.6903652250766754,0.68539851469653,0,0,2
pqa_artificial_7924_hallucinated,0.9041366577148438,0.7672706604003906,0,0,1
pqa_artificial_7928_ground_truth,0.683738112449646,0.7602833453814188,0,0,1
pqa_artificial_7928_hallucinated,0.6171648651361465,0.6662310918698123,0,0,2
pqa_artificial_7936_ground_truth,0.7451447248458862,0.7342483662156497,0,0,1
pqa_artificial_7936_hallucinated,0.7020909190177917,0.6372969766457874,0,0,1
pqa_artificial_793_ground_truth,0.8714861869812012,0.7846403308868407,0,0,1
pqa_artificial_793_hallucinated,0.659959077835083,0.578221354484558,0,0,1
pqa_artificial_7940_ground_truth,0.7035835385322571,0.6833120484011513,0,0,2
pqa_artificial_7940_hallucinated,0.565239280462265,0.5519174963235854,0,0,2
pqa_artificial_7949_ground_truth,0.7859465181827545,0.7199942934971588,0,0,2
pqa_artificial_7949_hallucinated,0.7887282371520996,0.7641097660064697,0,0,1
pqa_artificial_7953_ground_truth,0.8340903321901957,0.8086000746384001,0,0,3
pqa_artificial_7953_hallucinated,0.764943540096283,0.762585478067398,0,0,2
pqa_artificial_7954_ground_truth,0.7268418669700623,0.7243250211647578,0,0,2
pqa_artificial_7954_hallucinated,0.7555103302001953,0.7273187696016752,0,0,1
pqa_artificial_7960_ground_truth,0.8180986046791077,0.748383308989661,0,0,1
pqa_artificial_7960_hallucinated,0.798210859298706,0.7837476015090942,0,0,1
pqa_artificial_7961_ground_truth,0.7185125350952148,0.7151454753339138,0,0,3
pqa_artificial_7961_hallucinated,0.8062877655029297,0.7104883923737898,0,0,1
pqa_artificial_7962_ground_truth,0.5565008521080017,0.5475863107613155,0,0,2
pqa_artificial_7962_hallucinated,0.597798764705658,0.5629328195044868,0,0,1
pqa_artificial_7964_ground_truth,0.7053409218788147,0.6894352397424148,0,0,2
pqa_artificial_7964_hallucinated,0.77625572681427,0.7799174703084506,0,0,1
pqa_artificial_7967_ground_truth,0.6977497537930807,0.7127105419408707,0,0,3
pqa_artificial_7967_hallucinated,0.6776898503303528,0.7221328952312469,0,0,2
pqa_artificial_7968_ground_truth,0.4845690429210663,0.510864996711413,1,0,2
pqa_artificial_7968_hallucinated,0.5444059371948242,0.6077508227030436,0,0,1
pqa_artificial_7969_ground_truth,0.8161211013793945,0.7942847709655761,0,0,1
pqa_artificial_7969_hallucinated,0.8142753839492798,0.7659927687644957,0,0,1
pqa_artificial_7973_ground_truth,0.8072482943534851,0.7189868495257004,0,0,1
pqa_artificial_7973_hallucinated,0.7560631632804871,0.7506727857249124,0,0,1
pqa_artificial_7974_ground_truth,0.48349708318710327,0.4914479582309723,0,0,1
pqa_artificial_7974_hallucinated,0.5561639070510864,0.6004685810896067,0,0,1
pqa_artificial_7977_ground_truth,0.6797024011611938,0.7365059665271214,0,0,1
pqa_artificial_7977_hallucinated,0.7929292917251587,0.7596933613504682,0,0,1
pqa_artificial_7986_ground_truth,0.6674875617027283,0.6097412931919097,0,0,1
pqa_artificial_7986_hallucinated,0.663801908493042,0.6578966300627764,0,0,1
pqa_artificial_7992_ground_truth,0.7139970064163208,0.7744132891068092,0,0,1
pqa_artificial_7992_hallucinated,0.7155159711837769,0.7733611798286437,0,0,1
pqa_artificial_7994_ground_truth,0.8374089002609253,0.8655612301826476,0,0,1
pqa_artificial_7994_hallucinated,0.8354690074920654,0.8642033052444458,0,0,1
pqa_artificial_8010_ground_truth,0.7479149401187897,0.7630404580831527,0,0,2
pqa_artificial_8010_hallucinated,0.776178240776062,0.7126104828289577,0,0,1
pqa_artificial_8011_ground_truth,0.7633854746818542,0.684369832277298,0,0,1
pqa_artificial_8011_hallucinated,0.8167160153388977,0.8442012107372283,0,0,1
pqa_artificial_8019_ground_truth,0.5832415223121643,0.6259654941899435,0,0,4
pqa_artificial_8019_hallucinated,0.653232216835022,0.670833980355944,0,0,1
pqa_artificial_801_ground_truth,0.5349144314726194,0.5557496258403574,1,1,3
pqa_artificial_801_hallucinated,0.7594675421714783,0.7238813117780993,0,0,2
pqa_artificial_8024_ground_truth,0.6118786334991455,0.5385324347537497,0,0,1
pqa_artificial_8024_hallucinated,0.7565908432006836,0.7696135902404785,0,0,1
pqa_artificial_8028_ground_truth,0.6852445602416992,0.6960997635977608,0,0,2
pqa_artificial_8028_hallucinated,0.8809815645217896,0.8681576834005469,0,0,1
pqa_artificial_8037_ground_truth,0.6986263394355774,0.6992590258401983,0,0,2
pqa_artificial_8037_hallucinated,0.670480340719223,0.6813362385034561,0,0,2
pqa_artificial_8040_ground_truth,0.9480866193771362,0.9141606335639954,0,0,1
pqa_artificial_8040_hallucinated,0.9029151797294617,0.8632906258106232,0,0,1
pqa_artificial_8041_ground_truth,0.7215211987495422,0.7439190057913462,0,0,3
pqa_artificial_8041_hallucinated,0.7106665372848511,0.6859040760993957,0,0,1
pqa_artificial_8043_ground_truth,0.5992109775543213,0.6116351842880249,0,0,4
pqa_artificial_8043_hallucinated,0.6820985376834869,0.7270523097117741,0,0,2
pqa_artificial_8044_ground_truth,0.9357454180717468,0.8676688514737522,0,0,1
pqa_artificial_8044_hallucinated,0.8839792609214783,0.8857854826450348,0,0,1
pqa_artificial_8055_ground_truth,0.7445574998855591,0.7386902499198913,0,0,2
pqa_artificial_8055_hallucinated,0.7879236936569214,0.695296585559845,0,0,1
pqa_artificial_8063_ground_truth,0.7335480749607086,0.6979836524724959,0,0,2
pqa_artificial_8063_hallucinated,0.955163300037384,0.8811143100261688,0,0,1
pqa_artificial_8066_ground_truth,0.6343702793121337,0.6623026021119003,0,0,5
pqa_artificial_8066_hallucinated,0.8325765132904053,0.7485535593032837,0,0,1
pqa_artificial_8067_ground_truth,0.6820381879806519,0.7114267315864562,0,0,1
pqa_artificial_8067_hallucinated,0.760454535484314,0.7473181748390197,0,0,1
pqa_artificial_8068_ground_truth,0.6947476863861084,0.7184900471369424,0,0,2
pqa_artificial_8068_hallucinated,0.8394598364830017,0.7760593855381012,0,0,1
pqa_artificial_806_ground_truth,0.79802206158638,0.777052943110466,0,0,2
pqa_artificial_806_hallucinated,0.864740252494812,0.8503181767463683,0,0,1
pqa_artificial_8083_ground_truth,0.6771375834941864,0.6356068853690073,0,0,2
pqa_artificial_8083_hallucinated,0.6322008371353149,0.6170405859947203,0,0,1
pqa_artificial_8087_ground_truth,0.7199214696884155,0.7589450287818909,0,0,1
pqa_artificial_8087_hallucinated,0.6103494167327881,0.6257061301744902,0,0,1
pqa_artificial_8090_ground_truth,0.6502726972103119,0.7001908880472183,0,0,2
pqa_artificial_8090_hallucinated,0.49884368975957233,0.5471615973244542,1,0,3
pqa_artificial_8092_ground_truth,0.7506035566329956,0.7104224896430968,0,0,1
pqa_artificial_8092_hallucinated,0.6813446283340454,0.6234797013722932,0,0,1
pqa_artificial_8096_ground_truth,0.7081206142902374,0.6809344300031661,0,0,2
pqa_artificial_8096_hallucinated,0.7750506401062012,0.7508687814076741,0,0,1
pqa_artificial_8097_ground_truth,0.6691126028696696,0.6706010442309909,0,0,3
pqa_artificial_8097_hallucinated,0.8414033651351929,0.833982355594635,0,0,1
pqa_artificial_8098_ground_truth,0.6262639462947845,0.5970752385968253,0,0,2
pqa_artificial_8098_hallucinated,0.6351013779640198,0.6084171184209677,0,0,1
pqa_artificial_8099_ground_truth,0.744227260351181,0.7664501536743982,0,0,2
pqa_artificial_8099_hallucinated,0.7711342573165894,0.7290247493523818,0,0,1
pqa_artificial_809_ground_truth,0.7293040752410889,0.7633699955259051,0,0,1
pqa_artificial_809_hallucinated,0.6428606510162354,0.6728149557113647,0,0,2
pqa_artificial_8102_ground_truth,0.7658693194389343,0.775171023607254,0,0,2
pqa_artificial_8102_hallucinated,0.8508971631526947,0.8019626006730517,0,0,2
pqa_artificial_8104_ground_truth,0.8180869817733765,0.7809942205746968,0,0,1
pqa_artificial_8104_hallucinated,0.795037031173706,0.8115259218215942,0,0,1
pqa_artificial_8114_ground_truth,0.3953876495361328,0.4406463546752929,1,1,2
pqa_artificial_8114_hallucinated,0.7108310461044312,0.7622245894159589,0,0,1
pqa_artificial_8118_ground_truth,0.6422270735104879,0.6366743360727262,0,0,3
pqa_artificial_8118_hallucinated,0.9438557028770447,0.9099297612447005,0,0,1
pqa_artificial_8126_ground_truth,0.7051694393157959,0.778618607521057,0,0,1
pqa_artificial_8126_hallucinated,0.7742236256599426,0.7857065379619598,0,0,1
pqa_artificial_8127_ground_truth,0.573461651802063,0.6239231562614441,0,0,2
pqa_artificial_8127_hallucinated,0.8246573805809021,0.7499101664066314,0,0,2
pqa_artificial_8135_ground_truth,0.6654090583324432,0.6147149122612816,0,0,2
pqa_artificial_8135_hallucinated,0.7035388946533203,0.6909387647188627,0,0,1
pqa_artificial_8136_ground_truth,0.8127360343933105,0.7432009383610316,0,0,1
pqa_artificial_8136_hallucinated,0.7371609807014465,0.7217269722052982,0,0,1
pqa_artificial_8137_ground_truth,0.8808412551879883,0.8740888786315917,0,0,1
pqa_artificial_8137_hallucinated,0.8550131916999817,0.8655092341899872,0,0,1
pqa_artificial_8139_ground_truth,0.8002419471740723,0.7874193630218504,0,0,1
pqa_artificial_8139_hallucinated,0.790171205997467,0.7322419177768222,0,0,2
pqa_artificial_8140_ground_truth,0.5501386523246765,0.5530970566272736,0,0,1
pqa_artificial_8140_hallucinated,0.45883533358573914,0.5011847335100174,0,0,1
pqa_artificial_8142_ground_truth,0.7127652168273926,0.6958106517791748,0,0,1
pqa_artificial_8142_hallucinated,0.6235965490341187,0.5803411137356478,0,0,1
pqa_artificial_8146_ground_truth,0.5182973742485046,0.5748081619739532,0,0,1
pqa_artificial_8146_hallucinated,0.9157036542892456,0.913492558002472,0,0,1
pqa_artificial_8152_ground_truth,0.6548422574996948,0.5968895802497863,0,0,2
pqa_artificial_8152_hallucinated,0.6952137152353922,0.6947827928406164,0,0,3
pqa_artificial_8155_ground_truth,0.7681708335876465,0.7717195835113525,0,0,1
pqa_artificial_8155_hallucinated,0.5715711712837219,0.6450998198986053,0,0,1
pqa_artificial_8160_ground_truth,0.7642028033733368,0.7760133909327643,0,0,2
pqa_artificial_8160_hallucinated,0.8291124105453491,0.821450115953173,0,0,1
pqa_artificial_8163_ground_truth,0.6023013591766357,0.5724442847569784,0,0,1
pqa_artificial_8163_hallucinated,0.6851955652236938,0.5986368956565856,0,0,1
pqa_artificial_8164_ground_truth,0.6709354718526205,0.7225119731539772,0,0,3
pqa_artificial_8164_hallucinated,0.6152875125408173,0.6669512587785721,0,0,2
pqa_artificial_8168_ground_truth,0.7172091007232666,0.7225463705062867,0,0,2
pqa_artificial_8168_hallucinated,0.7333944439888,0.7446261107921601,0,0,1
pqa_artificial_817_ground_truth,0.32705240361392496,0.38268668252974747,3,3,5
pqa_artificial_817_hallucinated,0.44941242039203644,0.4418803609410921,1,1,2
pqa_artificial_8183_ground_truth,0.7831548750400543,0.7507496213192468,0,0,2
pqa_artificial_8183_hallucinated,0.7981723546981812,0.7762206482887268,0,0,1
pqa_artificial_8190_ground_truth,0.825149416923523,0.8068903061321804,0,0,1
pqa_artificial_8190_hallucinated,0.7065148949623108,0.7034666764736175,0,0,2
pqa_artificial_8199_ground_truth,0.695292055606842,0.7454544389247894,0,0,1
pqa_artificial_8199_hallucinated,0.593926191329956,0.6257483339309693,0,0,1
pqa_artificial_8206_ground_truth,0.734620213508606,0.7592341494560242,0,0,1
pqa_artificial_8206_hallucinated,0.5627803206443787,0.5918033673082079,0,0,1
pqa_artificial_8211_ground_truth,0.7260390520095825,0.7293142929284469,0,0,1
pqa_artificial_8211_hallucinated,0.7554337978363037,0.7434190431007972,0,0,1
pqa_artificial_8216_ground_truth,0.6180771291255951,0.6377789903879165,0,0,2
pqa_artificial_8216_hallucinated,0.7375307679176331,0.7655023067731124,0,0,1
pqa_artificial_8219_ground_truth,0.6394252975781759,0.6181691368761517,0,0,3
pqa_artificial_8219_hallucinated,0.5731070637702942,0.5586749446392059,0,0,1
pqa_artificial_821_ground_truth,0.7123751044273376,0.72918888888861,0,0,1
pqa_artificial_821_hallucinated,0.7228971123695374,0.7400279786586761,0,0,1
pqa_artificial_8223_ground_truth,0.501348465681076,0.5350886628188585,1,0,2
pqa_artificial_8223_hallucinated,0.8636263608932495,0.7470384526252746,0,0,1
pqa_artificial_822_ground_truth,0.8860554496447245,0.8631763147513071,0,0,3
pqa_artificial_822_hallucinated,0.9333402514457703,0.8815990455772565,0,0,1
pqa_artificial_8230_ground_truth,0.421330526471138,0.49731598391441195,1,0,2
pqa_artificial_8230_hallucinated,0.712669849395752,0.6834341119683307,0,0,1
pqa_artificial_8260_ground_truth,0.7627748847007751,0.7364424192905425,0,0,2
pqa_artificial_8260_hallucinated,0.6961532831192017,0.6999543570069706,0,0,1
pqa_artificial_8263_ground_truth,0.626168966293335,0.6533182764053345,0,0,1
pqa_artificial_8263_hallucinated,0.6909213066101074,0.725409620509428,0,0,1
pqa_artificial_8265_ground_truth,0.8742823600769043,0.7827668828230637,0,0,1
pqa_artificial_8265_hallucinated,0.7968980073928833,0.7449338683329131,0,0,1
pqa_artificial_8267_ground_truth,0.5342989563941956,0.5985926028092703,0,0,2
pqa_artificial_8267_hallucinated,0.818562388420105,0.7987436718940735,0,0,1
pqa_artificial_8269_ground_truth,0.7204917669296265,0.6666971780272091,0,0,1
pqa_artificial_8269_hallucinated,0.7783769369125366,0.7678638558387756,0,0,1
pqa_artificial_8270_ground_truth,0.7140181362628937,0.7207501953840255,0,0,2
pqa_artificial_8270_hallucinated,0.6955540180206299,0.7397449554715838,0,0,1
pqa_artificial_8271_ground_truth,0.5194190740585327,0.5169266851743062,0,0,1
pqa_artificial_8271_hallucinated,0.8306487798690796,0.7989541459083557,0,0,1
pqa_artificial_8274_ground_truth,0.8570117056369781,0.8211581939458846,0,0,2
pqa_artificial_8274_hallucinated,0.8638087511062622,0.7696661257743835,0,0,1
pqa_artificial_8282_ground_truth,0.6116450130939484,0.6450982878772484,0,0,4
pqa_artificial_8282_hallucinated,0.8923069834709167,0.8484610422757954,0,0,1
pqa_artificial_8291_ground_truth,0.7466538548469543,0.771095198392868,0,0,2
pqa_artificial_8291_hallucinated,0.7622126936912537,0.7947253561721128,0,0,1
pqa_artificial_8295_ground_truth,0.5802338123321533,0.6144970019658407,0,0,1
pqa_artificial_8295_hallucinated,0.47866547107696533,0.5617324964205423,0,0,1
pqa_artificial_8297_ground_truth,0.5082952976226807,0.5916400416692098,0,0,1
pqa_artificial_8297_hallucinated,0.6048601865768433,0.5566374247214373,0,0,1
pqa_artificial_82_ground_truth,0.5312099456787109,0.5975612476893835,0,0,2
pqa_artificial_82_hallucinated,0.5917700529098511,0.5854890370368957,0,0,1
pqa_artificial_8305_ground_truth,0.6892078518867493,0.6641597820350102,0,0,2
pqa_artificial_8305_hallucinated,0.7180981636047363,0.6600663753420288,0,0,3
pqa_artificial_8308_ground_truth,0.6311984062194824,0.6455888843536377,0,0,1
pqa_artificial_8308_hallucinated,0.7318313121795654,0.7710319185256957,0,0,1
pqa_artificial_8312_ground_truth,0.8153066635131836,0.8055830855118601,0,0,1
pqa_artificial_8312_hallucinated,0.6586785316467285,0.648839395229633,0,0,2
pqa_artificial_8319_ground_truth,0.6484218835830688,0.6443953185081481,0,0,1
pqa_artificial_8319_hallucinated,0.6345775127410889,0.6292042589187622,0,0,1
pqa_artificial_8320_ground_truth,0.6776476055383682,0.6672664891429642,0,0,4
pqa_artificial_8320_hallucinated,0.37726619839668274,0.42771705783192626,1,1,3
pqa_artificial_8321_ground_truth,0.8628036975860596,0.7889625883102416,0,0,1
pqa_artificial_8321_hallucinated,0.5880614519119263,0.6101045547998869,0,0,1
pqa_artificial_8322_ground_truth,0.7162867585817972,0.7509840643405914,0,0,3
pqa_artificial_8322_hallucinated,0.8992068767547607,0.9019448137283326,0,0,1
pqa_artificial_8326_ground_truth,0.6235439777374268,0.644814117749532,0,0,1
pqa_artificial_8326_hallucinated,0.6486684083938599,0.6083536001614162,0,0,1
pqa_artificial_8331_ground_truth,0.8998105525970459,0.7903021694266277,0,0,1
pqa_artificial_8331_hallucinated,0.6238865256309509,0.5555582872399112,0,0,2
pqa_artificial_833_ground_truth,0.8990066051483154,0.9005546236038207,0,0,1
pqa_artificial_833_hallucinated,0.7099286913871765,0.6600750839710235,0,0,1
pqa_artificial_8340_ground_truth,0.8754788041114807,0.8292637343066078,0,0,1
pqa_artificial_8340_hallucinated,0.8433080911636353,0.8468946111829656,0,0,1
pqa_artificial_8341_ground_truth,0.6779536008834839,0.6567103777612959,0,0,1
pqa_artificial_8341_hallucinated,0.7836755514144897,0.7275728859901427,0,0,1
pqa_artificial_8355_ground_truth,0.861217200756073,0.8242806119578224,0,0,1
pqa_artificial_8355_hallucinated,0.7967253923416138,0.7935411079724629,0,0,1
pqa_artificial_8358_ground_truth,0.6989663243293762,0.6632764270305633,0,0,1
pqa_artificial_8358_hallucinated,0.7649136781692505,0.7254395747184753,0,0,1
pqa_artificial_8359_ground_truth,0.7496315240859985,0.7373891256837284,0,0,1
pqa_artificial_8359_hallucinated,0.5069074630737305,0.45733522415161126,0,0,1
pqa_artificial_8360_ground_truth,0.7980992197990417,0.7629105252879007,0,0,2
pqa_artificial_8360_hallucinated,0.8358155488967896,0.8197137413706098,0,0,1
pqa_artificial_8361_ground_truth,0.702839990456899,0.7142933154486809,0,0,3
pqa_artificial_8361_hallucinated,0.7523921728134155,0.7490274621458615,0,0,1
pqa_artificial_8367_ground_truth,0.8801877200603485,0.8218456897565296,0,0,2
pqa_artificial_8367_hallucinated,0.9572314023971558,0.865061981678009,0,0,1
pqa_artificial_8370_ground_truth,0.6069329380989075,0.5963662145639721,0,0,2
pqa_artificial_8370_hallucinated,0.6345971822738647,0.7053944981799406,0,0,1
pqa_artificial_8382_ground_truth,0.5801055431365967,0.635359594481332,0,0,1
pqa_artificial_8382_hallucinated,0.6975488066673279,0.6789984503814152,0,0,1
pqa_artificial_8383_ground_truth,0.8827934861183167,0.8479554402828215,0,0,1
pqa_artificial_8383_hallucinated,0.9188004732131958,0.813160331249237,0,0,1
pqa_artificial_8385_ground_truth,0.687025249004364,0.6963551743030547,0,0,2
pqa_artificial_8385_hallucinated,0.7321677207946777,0.7418031188419887,0,0,1
pqa_artificial_838_ground_truth,0.7568681240081787,0.7356076868057251,0,0,1
pqa_artificial_838_hallucinated,0.6089127063751221,0.6602388944625854,0,0,1
pqa_artificial_8391_ground_truth,0.6647323369979858,0.6674005479865022,0,0,2
pqa_artificial_8391_hallucinated,0.775425910949707,0.7602981376647949,0,0,1
pqa_artificial_8395_ground_truth,0.7255004048347473,0.7164752833843231,0,0,2
pqa_artificial_8395_hallucinated,0.5405121669173241,0.5115700553036653,1,1,4
pqa_artificial_8413_ground_truth,0.7755611836910248,0.7964865785837173,0,0,2
pqa_artificial_8413_hallucinated,0.6272556781768799,0.6256414747238159,0,0,1
pqa_artificial_8415_ground_truth,0.7589666247367859,0.71127663731575,0,0,1
pqa_artificial_8415_hallucinated,0.8487987518310547,0.8529091262817383,0,0,1
pqa_artificial_8416_ground_truth,0.7225038707256317,0.7095027095079421,0,0,2
pqa_artificial_8416_hallucinated,0.970646858215332,0.8986835699815016,0,0,1
pqa_artificial_8417_ground_truth,0.6731214125951132,0.7074670400986305,0,0,3
pqa_artificial_8417_hallucinated,0.7284265756607056,0.699898602962494,0,0,1
pqa_artificial_841_ground_truth,0.706132709980011,0.7125428969860077,0,0,2
pqa_artificial_841_hallucinated,0.8003204464912415,0.7552243125438689,0,0,1
pqa_artificial_8420_ground_truth,0.5876217260956764,0.5936387796955449,1,1,4
pqa_artificial_8420_hallucinated,0.5488196611404419,0.5741737627983093,0,0,1
pqa_artificial_8432_ground_truth,0.9188430309295654,0.8650322269138537,0,0,1
pqa_artificial_8432_hallucinated,0.6537333726882935,0.7081133608818053,0,0,1
pqa_artificial_8434_ground_truth,0.783889889717102,0.7622943513734,0,0,1
pqa_artificial_8434_hallucinated,0.8715676665306091,0.7779098665714264,0,0,1
pqa_artificial_8436_ground_truth,0.6683224439620972,0.684822047769805,0,0,3
pqa_artificial_8436_hallucinated,0.4887220077216625,0.5276826819888741,1,1,4
pqa_artificial_8438_ground_truth,0.7961805164813995,0.8099513615369796,0,0,2
pqa_artificial_8438_hallucinated,0.8452494144439697,0.7845317329679216,0,0,1
pqa_artificial_8439_ground_truth,0.535253643989563,0.46610612222126546,0,0,1
pqa_artificial_8439_hallucinated,0.7746461629867554,0.711538028376443,0,0,1
pqa_artificial_8447_ground_truth,0.659919003645579,0.7049345306220807,0,0,3
pqa_artificial_8447_hallucinated,0.758953332901001,0.7900173330307005,0,0,1
pqa_artificial_8449_ground_truth,0.919612780213356,0.8638934198335597,0,0,4
pqa_artificial_8449_hallucinated,0.8904194831848145,0.7972936382293702,0,0,1
pqa_artificial_8450_ground_truth,0.6436442732810974,0.6338009912967681,0,0,2
pqa_artificial_8450_hallucinated,0.7493370771408081,0.7105359539985656,0,0,1
pqa_artificial_8451_ground_truth,0.7294122775395712,0.7167184019700074,0,0,3
pqa_artificial_8451_hallucinated,0.7308290004730225,0.6705803003311157,0,0,1
pqa_artificial_8453_ground_truth,0.6613533198833466,0.6728282762992949,0,0,3
pqa_artificial_8453_hallucinated,0.7526172399520874,0.7443320679664611,0,0,1
pqa_artificial_8454_ground_truth,0.6601763864358267,0.6092901371717453,0,0,3
pqa_artificial_8454_hallucinated,0.701788604259491,0.6096730756132226,0,0,1
pqa_artificial_8455_ground_truth,0.8633843064308167,0.8345613221938794,0,0,1
pqa_artificial_8455_hallucinated,0.6859142780303955,0.6468066612879435,0,0,1
pqa_artificial_8457_ground_truth,0.7879401445388794,0.7027119473310617,0,0,1
pqa_artificial_8457_hallucinated,0.8114136457443237,0.7873645520210265,0,0,1
pqa_artificial_845_ground_truth,0.7737405300140381,0.7591183710098266,0,0,1
pqa_artificial_845_hallucinated,0.7895331382751465,0.7184231967926026,0,0,1
pqa_artificial_8465_ground_truth,0.7840597629547119,0.7888418340682983,0,0,1
pqa_artificial_8465_hallucinated,0.5755633115768433,0.6478943181037903,0,0,1
pqa_artificial_8472_ground_truth,0.72243332862854,0.7612802531169012,0,0,1
pqa_artificial_8472_hallucinated,0.6660000681877136,0.6585529889078701,0,0,1
pqa_artificial_8473_ground_truth,0.7483832836151123,0.6978682985305786,0,0,1
pqa_artificial_8473_hallucinated,0.5631222128868103,0.5698998347350529,0,0,2
pqa_artificial_8478_ground_truth,0.8005126118659973,0.6835167230430402,0,0,1
pqa_artificial_8478_hallucinated,0.6925029754638672,0.642252082824707,0,0,1
pqa_artificial_8480_ground_truth,0.919996440410614,0.9109975082874298,0,0,1
pqa_artificial_8480_hallucinated,0.920189380645752,0.918747951067411,0,0,1
pqa_artificial_8483_ground_truth,0.6943550109863281,0.6686955665139591,0,0,1
pqa_artificial_8483_hallucinated,0.6216500997543335,0.671693531366495,0,0,1
pqa_artificial_8494_ground_truth,0.6037169694900513,0.617601878643036,0,0,1
pqa_artificial_8494_hallucinated,0.6299464305241903,0.6286542306902415,0,0,3
pqa_artificial_8500_ground_truth,0.7619275450706482,0.7733492815494537,0,0,1
pqa_artificial_8500_hallucinated,0.7854699492454529,0.7764956311384836,0,0,1
pqa_artificial_8505_ground_truth,0.7187411785125732,0.7893688249588011,0,0,1
pqa_artificial_8505_hallucinated,0.7702657580375671,0.7438288877691541,0,0,1
pqa_artificial_8506_ground_truth,0.6442470749219259,0.6260851319325276,0,0,3
pqa_artificial_8506_hallucinated,0.6781468391418457,0.622702787399292,0,0,1
pqa_artificial_8507_ground_truth,0.7834151983261108,0.7516665008972431,0,0,1
pqa_artificial_8507_hallucinated,0.6615474224090576,0.695142019215752,0,0,1
pqa_artificial_8518_ground_truth,0.9092387557029724,0.8706978982228499,0,0,1
pqa_artificial_8518_hallucinated,0.6460132598876953,0.6752092819213867,0,0,1
pqa_artificial_8520_ground_truth,0.6922911405563354,0.6823325565593694,0,0,3
pqa_artificial_8520_hallucinated,0.8231801986694336,0.7440386390686035,0,0,1
pqa_artificial_8522_ground_truth,0.8504294157028198,0.8161005909919739,0,0,1
pqa_artificial_8522_hallucinated,0.8175833225250244,0.8133797543389456,0,0,1
pqa_artificial_8523_ground_truth,0.7847591638565063,0.7793314146995544,0,0,1
pqa_artificial_8523_hallucinated,0.4032009541988373,0.4518814242417071,3,2,6
pqa_artificial_8524_ground_truth,0.6855809390544891,0.7036566573381424,0,0,2
pqa_artificial_8524_hallucinated,0.7388193607330322,0.7621735525131226,0,0,1
pqa_artificial_8527_ground_truth,0.7854494452476501,0.806814611673355,0,0,2
pqa_artificial_8527_hallucinated,0.7466199000676473,0.7291998641132871,0,0,3
pqa_artificial_8542_ground_truth,0.7466512322425842,0.7493225292364756,0,0,1
pqa_artificial_8542_hallucinated,0.8327779769897461,0.8247092897751751,0,0,1
pqa_artificial_8544_ground_truth,0.7861001491546631,0.8044367710749307,0,0,1
pqa_artificial_8544_hallucinated,0.6591407060623169,0.5641484942436218,0,0,1
pqa_artificial_8561_ground_truth,0.7011933922767639,0.7039932693305768,0,0,1
pqa_artificial_8561_hallucinated,0.5673441886901855,0.6097879909066592,0,0,1
pqa_artificial_8570_ground_truth,0.8430135250091553,0.8488594675064087,0,0,1
pqa_artificial_8570_hallucinated,0.861518383026123,0.7930628681182862,0,0,1
pqa_artificial_8578_ground_truth,0.7896206378936768,0.7462344465255737,0,0,2
pqa_artificial_8578_hallucinated,0.7923228740692139,0.6656260118484496,0,0,1
pqa_artificial_8585_ground_truth,0.696903795003891,0.7085469422170094,0,0,2
pqa_artificial_8585_hallucinated,0.7155452966690063,0.7329405311977162,0,0,1
pqa_artificial_8594_ground_truth,0.7380783557891846,0.7191548490524292,0,0,1
pqa_artificial_8594_hallucinated,0.679955244064331,0.737145141433267,0,0,1
pqa_artificial_8595_ground_truth,0.733040064573288,0.7435767631500195,0,0,2
pqa_artificial_8595_hallucinated,0.7246307134628296,0.7041164994239807,0,0,1
pqa_artificial_8600_ground_truth,0.8519829511642456,0.7988880658149718,0,0,1
pqa_artificial_8600_hallucinated,0.7748422622680664,0.7543895835876464,0,0,1
pqa_artificial_860_ground_truth,0.7078994512557983,0.6830296158790587,0,0,1
pqa_artificial_860_hallucinated,0.7472487092018127,0.7174740964412689,0,0,1
pqa_artificial_8610_ground_truth,0.8460935354232788,0.8183369033677237,0,0,1
pqa_artificial_8610_hallucinated,0.8489428162574768,0.7817599713802337,0,0,1
pqa_artificial_8615_ground_truth,0.758644163608551,0.7559437716688427,0,0,2
pqa_artificial_8615_hallucinated,0.8012075424194336,0.7869563908047146,0,0,1
pqa_artificial_8618_ground_truth,0.7890663146972656,0.7595339202880859,0,0,1
pqa_artificial_8618_hallucinated,0.8761234283447266,0.8498248613797701,0,0,1
pqa_artificial_8619_ground_truth,0.8194176554679871,0.7711785657241426,0,0,1
pqa_artificial_8619_hallucinated,0.686528205871582,0.6798554583958216,0,0,1
pqa_artificial_8625_ground_truth,0.8470266461372375,0.7985436522960663,0,0,1
pqa_artificial_8625_hallucinated,0.781911313533783,0.6885879194736481,0,0,1
pqa_artificial_8629_ground_truth,0.6147155463695526,0.6537816516894561,0,0,2
pqa_artificial_8629_hallucinated,0.8625649213790894,0.7848668735367911,0,0,1
pqa_artificial_8631_ground_truth,0.7028343975543976,0.7322861616214116,0,0,4
pqa_artificial_8631_hallucinated,0.7596471905708313,0.6800863667329152,0,0,1
pqa_artificial_8639_ground_truth,0.7978416085243225,0.7183380270659268,0,0,2
pqa_artificial_8639_hallucinated,0.847816675901413,0.7996481437192244,0,0,2
pqa_artificial_8641_ground_truth,0.6087853014469147,0.5843914692545985,0,0,2
pqa_artificial_8641_hallucinated,0.7756853103637695,0.730920893725227,0,0,1
pqa_artificial_8648_ground_truth,0.8500943183898926,0.8465366111082189,0,0,1
pqa_artificial_8648_hallucinated,0.8408756852149963,0.8446129796504973,0,0,1
pqa_artificial_8649_ground_truth,0.9451114535331726,0.8790780174732208,0,0,1
pqa_artificial_8649_hallucinated,0.9266785383224487,0.8725211306718679,0,0,1
pqa_artificial_8651_ground_truth,0.635225236415863,0.6713243321577708,0,0,3
pqa_artificial_8651_hallucinated,0.673149585723877,0.7070380433400472,0,0,1
pqa_artificial_865_ground_truth,0.40595078468322754,0.43316554927825923,0,0,1
pqa_artificial_865_hallucinated,0.7687212228775024,0.7323548560142517,0,0,1
pqa_artificial_8664_ground_truth,0.7952653169631958,0.785435721874237,0,0,2
pqa_artificial_8664_hallucinated,0.891165018081665,0.8355802185395185,0,0,1
pqa_artificial_8665_ground_truth,0.7778230309486389,0.7618719549973805,0,0,2
pqa_artificial_8665_hallucinated,0.7962652444839478,0.8243856711387634,0,0,1
pqa_artificial_8667_ground_truth,0.7136881053447723,0.7366391271574897,0,0,4
pqa_artificial_8667_hallucinated,0.7322672605514526,0.7427793900783245,0,0,1
pqa_artificial_8671_ground_truth,0.832252025604248,0.8000764179229736,0,0,1
pqa_artificial_8671_hallucinated,0.8767529726028442,0.8128937474886576,0,0,1
pqa_artificial_8672_ground_truth,0.7242321372032166,0.6932124960422515,0,0,1
pqa_artificial_8672_hallucinated,0.7244225740432739,0.6597428606538212,0,0,1
pqa_artificial_8678_ground_truth,0.864454597234726,0.8353682180643082,0,0,2
pqa_artificial_8678_hallucinated,0.8075386881828308,0.7819838124972124,0,0,2
pqa_artificial_8680_ground_truth,0.7706431150436401,0.7404501805305481,0,0,1
pqa_artificial_8680_hallucinated,0.7522381544113159,0.7115667080879211,0,0,1
pqa_artificial_8682_ground_truth,0.6957600116729736,0.6770320081710816,0,0,1
pqa_artificial_8682_hallucinated,0.7281602621078491,0.672065124651965,0,0,1
pqa_artificial_8684_ground_truth,0.6766804754734039,0.708569495224545,1,0,3
pqa_artificial_8684_hallucinated,0.5934039031465849,0.591081777610246,2,2,6
pqa_artificial_8699_ground_truth,0.8189137578010559,0.8086146304607391,0,0,2
pqa_artificial_8699_hallucinated,0.8406068682670593,0.8530676649297986,0,0,1
pqa_artificial_8708_ground_truth,0.7256566286087036,0.6729596400260925,0,0,1
pqa_artificial_8708_hallucinated,0.6903795301914215,0.6305573378006617,0,0,2
pqa_artificial_8711_ground_truth,0.7901683449745178,0.7282428414821625,0,0,2
pqa_artificial_8711_hallucinated,0.8191132545471191,0.6896292781829834,0,0,1
pqa_artificial_8715_ground_truth,0.6601508458455404,0.6054242734105596,0,0,3
pqa_artificial_8715_hallucinated,0.8079829216003418,0.7647547117869059,0,0,1
pqa_artificial_8716_ground_truth,0.7713784426450729,0.7137322316841302,0,0,4
pqa_artificial_8716_hallucinated,0.7668336629867554,0.741257248301255,0,0,1
pqa_artificial_8721_ground_truth,0.8757045269012451,0.8622239380616408,0,0,1
pqa_artificial_8721_hallucinated,0.9019691944122314,0.819815936088562,0,0,1
pqa_artificial_8722_ground_truth,0.8861368894577026,0.8822188995434688,0,0,1
pqa_artificial_8722_hallucinated,0.8522922992706299,0.8458353787202101,0,0,1
pqa_artificial_8723_ground_truth,0.9661833047866821,0.9625783133506773,0,0,1
pqa_artificial_8723_hallucinated,0.9598798155784607,0.9592235632126147,0,0,1
pqa_artificial_8737_ground_truth,0.8151919841766357,0.7517058174950735,0,0,1
pqa_artificial_8737_hallucinated,0.8184271454811096,0.7633990018367767,0,0,1
pqa_artificial_8743_ground_truth,0.6756820306181908,0.6774774214327335,1,0,4
pqa_artificial_8743_hallucinated,0.7401253581047058,0.691976639562183,0,0,3
pqa_artificial_8745_ground_truth,0.809027910232544,0.8479862038294473,0,0,2
pqa_artificial_8745_hallucinated,0.6780142188072205,0.6412766198317209,0,0,1
pqa_artificial_8749_ground_truth,0.5769668370485306,0.5801267859339714,1,0,2
pqa_artificial_8749_hallucinated,0.7460403442382812,0.7847282409667968,0,0,1
pqa_artificial_8751_ground_truth,0.6675859689712524,0.6530794090491074,0,0,1
pqa_artificial_8751_hallucinated,0.7494885921478271,0.728392014503479,0,0,1
pqa_artificial_8755_ground_truth,0.8805959224700928,0.8614171457290649,0,0,1
pqa_artificial_8755_hallucinated,0.8294814825057983,0.8290745377540588,0,0,1
pqa_artificial_875_ground_truth,0.8093078434467316,0.779278648307449,0,0,2
pqa_artificial_875_hallucinated,0.8252321481704712,0.8157875037193298,0,0,1
pqa_artificial_8765_ground_truth,0.920254111289978,0.8816778779029846,0,0,1
pqa_artificial_8765_hallucinated,0.7432464063167572,0.6852436382678838,0,0,2
pqa_artificial_8771_ground_truth,0.864179402589798,0.8364880818128586,0,0,2
pqa_artificial_8771_hallucinated,0.7439516186714172,0.6963494664033253,0,0,2
pqa_artificial_8784_ground_truth,0.7725311517715454,0.7857718062400817,0,0,1
pqa_artificial_8784_hallucinated,0.7074697315692902,0.690978812098503,0,0,2
pqa_artificial_8786_ground_truth,0.8241087198257446,0.7806261038780212,0,0,1
pqa_artificial_8786_hallucinated,0.7091262340545654,0.6380550305048625,0,0,1
pqa_artificial_8793_ground_truth,0.5995808641115824,0.6188732715447743,1,0,3
pqa_artificial_8793_hallucinated,0.7351057529449463,0.7638047962922316,0,0,1
pqa_artificial_8796_ground_truth,0.8135154247283936,0.790999258848337,0,0,1
pqa_artificial_8796_hallucinated,0.7495241165161133,0.7696668815612793,0,0,1
pqa_artificial_8797_ground_truth,0.7885465621948242,0.8069825935363769,0,0,1
pqa_artificial_8797_hallucinated,0.8169339299201965,0.7893537509441375,0,0,1
pqa_artificial_8801_ground_truth,0.6961982250213623,0.7048387575149536,0,0,1
pqa_artificial_8801_hallucinated,0.7871514558792114,0.7748521729616018,0,0,1
pqa_artificial_8803_ground_truth,0.6235212609171867,0.6979648826420307,1,0,4
pqa_artificial_8803_hallucinated,0.7437038421630859,0.7380926895141602,0,0,1
pqa_artificial_8805_ground_truth,0.8117708563804626,0.7903229327996572,0,0,2
pqa_artificial_8805_hallucinated,0.6721956133842468,0.5963061601382035,0,0,1
pqa_artificial_8811_ground_truth,0.6822086870670319,0.6950460809469223,0,0,2
pqa_artificial_8811_hallucinated,0.7039219737052917,0.7406401184358095,0,0,1
pqa_artificial_8813_ground_truth,0.7769768635431925,0.7619393600357903,0,0,3
pqa_artificial_8813_hallucinated,0.7449548244476318,0.7326222232671884,0,0,1
pqa_artificial_8815_ground_truth,0.6370918850104014,0.6179514989944604,1,1,3
pqa_artificial_8815_hallucinated,0.8869963884353638,0.8228205488278315,0,0,1
pqa_artificial_8823_ground_truth,0.6511337757110596,0.6320436429977416,0,0,1
pqa_artificial_8823_hallucinated,0.6805374026298523,0.6663761818408966,0,0,1
pqa_artificial_8825_ground_truth,0.7090497016906738,0.6859776483263288,0,0,2
pqa_artificial_8825_hallucinated,0.6619114875793457,0.7044094698769705,0,0,1
pqa_artificial_8828_ground_truth,0.7900335192680359,0.7423696173337789,0,0,3
pqa_artificial_8828_hallucinated,0.6125077605247498,0.589065991373536,0,1,3
pqa_artificial_8831_ground_truth,0.6800030469894409,0.6468716981099999,0,0,1
pqa_artificial_8831_hallucinated,0.5788670182228088,0.5701622698988232,0,0,2
pqa_artificial_8834_ground_truth,0.7533989548683167,0.7405371631446637,0,0,1
pqa_artificial_8834_hallucinated,0.9113678932189941,0.8967075252532959,0,0,1
pqa_artificial_8836_ground_truth,0.6366293132305145,0.6377238525946936,0,0,2
pqa_artificial_8836_hallucinated,0.6187800168991089,0.5700210118293761,0,0,1
pqa_artificial_8837_ground_truth,0.7333683967590332,0.7166337398002888,0,0,1
pqa_artificial_8837_hallucinated,0.9171768426895142,0.8430237898826598,0,0,1
pqa_artificial_883_ground_truth,0.701340933640798,0.7201813006073822,0,0,3
pqa_artificial_883_hallucinated,0.6908597648143768,0.6860808269667025,0,0,2
pqa_artificial_8841_ground_truth,0.6937808990478516,0.6731466293334961,0,0,1
pqa_artificial_8841_hallucinated,0.6761926412582397,0.722565618111537,0,0,1
pqa_artificial_8846_ground_truth,0.6070981323719025,0.6139686926603317,0,0,2
pqa_artificial_8846_hallucinated,0.7784016132354736,0.7486311292648314,0,0,1
pqa_artificial_8847_ground_truth,0.9087909460067749,0.8787623578569163,0,0,1
pqa_artificial_8847_hallucinated,0.7210172414779663,0.7313787357012431,0,0,1
pqa_artificial_8849_ground_truth,0.8122974038124084,0.7925248493353525,0,0,3
pqa_artificial_8849_hallucinated,0.8917229771614075,0.8353599301668313,0,0,1
pqa_artificial_8854_ground_truth,0.7269524335861206,0.7299536600320236,0,0,1
pqa_artificial_8854_hallucinated,0.731523871421814,0.7256381385666983,0,0,1
pqa_artificial_8855_ground_truth,0.9029927253723145,0.91834490776062,0,0,1
pqa_artificial_8855_hallucinated,0.8224749565124512,0.7527324695587159,0,0,1
pqa_artificial_8857_ground_truth,0.7843945622444153,0.7326056053357966,0,0,1
pqa_artificial_8857_hallucinated,0.8213711380958557,0.7866264633337656,0,0,1
pqa_artificial_8868_ground_truth,0.7334595719973246,0.7362849482613751,0,0,3
pqa_artificial_8868_hallucinated,0.704808791478475,0.6787279961401955,0,0,3
pqa_artificial_8873_ground_truth,0.8788262009620667,0.8409283406734466,0,0,1
pqa_artificial_8873_hallucinated,0.8577758073806763,0.8362763984998067,0,0,1
pqa_artificial_8880_ground_truth,0.7806354562441508,0.750931998858085,0,0,3
pqa_artificial_8880_hallucinated,0.7946568727493286,0.8150098109245301,0,0,1
pqa_artificial_8884_ground_truth,0.7781065106391907,0.7896745574474334,0,0,1
pqa_artificial_8884_hallucinated,0.6590193510055542,0.6719385457038879,0,0,1
pqa_artificial_8885_ground_truth,0.8163101673126221,0.7864171171188353,0,0,1
pqa_artificial_8885_hallucinated,0.6216056148211161,0.5947709891983107,0,0,3
pqa_artificial_8887_ground_truth,0.7837399244308472,0.6666614253624625,0,0,1
pqa_artificial_8887_hallucinated,0.9419747591018677,0.8736680456570216,0,0,1
pqa_artificial_888_ground_truth,0.8420489132404327,0.8243509059349695,0,0,2
pqa_artificial_888_hallucinated,0.6479719877243042,0.7077470580736795,0,0,1
pqa_artificial_8893_ground_truth,0.7807495594024658,0.8190246915817261,0,0,1
pqa_artificial_8893_hallucinated,0.5601096451282501,0.5917396475173768,1,0,4
pqa_artificial_8895_ground_truth,0.786941647529602,0.7743189746992929,0,0,2
pqa_artificial_8895_hallucinated,0.8465951085090637,0.8808308616706303,0,0,1
pqa_artificial_8898_ground_truth,0.602882981300354,0.6520180869102478,0,0,1
pqa_artificial_8898_hallucinated,0.7666522264480591,0.7659422727993557,0,0,1
pqa_artificial_8902_ground_truth,0.6115143100420634,0.6571870011564285,0,0,3
pqa_artificial_8902_hallucinated,0.6712187826633453,0.6489156478643416,0,0,2
pqa_artificial_8910_ground_truth,0.6980994939804077,0.6970029791196187,0,0,1
pqa_artificial_8910_hallucinated,0.7572730779647827,0.7277382133988772,0,0,1
pqa_artificial_8912_ground_truth,0.6838952600955963,0.6870600154002506,0,0,2
pqa_artificial_8912_hallucinated,0.7556970715522766,0.7914879500865937,0,0,1
pqa_artificial_8913_ground_truth,0.948418140411377,0.8959515218173756,0,0,1
pqa_artificial_8913_hallucinated,0.5473132729530334,0.5641907196385519,0,0,1
pqa_artificial_8918_ground_truth,0.8577060699462891,0.8145192489624022,0,0,2
pqa_artificial_8918_hallucinated,0.9254056215286255,0.9111172684033711,0,0,1
pqa_artificial_8921_ground_truth,0.7033030986785889,0.7051295065363125,0,0,3
pqa_artificial_8921_hallucinated,0.6714140176773071,0.672489812374115,0,0,1
pqa_artificial_8936_ground_truth,0.7889620661735535,0.812987732035773,0,0,1
pqa_artificial_8936_hallucinated,0.7507179975509644,0.7081112939378489,0,0,1
pqa_artificial_8940_ground_truth,0.8206462860107422,0.7769524002075195,0,0,1
pqa_artificial_8940_hallucinated,0.7691126465797424,0.6840931383201053,0,0,1
pqa_artificial_8943_ground_truth,0.6364807685216268,0.6424938029224037,0,0,3
pqa_artificial_8943_hallucinated,0.7232903242111206,0.6615206182521323,0,0,1
pqa_artificial_8948_ground_truth,0.5901626348495483,0.5818086973358603,0,0,2
pqa_artificial_8948_hallucinated,0.5857519606749216,0.5590605986629213,1,1,6
pqa_artificial_8954_ground_truth,0.8824441432952881,0.8627109003067016,0,0,1
pqa_artificial_8954_hallucinated,0.847659170627594,0.8298998809777773,0,0,1
pqa_artificial_895_ground_truth,0.6162273287773132,0.6053591301441192,0,0,1
pqa_artificial_895_hallucinated,0.8331071138381958,0.8055279208632076,0,0,1
pqa_artificial_8960_ground_truth,0.8316176533699036,0.763203785930361,0,0,1
pqa_artificial_8960_hallucinated,0.7387825846672058,0.6864335235527583,0,0,1
pqa_artificial_8961_ground_truth,0.9234552383422852,0.8039186668395996,0,0,1
pqa_artificial_8961_hallucinated,0.8016303777694702,0.711141264438629,0,0,1
pqa_artificial_8963_ground_truth,0.6559866865475973,0.6754513643440019,0,0,3
pqa_artificial_8963_hallucinated,0.7408083081245422,0.6374943871157509,0,0,1
pqa_artificial_8964_ground_truth,0.9330289959907532,0.8706202971935272,0,0,1
pqa_artificial_8964_hallucinated,0.7928682565689087,0.7500077795982361,0,0,1
pqa_artificial_8971_ground_truth,0.5829268991947174,0.5509764610152496,0,0,2
pqa_artificial_8971_hallucinated,0.7391248345375061,0.6715445270333972,0,0,2
pqa_artificial_8977_ground_truth,0.4943378269672394,0.5331198122104008,1,0,2
pqa_artificial_8977_hallucinated,0.685198962688446,0.7167821310247693,0,0,1
pqa_artificial_8980_ground_truth,0.7262067198753357,0.6667822039127349,0,0,2
pqa_artificial_8980_hallucinated,0.612973153591156,0.5876526360852378,0,0,1
pqa_artificial_8982_ground_truth,0.6433171927928925,0.6694470349550247,0,0,3
pqa_artificial_8982_hallucinated,0.7929933071136475,0.7516742623479743,0,0,1
pqa_artificial_8990_ground_truth,0.739248663187027,0.8037240642309189,0,0,2
pqa_artificial_8990_hallucinated,0.6526390314102173,0.7374355572812696,0,0,1
pqa_artificial_8992_ground_truth,0.7811644375324249,0.7470074139650051,0,0,2
pqa_artificial_8992_hallucinated,0.7768268585205078,0.6969366957011975,0,0,1
pqa_artificial_903_ground_truth,0.7179086208343506,0.6803771060126168,0,0,4
pqa_artificial_903_hallucinated,0.8378973007202148,0.813194777170817,0,0,1
pqa_artificial_904_ground_truth,0.7442194819450378,0.7842869706948599,0,0,3
pqa_artificial_904_hallucinated,0.5867800712585449,0.5751210498809814,0,0,1
pqa_artificial_906_ground_truth,0.8456282317638397,0.8436064289013544,0,0,2
pqa_artificial_906_hallucinated,0.6469207207361857,0.6239667267375522,0,0,3
pqa_artificial_907_ground_truth,0.822358101606369,0.8326819211244583,0,0,2
pqa_artificial_907_hallucinated,0.8258880376815796,0.7521216263771057,0,0,1
pqa_artificial_918_ground_truth,0.8373066186904907,0.7972684792371896,0,0,1
pqa_artificial_918_hallucinated,0.7819619178771973,0.8092964194371149,0,0,1
pqa_artificial_928_ground_truth,0.7998008131980896,0.8017355692386627,0,0,2
pqa_artificial_928_hallucinated,0.8528097867965698,0.8069668507575989,0,0,1
pqa_artificial_929_ground_truth,0.8352938890457153,0.7967057223320007,0,0,1
pqa_artificial_929_hallucinated,0.8853275179862976,0.8509792625904082,0,0,1
pqa_artificial_936_ground_truth,0.8399180173873901,0.745442612171173,0,0,1
pqa_artificial_936_hallucinated,0.5789875984191895,0.5870560247757856,0,0,1
pqa_artificial_939_ground_truth,0.8460595607757568,0.7084916925430297,0,0,1
pqa_artificial_939_hallucinated,0.7423669099807739,0.6182282655579703,0,0,1
pqa_artificial_945_ground_truth,0.8965448141098022,0.8260099413054329,0,0,2
pqa_artificial_945_hallucinated,0.6429315209388733,0.6300520646572112,0,0,2
pqa_artificial_949_ground_truth,0.680689295132955,0.7204040752205193,1,0,3
pqa_artificial_949_hallucinated,0.6880394816398621,0.7632943038145701,0,0,1
pqa_artificial_950_ground_truth,0.6087954143683115,0.6354915239513755,0,0,3
pqa_artificial_950_hallucinated,0.6678935885429382,0.6406024350569798,0,0,1
pqa_artificial_951_ground_truth,0.7573271989822388,0.7131290392875671,0,0,1
pqa_artificial_951_hallucinated,0.7236849665641785,0.7099128099282582,0,0,1
pqa_artificial_964_ground_truth,0.5930798451105753,0.6360130344345456,0,0,3
pqa_artificial_964_hallucinated,0.6353463232517242,0.6741051713742462,0,0,2
pqa_artificial_968_ground_truth,0.7740345994631449,0.738411521211503,0,0,3
pqa_artificial_968_hallucinated,0.6832246780395508,0.6516454325224224,0,0,2
pqa_artificial_972_ground_truth,0.7191789150238037,0.7134252405166626,0,0,1
pqa_artificial_972_hallucinated,0.6473506689071655,0.6481454682350158,0,0,1
pqa_artificial_974_ground_truth,0.8273176153500875,0.8047957053580643,0,0,3
pqa_artificial_974_hallucinated,0.7847955226898193,0.7393568658828735,0,0,1
pqa_artificial_975_ground_truth,0.5802501440048218,0.6236751008033752,0,0,1
pqa_artificial_975_hallucinated,0.6716083288192749,0.6593565994042616,0,0,1
pqa_artificial_986_ground_truth,0.7985626459121704,0.7714938521385193,0,0,1
pqa_artificial_986_hallucinated,0.7924016714096069,0.7955635229279012,0,0,1
pqa_artificial_990_ground_truth,0.5773203074932098,0.5737492152452468,0,0,2
pqa_artificial_990_hallucinated,0.8786493539810181,0.8665251360220068,0,0,1
pqa_artificial_999_ground_truth,0.7994691729545593,0.7625450877348582,0,0,2
pqa_artificial_999_hallucinated,0.8415082395076752,0.7787414819410869,0,0,2
pqa_labeled_114_ground_truth,0.6170299053192139,0.6331709337234497,0,0,2
pqa_labeled_114_hallucinated,0.7533305883407593,0.7310814118385315,0,0,1
pqa_labeled_115_ground_truth,0.5687533418337504,0.5942384503947363,0,0,3
pqa_labeled_115_hallucinated,0.8628289699554443,0.774980278968811,0,0,1
pqa_labeled_125_ground_truth,0.5830110510190328,0.5637426563482436,1,0,3
pqa_labeled_125_hallucinated,0.8744703531265259,0.754629247188568,0,0,1
pqa_labeled_132_ground_truth,0.39451904594898224,0.43272583216428756,1,1,2
pqa_labeled_132_hallucinated,0.9076534509658813,0.8258574156761169,0,0,1
pqa_labeled_133_ground_truth,0.8144565522670746,0.8233695865869521,0,0,2
pqa_labeled_133_hallucinated,0.9071146249771118,0.8474802374839783,0,0,1
pqa_labeled_137_ground_truth,0.7475690692663193,0.7061019199149949,0,0,4
pqa_labeled_137_hallucinated,0.6515774130821228,0.629604189157486,0,0,2
pqa_labeled_138_ground_truth,0.5583582669496536,0.5550678198317905,2,1,4
pqa_labeled_138_hallucinated,0.6878433227539062,0.6183653259277343,0,0,1
pqa_labeled_142_ground_truth,0.6498725116252899,0.6352902224234172,0,0,2
pqa_labeled_142_hallucinated,0.8608085513114929,0.743565985918045,0,0,1
pqa_labeled_143_ground_truth,0.7116433382034302,0.6786860510281154,0,0,2
pqa_labeled_143_hallucinated,0.7980140447616577,0.7039944467177757,0,0,1
pqa_labeled_146_ground_truth,0.5851805657148361,0.5664388960003852,0,0,4
pqa_labeled_146_hallucinated,0.6178470849990845,0.6334929594993591,0,0,1
pqa_labeled_147_ground_truth,0.7977911829948425,0.8005126516258015,0,0,3
pqa_labeled_147_hallucinated,0.775097111860911,0.7376079219116601,0,0,3
pqa_labeled_149_ground_truth,0.7654906511306763,0.7723819173299349,0,0,1
pqa_labeled_149_hallucinated,0.8318449258804321,0.8442145250393793,0,0,1
pqa_labeled_155_ground_truth,0.7832361459732056,0.7898278021812439,0,0,2
pqa_labeled_155_hallucinated,0.7440911531448364,0.696464768739847,0,0,2
pqa_labeled_16_ground_truth,0.670691967010498,0.6797760435740153,0,0,3
pqa_labeled_16_hallucinated,0.7327967882156372,0.738707751750946,0,0,1
pqa_labeled_173_ground_truth,0.7141367197036743,0.6690623704592387,0,0,1
pqa_labeled_173_hallucinated,0.7599436044692993,0.7494605231285095,0,0,1
pqa_labeled_174_ground_truth,0.7077517708142599,0.7014358549545973,0,0,3
pqa_labeled_174_hallucinated,0.6947619616985321,0.7089896231889725,0,0,2
pqa_labeled_175_ground_truth,0.45685991644859314,0.5024269415140151,0,0,2
pqa_labeled_175_hallucinated,0.7307804822921753,0.7393588376045227,0,0,1
pqa_labeled_178_ground_truth,0.7397666573524475,0.7140866601467133,0,0,2
pqa_labeled_178_hallucinated,0.7814903259277344,0.7455047666109524,0,0,1
pqa_labeled_185_ground_truth,0.7595949649810791,0.7578414754867554,0,0,5
pqa_labeled_185_hallucinated,0.5829710761706034,0.567651181890851,0,0,3
pqa_labeled_189_ground_truth,0.6571323871612549,0.6793260043462116,0,0,3
pqa_labeled_189_hallucinated,0.6413394212722778,0.5918787713611826,0,0,1
pqa_labeled_190_ground_truth,0.5637043714523315,0.5245930600166321,0,0,1
pqa_labeled_190_hallucinated,0.7961966395378113,0.7313376476764679,0,0,1
pqa_labeled_19_ground_truth,0.7997753620147705,0.8079856105531964,0,0,2
pqa_labeled_19_hallucinated,0.6570472121238708,0.5918848028726744,0,0,2
pqa_labeled_1_ground_truth,0.7990120947360992,0.8151120377438408,0,0,2
pqa_labeled_1_hallucinated,0.7805454134941101,0.7829202509843386,0,0,1
pqa_labeled_201_ground_truth,0.7402128875255585,0.7256764937953635,0,0,2
pqa_labeled_201_hallucinated,0.7383341789245605,0.6625482109614781,0,0,1
pqa_labeled_209_ground_truth,0.7346699833869934,0.6942689883708955,0,0,2
pqa_labeled_209_hallucinated,0.5745273530483246,0.5830024804671605,1,0,3
pqa_labeled_214_ground_truth,0.7154014706611633,0.6882810294628143,0,0,1
pqa_labeled_214_hallucinated,0.6163280606269836,0.6489296424388886,0,0,1
pqa_labeled_219_ground_truth,0.6795243322849274,0.6953098897423062,0,0,2
pqa_labeled_219_hallucinated,0.7403752207756042,0.6153214780723346,0,0,2
pqa_labeled_221_ground_truth,0.6808837652206421,0.7032853023211161,0,0,1
pqa_labeled_221_hallucinated,0.6138714551925659,0.5518528757776533,0,0,1
pqa_labeled_226_ground_truth,0.6880818009376526,0.6778715463706426,0,0,2
pqa_labeled_226_hallucinated,0.6739705204963684,0.723249952582752,0,0,1
pqa_labeled_228_ground_truth,0.600789412856102,0.5966295120761944,0,0,2
pqa_labeled_228_hallucinated,0.7289931178092957,0.6570343129012896,0,0,1
pqa_labeled_231_ground_truth,0.6227659583091736,0.6198835392374741,0,0,3
pqa_labeled_231_hallucinated,0.6001502275466919,0.5501051592826843,0,0,1
pqa_labeled_232_ground_truth,0.6493762731552124,0.6899383912086486,0,0,2
pqa_labeled_232_hallucinated,0.7597823143005371,0.6893476200103759,0,0,1
pqa_labeled_238_ground_truth,0.8018962740898132,0.8331222636577409,0,0,2
pqa_labeled_238_hallucinated,0.6613912582397461,0.5615453093392508,0,0,1
pqa_labeled_243_ground_truth,0.5693802734216055,0.5884002788762701,0,0,3
pqa_labeled_243_hallucinated,0.6723190546035767,0.6731233382225037,0,0,2
pqa_labeled_247_ground_truth,0.5781693980097771,0.6061099476544629,0,0,4
pqa_labeled_247_hallucinated,0.5340157896280289,0.525469706585774,0,0,2
pqa_labeled_251_ground_truth,0.6799862086772919,0.6934903460741042,0,0,2
pqa_labeled_251_hallucinated,0.6666472554206848,0.7254030787944793,0,0,1
pqa_labeled_252_ground_truth,0.43955038239558536,0.48485193434357643,1,1,3
pqa_labeled_252_hallucinated,0.5942179560661316,0.5414247914685143,0,0,2
pqa_labeled_254_ground_truth,0.6401523947715759,0.6000421602110708,0,0,1
pqa_labeled_254_hallucinated,0.8614965081214905,0.8150475556850434,0,0,1
pqa_labeled_257_ground_truth,0.5090916007757187,0.4897487359276185,0,0,2
pqa_labeled_257_hallucinated,0.7967776656150818,0.7827443659305572,0,0,1
pqa_labeled_266_ground_truth,0.815960168838501,0.8253387848536173,0,0,1
pqa_labeled_266_hallucinated,0.8076969385147095,0.7533290334308849,0,0,1
pqa_labeled_267_ground_truth,0.7857761383056641,0.772484473284553,0,0,2
pqa_labeled_267_hallucinated,0.9376261234283447,0.9254007863998412,0,0,1
pqa_labeled_269_ground_truth,0.5982641577720642,0.6009538092499688,0,0,4
pqa_labeled_269_hallucinated,0.8324728608131409,0.7649810025691985,0,0,1
pqa_labeled_273_ground_truth,0.7576048672199249,0.7763234070539474,0,0,2
pqa_labeled_273_hallucinated,0.6627005338668823,0.6504528737068176,0,0,1
pqa_labeled_279_ground_truth,0.7239861885706583,0.7470760462851751,0,0,3
pqa_labeled_279_hallucinated,0.7850492000579834,0.7540081242511147,0,0,1
pqa_labeled_27_ground_truth,0.8631176352500916,0.851105421598141,0,0,1
pqa_labeled_27_hallucinated,0.9008302688598633,0.8975811882019042,0,0,1
pqa_labeled_280_ground_truth,0.8044774532318115,0.7431342172622679,0,0,1
pqa_labeled_280_hallucinated,0.7238098978996277,0.6586669285297394,0,0,1
pqa_labeled_281_ground_truth,0.47801224887371063,0.5062262212704209,1,0,2
pqa_labeled_281_hallucinated,0.7403697967529297,0.7005088577270507,0,0,1
pqa_labeled_291_ground_truth,0.7346162796020508,0.7391956814357212,0,0,3
pqa_labeled_291_hallucinated,0.6973770260810852,0.6866254567182981,0,0,1
pqa_labeled_294_ground_truth,0.8853424787521362,0.8578647351264952,0,0,1
pqa_labeled_294_hallucinated,0.8724685907363892,0.9107280135154723,0,0,1
pqa_labeled_29_ground_truth,0.8009098172187805,0.8269855562636726,0,0,2
pqa_labeled_29_hallucinated,0.7197674512863159,0.752274715900421,0,0,1
pqa_labeled_2_ground_truth,0.7792837619781494,0.8124986333847045,0,0,1
pqa_labeled_2_hallucinated,0.4399333894252777,0.4810302956746175,0,0,1
pqa_labeled_308_ground_truth,0.7719620168209076,0.7624046617746353,0,0,2
pqa_labeled_308_hallucinated,0.7806990146636963,0.7039893102645873,0,0,1
pqa_labeled_312_ground_truth,0.799477219581604,0.8046340537071227,0,0,1
pqa_labeled_312_hallucinated,0.8204820156097412,0.7882504544050797,0,0,1
pqa_labeled_313_ground_truth,0.7857062518596649,0.7290075341965022,0,0,2
pqa_labeled_313_hallucinated,0.6463496088981628,0.6009006085816552,0,0,2
pqa_labeled_346_ground_truth,0.6364358812570572,0.6489872597370829,0,0,2
pqa_labeled_346_hallucinated,0.7180954217910767,0.7555239381108966,0,0,1
pqa_labeled_348_ground_truth,0.7996817231178284,0.8076719430245851,0,0,1
pqa_labeled_348_hallucinated,0.6253714561462402,0.6277600193023681,0,0,1
pqa_labeled_376_ground_truth,0.5820422470569611,0.6214920729398727,0,0,2
pqa_labeled_376_hallucinated,0.5394482612609863,0.5731635566383465,0,0,3
pqa_labeled_384_ground_truth,0.6166173219680786,0.627882125377655,0,0,2
pqa_labeled_384_hallucinated,0.6885827382405599,0.674616722436408,0,0,3
pqa_labeled_38_ground_truth,0.7297655940055847,0.7277013004192939,0,0,2
pqa_labeled_38_hallucinated,0.5194835439324379,0.5488884807527066,1,1,2
pqa_labeled_404_ground_truth,0.9323269724845886,0.9429229983862708,0,0,1
pqa_labeled_404_hallucinated,0.8850609660148621,0.7856141047818319,0,0,1
pqa_labeled_406_ground_truth,0.7273589372634888,0.7116512560844421,0,0,2
pqa_labeled_406_hallucinated,0.8342819213867188,0.8014973449707031,0,0,1
pqa_labeled_40_ground_truth,0.6154096722602844,0.6125576039155325,0,0,2
pqa_labeled_40_hallucinated,0.747824102640152,0.7725420892394108,0,0,2
pqa_labeled_414_ground_truth,0.7439656257629395,0.737500075965092,0,0,1
pqa_labeled_414_hallucinated,0.7315902312596639,0.7760576063262091,0,0,3
pqa_labeled_41_ground_truth,0.9067836999893188,0.8826433268346284,0,0,1
pqa_labeled_41_hallucinated,0.9165903329849243,0.8266132330894469,0,0,1
pqa_labeled_424_ground_truth,0.6420739889144897,0.7164517922401428,0,0,1
pqa_labeled_424_hallucinated,0.6474882364273071,0.670741765499115,0,0,1
pqa_labeled_428_ground_truth,0.6649531722068787,0.6387172205448151,0,0,2
pqa_labeled_428_hallucinated,0.9381103515625,0.8050105794270833,0,0,1
pqa_labeled_450_ground_truth,0.644058346748352,0.5566741760571797,0,0,1
pqa_labeled_450_hallucinated,0.7125664949417114,0.6626427003053519,0,0,1
pqa_labeled_452_ground_truth,0.5863394737243652,0.6829376316070557,0,0,1
pqa_labeled_452_hallucinated,0.8514446020126343,0.8226778880755107,0,0,1
pqa_labeled_459_ground_truth,0.8139033317565918,0.8189631014603834,0,0,1
pqa_labeled_459_hallucinated,0.6722790002822876,0.6063847738818118,0,0,1
pqa_labeled_464_ground_truth,0.5737426280975342,0.6017865063349406,0,0,3
pqa_labeled_464_hallucinated,0.8398534059524536,0.7288973841667175,0,0,1
pqa_labeled_468_ground_truth,0.8713769614696503,0.8505888730287551,0,0,2
pqa_labeled_468_hallucinated,0.8946078419685364,0.8726540608065468,0,0,1
pqa_labeled_469_ground_truth,0.5163798332214355,0.5538188244314755,0,0,1
pqa_labeled_469_hallucinated,0.6870185732841492,0.5966272870131901,0,0,1
pqa_labeled_471_ground_truth,0.841755747795105,0.8397290234565735,0,0,2
pqa_labeled_471_hallucinated,0.9027323722839355,0.8825008958928725,0,0,1
pqa_labeled_474_ground_truth,0.797242283821106,0.7530695986747742,0,0,1
pqa_labeled_474_hallucinated,0.7356359561284384,0.6932824841489608,0,0,3
pqa_labeled_476_ground_truth,0.7862368822097778,0.7275086746897016,0,0,1
pqa_labeled_476_hallucinated,0.8809465169906616,0.8016625618934632,0,0,1
pqa_labeled_477_ground_truth,0.5934864580631256,0.5871071873108547,1,0,2
pqa_labeled_477_hallucinated,0.7752598524093628,0.7766818966865539,0,0,1
pqa_labeled_47_ground_truth,0.7168905436992645,0.7645019520180566,0,0,2
pqa_labeled_47_hallucinated,0.7951786518096924,0.7049583896001179,0,0,1
pqa_labeled_488_ground_truth,0.7076993783315023,0.692884070326557,0,0,3
pqa_labeled_488_hallucinated,0.8007504542668661,0.7426785739380161,0,0,3
pqa_labeled_491_ground_truth,0.5948545783758163,0.6093789740938407,0,0,2
pqa_labeled_491_hallucinated,0.7977041006088257,0.7942262037595113,0,0,1
pqa_labeled_4_ground_truth,0.6190574864546458,0.6426931816947227,1,0,6
pqa_labeled_4_hallucinated,0.7529584169387817,0.750917045703301,0,0,1
pqa_labeled_500_ground_truth,0.622532457113266,0.6323111815177477,0,0,2
pqa_labeled_500_hallucinated,0.7486804723739624,0.7690763306617736,0,0,1
pqa_labeled_511_ground_truth,0.6949527859687805,0.6852169501781463,0,0,1
pqa_labeled_511_hallucinated,0.6771620512008667,0.6590134358406067,0,0,1
pqa_labeled_526_ground_truth,0.6213087836901346,0.5899586587045517,0,0,3
pqa_labeled_526_hallucinated,0.7090461254119873,0.7186852289648616,0,0,1
pqa_labeled_527_ground_truth,0.760278970003128,0.7648202790021896,0,0,2
pqa_labeled_527_hallucinated,0.643847644329071,0.5428362081732068,0,0,1
pqa_labeled_535_ground_truth,0.6457240581512451,0.6640068407058716,0,0,1
pqa_labeled_535_hallucinated,0.7092756032943726,0.7076467684599069,0,0,1
pqa_labeled_543_ground_truth,0.7719537615776062,0.7526176331043244,0,0,2
pqa_labeled_543_hallucinated,0.7626944780349731,0.7243861346244812,0,0,1
pqa_labeled_544_ground_truth,0.5694892406463623,0.5769116992216844,1,1,2
pqa_labeled_544_hallucinated,0.8127918243408203,0.7658292770385742,0,0,1
pqa_labeled_548_ground_truth,0.6766397655010223,0.6345688884822946,0,0,2
pqa_labeled_548_hallucinated,0.8365365266799927,0.7815755686759948,0,0,1
pqa_labeled_556_ground_truth,0.5622075994809469,0.585767541858885,0,0,3
pqa_labeled_556_hallucinated,0.7347540259361267,0.6343278181552887,0,0,1
pqa_labeled_558_ground_truth,0.7337847650051117,0.7188279069321495,0,0,2
pqa_labeled_558_hallucinated,0.8028793334960938,0.7795155334472657,0,0,1
pqa_labeled_562_ground_truth,0.5620537102222443,0.586562597155571,0,0,2
pqa_labeled_562_hallucinated,0.7687351703643799,0.7631146192550659,0,0,1
pqa_labeled_571_ground_truth,0.5675211548805237,0.5735148084163666,0,0,1
pqa_labeled_571_hallucinated,0.8084171414375305,0.7043535374678097,0,0,1
pqa_labeled_580_ground_truth,0.7039212584495544,0.7927448809146881,0,0,1
pqa_labeled_580_hallucinated,0.7237634658813477,0.780581794537996,0,0,1
pqa_labeled_586_ground_truth,0.8640412092208862,0.7509158029763594,0,0,1
pqa_labeled_586_hallucinated,0.8185683488845825,0.7271978442192077,0,0,1
pqa_labeled_590_ground_truth,0.591796949505806,0.6061809415771411,0,0,2
pqa_labeled_590_hallucinated,0.7199997901916504,0.6977645590165081,0,0,2
pqa_labeled_591_ground_truth,0.8935729265213013,0.8555010485649108,0,0,1
pqa_labeled_591_hallucinated,0.898300051689148,0.8388100361824036,0,0,1
pqa_labeled_592_ground_truth,0.8570432662963867,0.813763619740804,0,0,2
pqa_labeled_592_hallucinated,0.8660875558853149,0.8012612891197204,0,0,1
pqa_labeled_5_ground_truth,0.45598772168159485,0.4736031698829987,0,0,1
pqa_labeled_5_hallucinated,0.5268155336380005,0.5155565878323146,0,0,1
pqa_labeled_608_ground_truth,0.6560570200284322,0.6528953762047766,0,0,3
pqa_labeled_608_hallucinated,0.8469249606132507,0.8290253570446601,0,0,2
pqa_labeled_610_ground_truth,0.7844003438949585,0.7515802407264709,0,0,1
pqa_labeled_610_hallucinated,0.577623575925827,0.5820288108403866,0,0,2
pqa_labeled_615_ground_truth,0.6323345303535461,0.6853425045808155,0,0,2
pqa_labeled_615_hallucinated,0.7108210325241089,0.6475747227668762,0,0,1
pqa_labeled_619_ground_truth,0.7189029455184937,0.7482320618629456,0,0,1
pqa_labeled_619_hallucinated,0.6906719207763672,0.6727011137742263,0,0,1
pqa_labeled_627_ground_truth,0.7319229245185852,0.7298460471630096,0,0,1
pqa_labeled_627_hallucinated,0.8103252053260803,0.7718705008711133,0,0,1
pqa_labeled_62_ground_truth,0.600965291261673,0.6118844950919622,0,0,2
pqa_labeled_62_hallucinated,0.6658259630203247,0.6469115074475607,0,0,1
pqa_labeled_632_ground_truth,0.7121315399805704,0.6928492208435421,0,0,3
pqa_labeled_632_hallucinated,0.6688270568847656,0.6171789398193359,0,0,1
pqa_labeled_646_ground_truth,0.8484680950641632,0.7983324284496761,0,0,2
pqa_labeled_646_hallucinated,0.6954656839370728,0.688075978755951,0,0,1
pqa_labeled_652_ground_truth,0.6719135046005249,0.6353394532203674,0,0,1
pqa_labeled_652_hallucinated,0.7469501495361328,0.7478651046752929,0,0,1
pqa_labeled_665_ground_truth,0.8625189661979675,0.8212632763385772,0,0,1
pqa_labeled_665_hallucinated,0.8651185035705566,0.7855829524993897,0,0,1
pqa_labeled_678_ground_truth,0.8179068565368652,0.7109963380373441,0,0,1
pqa_labeled_678_hallucinated,0.7750785152117411,0.7355769386701967,0,0,3
pqa_labeled_679_ground_truth,0.9016608893871307,0.7996241610325299,0,0,2
pqa_labeled_679_hallucinated,0.6966060996055603,0.729388975606245,0,0,1
pqa_labeled_680_ground_truth,0.8124568462371826,0.7940563308275662,0,0,2
pqa_labeled_680_hallucinated,0.6848236620426178,0.6635432300964991,0,0,2
pqa_labeled_689_ground_truth,0.6141935984293619,0.5974355189005534,0,0,3
pqa_labeled_689_hallucinated,0.6400901675224304,0.6519693672657013,0,0,2
pqa_labeled_690_ground_truth,0.713992178440094,0.7172945249080658,0,0,1
pqa_labeled_690_hallucinated,0.6367587447166443,0.635731121301651,0,0,1
pqa_labeled_713_ground_truth,0.6054750382900238,0.6482075268030166,0,0,2
pqa_labeled_713_hallucinated,0.6971670389175415,0.6571835939089457,0,0,1
pqa_labeled_715_ground_truth,0.5958383083343506,0.5936587221885604,1,1,3
pqa_labeled_715_hallucinated,0.8192672729492188,0.7730523084557575,0,0,1
pqa_labeled_719_ground_truth,0.4723535304268201,0.5329808046321074,2,2,6
pqa_labeled_719_hallucinated,0.659678598244985,0.6408226378191085,0,0,3
pqa_labeled_725_ground_truth,0.8107914328575134,0.7550540030002594,0,0,1
pqa_labeled_725_hallucinated,0.8276247978210449,0.7051065892439622,0,0,1
pqa_labeled_728_ground_truth,0.6530614693959554,0.6810596952438354,0,0,3
pqa_labeled_728_hallucinated,0.6708885431289673,0.6090148373331342,0,0,3
pqa_labeled_729_ground_truth,0.7358033061027527,0.7228004095100221,0,0,2
pqa_labeled_729_hallucinated,0.7770376205444336,0.7197596677144369,0,0,1
pqa_labeled_737_ground_truth,0.7127337455749512,0.7210564790453229,0,0,1
pqa_labeled_737_hallucinated,0.7678554058074951,0.7598517252417172,0,0,1
pqa_labeled_73_ground_truth,0.6152743697166443,0.604848308801651,0,0,4
pqa_labeled_73_hallucinated,0.6020121574401855,0.6024799387795585,0,0,2
pqa_labeled_742_ground_truth,0.6059335619211197,0.5896534933447838,1,0,2
pqa_labeled_742_hallucinated,0.8881391286849976,0.8198552848163403,0,0,1
pqa_labeled_74_ground_truth,0.6872249245643616,0.6794201922930924,0,0,3
pqa_labeled_74_hallucinated,0.6266471445560455,0.6630280011892318,0,0,2
pqa_labeled_755_ground_truth,0.7891338765621185,0.7598937135934829,0,0,2
pqa_labeled_755_hallucinated,0.8180373907089233,0.7766479126266811,0,0,2
pqa_labeled_757_ground_truth,0.5235469192266464,0.49085784345865247,0,0,2
pqa_labeled_757_hallucinated,0.866504967212677,0.8158034770488738,0,0,1
pqa_labeled_759_ground_truth,0.8697429895401001,0.8834354772934547,0,0,1
pqa_labeled_759_hallucinated,0.868706464767456,0.8827099099526039,0,0,1
pqa_labeled_777_ground_truth,0.6677266558011373,0.7129214795736166,0,0,3
pqa_labeled_777_hallucinated,0.8880382776260376,0.8494392943382263,0,0,1
pqa_labeled_77_ground_truth,0.3252153992652893,0.3986507794857025,1,0,1
pqa_labeled_77_hallucinated,0.6459136009216309,0.5721395206451415,0,0,1
pqa_labeled_788_ground_truth,0.7619156837463379,0.6954838357652936,0,0,1
pqa_labeled_788_hallucinated,0.760084867477417,0.6895594072341918,0,0,1
pqa_labeled_789_ground_truth,0.769124299287796,0.7543870095014572,0,0,2
pqa_labeled_789_hallucinated,0.8588420152664185,0.8449394106864929,0,0,1
pqa_labeled_790_ground_truth,0.88947993516922,0.9123234546184539,0,0,1
pqa_labeled_790_hallucinated,0.811069905757904,0.8416963024515856,0,0,1
pqa_labeled_794_ground_truth,0.8168430328369141,0.7566115515572683,0,0,1
pqa_labeled_794_hallucinated,0.6303731203079224,0.562094517548879,0,0,1
pqa_labeled_79_ground_truth,0.7138239145278931,0.6812556875379462,0,0,1
pqa_labeled_79_hallucinated,0.8569015860557556,0.7904561102390288,0,0,1
pqa_labeled_803_ground_truth,0.6674790978431702,0.670562574372572,0,0,2
pqa_labeled_803_hallucinated,0.7124770879745483,0.6887339615821838,0,0,1
pqa_labeled_804_ground_truth,0.5479080826044083,0.6166606578230858,0,0,4
pqa_labeled_804_hallucinated,0.6397975087165833,0.6697003613647662,0,0,1
pqa_labeled_805_ground_truth,0.5296811461448669,0.5882768023014069,0,0,1
pqa_labeled_805_hallucinated,0.7502235174179077,0.736823128859202,0,0,1
pqa_labeled_806_ground_truth,0.8924345672130585,0.8898708637158076,0,0,2
pqa_labeled_806_hallucinated,0.8795244097709656,0.8661670868396758,0,0,1
pqa_labeled_810_ground_truth,0.6754391193389893,0.6903073835372925,0,0,1
pqa_labeled_810_hallucinated,0.5025720000267029,0.5156465538648458,0,0,1
pqa_labeled_826_ground_truth,0.7530595064163208,0.7776416544914244,0,0,1
pqa_labeled_826_hallucinated,0.6522493362426758,0.723574535369873,0,0,1
pqa_labeled_830_ground_truth,0.7647866457700729,0.7044945596020762,0,0,4
pqa_labeled_830_hallucinated,0.6420488953590393,0.6625921214881696,0,0,1
pqa_labeled_844_ground_truth,0.6670337915420532,0.6530582694640527,0,0,3
pqa_labeled_844_hallucinated,0.7837616205215454,0.7331331343650818,0,0,1
pqa_labeled_845_ground_truth,0.8141035437583923,0.8160489512191099,0,0,1
pqa_labeled_845_hallucinated,0.9392406940460205,0.9134684858322142,0,0,1
pqa_labeled_848_ground_truth,0.4869476209084193,0.5233633346358935,1,1,3
pqa_labeled_848_hallucinated,0.8046445846557617,0.8013762092590331,0,0,1
pqa_labeled_849_ground_truth,0.7246927618980408,0.6202261097992168,0,0,1
pqa_labeled_849_hallucinated,0.7375084161758423,0.6462558913230896,0,0,1
pqa_labeled_85_ground_truth,0.7084895670413971,0.7202019561882372,0,0,3
pqa_labeled_85_hallucinated,0.7858505249023438,0.7784525102887835,0,0,3
pqa_labeled_870_ground_truth,0.7188812096913656,0.7549430372601463,0,0,3
pqa_labeled_870_hallucinated,0.9623650908470154,0.9542437988870283,0,0,1
pqa_labeled_873_ground_truth,0.7917349338531494,0.6967144536972045,0,0,1
pqa_labeled_873_hallucinated,0.687993049621582,0.6821214505245811,0,0,1
pqa_labeled_875_ground_truth,0.8334332704544067,0.7954032893180847,0,0,1
pqa_labeled_875_hallucinated,0.7624902725219727,0.7237431907653809,0,0,1
pqa_labeled_883_ground_truth,0.7474008798599243,0.7315139492352803,0,0,2
pqa_labeled_883_hallucinated,0.663783073425293,0.6474045616541153,0,0,2
pqa_labeled_885_ground_truth,0.775702178478241,0.7858761403193839,0,0,2
pqa_labeled_885_hallucinated,0.7486538489659628,0.7443208521709108,0,0,3
pqa_labeled_886_ground_truth,0.6373578310012817,0.6093857758185443,0,0,1
pqa_labeled_886_hallucinated,0.8414194583892822,0.7947079065867833,0,0,1
pqa_labeled_901_ground_truth,0.9081711173057556,0.9192197821140289,0,0,1
pqa_labeled_901_hallucinated,0.8074121475219727,0.7890346571115346,0,0,1
pqa_labeled_902_ground_truth,0.5073941946029663,0.47803307907921927,0,0,2
pqa_labeled_902_hallucinated,0.7195744514465332,0.6405771160125732,0,0,1
pqa_labeled_905_ground_truth,0.8980688452720642,0.8536481916904449,0,0,1
pqa_labeled_905_hallucinated,0.8560997247695923,0.8062698073387147,0,0,1
pqa_labeled_917_ground_truth,0.659989058971405,0.6256590079466501,0,1,3
pqa_labeled_917_hallucinated,0.8038312792778015,0.7347407190238728,0,0,1
pqa_labeled_920_ground_truth,0.768509030342102,0.7860991783823286,0,0,2
pqa_labeled_920_hallucinated,0.697903037071228,0.7178178402355738,0,0,1
pqa_labeled_924_ground_truth,0.7141368389129639,0.6925880949313823,0,0,2
pqa_labeled_924_hallucinated,0.6710536479949951,0.6642302006553201,0,0,2
pqa_labeled_926_ground_truth,0.6217470765113831,0.6518896202246347,0,0,2
pqa_labeled_926_hallucinated,0.9039222002029419,0.9052455401420594,0,0,1
pqa_labeled_927_ground_truth,0.8249344825744629,0.8362041378021239,0,0,1
pqa_labeled_927_hallucinated,0.6207470893859863,0.6726479625701904,0,0,1
pqa_labeled_936_ground_truth,0.8106693029403687,0.754968512058258,0,0,1
pqa_labeled_936_hallucinated,0.9129310846328735,0.8761946163858685,0,0,1
pqa_labeled_938_ground_truth,0.8214342296123505,0.7584414607286453,0,0,2
pqa_labeled_938_hallucinated,0.722394069035848,0.6648425149917602,0,0,3
pqa_labeled_943_ground_truth,0.7561032772064209,0.7880222940444945,0,0,1
pqa_labeled_943_hallucinated,0.84250408411026,0.8493682434925667,0,0,1
pqa_labeled_947_ground_truth,0.42586008459329605,0.46483282844607643,1,1,2
pqa_labeled_947_hallucinated,0.5795173645019531,0.5556621551513672,0,0,1
pqa_labeled_951_ground_truth,0.8483631610870361,0.8251042127609252,0,0,1
pqa_labeled_951_hallucinated,0.681543231010437,0.6994332028837764,0,0,1
pqa_labeled_962_ground_truth,0.7063717991113663,0.7390243619420589,0,0,4
pqa_labeled_962_hallucinated,0.7449884414672852,0.6775633375985282,0,0,2
pqa_labeled_967_ground_truth,0.8145650625228882,0.8194263129967909,0,0,1
pqa_labeled_967_hallucinated,0.8534795045852661,0.8138642246382577,0,0,1
pqa_labeled_968_ground_truth,0.5968325138092041,0.5852827596664428,0,0,2
pqa_labeled_968_hallucinated,0.7329949140548706,0.7015339398384094,0,0,1
pqa_labeled_969_ground_truth,0.7470887700716654,0.7401563500679061,0,0,3
pqa_labeled_969_hallucinated,0.6741566956043243,0.6166813215384116,0,0,2
pqa_labeled_974_ground_truth,0.8001010715961456,0.8232403929744447,0,0,2
pqa_labeled_974_hallucinated,0.8127452731132507,0.7982074054649897,0,0,1
pqa_labeled_976_ground_truth,0.5082231163978577,0.5775418957642146,1,0,2
pqa_labeled_976_hallucinated,0.6715028285980225,0.6772394800186157,0,0,1
pqa_labeled_977_ground_truth,0.7931936979293823,0.7782355885505675,0,0,1
pqa_labeled_977_hallucinated,0.6372995972633362,0.5726031391369668,0,0,2
pqa_labeled_979_ground_truth,0.7387515604496002,0.7156260923147202,0,0,2
pqa_labeled_979_hallucinated,0.9075762033462524,0.9023033423423766,0,0,1
pqa_labeled_993_ground_truth,0.6561349928379059,0.6547944949865341,0,0,2
pqa_labeled_993_hallucinated,0.7619155645370483,0.7064178182528569,0,0,1
pqa_labeled_998_ground_truth,0.6713358461856842,0.6716472772039285,0,0,2
pqa_labeled_998_hallucinated,0.7743000984191895,0.7086767355600992,0,0,1
pqa_labeled_99_ground_truth,0.8181925714015961,0.7814252761715934,0,0,2
pqa_labeled_99_hallucinated,0.8823380470275879,0.7366366329193115,0,0,1
