natural_case_id,source_sample_id,pubmed_id,pubmedqa_ground_truth,generation_mode,expected_medhalt_label,predicted_medhalt_label,correct,score_supported,score_hallucinated,confidence_margin,research_question,evidence,candidate_answer
1,6,22532370,yes,counterfactual_hallucinated,hallucinated,hallucinated,True,-7.125,-0.0004571080207824707,7.1245428919792175,Are increased carotid artery pulsatility and resistance indexes early signs of vascular abnormalities in young obese males?,"To provide insight into the factors by which obesity in itself may directly lead to early arterial damage, we aimed to determine early sonographic markers of obesity-related vascular dysfunction in young obese males. Thirty-five young obese males and 23 age-matched healthy male volunteers were recruited into the study. Common carotid artery pulsatility index and resistance index were calculated from blood flow velocities curves obtained by pulsed Doppler ultrasonography. The mean pulsatility index, resistance index, body mass index, waist circumference, systolic and diastolic blood pressure, homeostasis model assessment for insulin resistance, plasma fasting glucose, insulin, C-peptide, triglycerides, low-density lipoprotein cholesterol, and high-sensitivity C-reactive protein were statistically higher in obese subjects than in healthy controls.","No.
Obese males did not show any significant differences in common carotid artery pulsatility index and resistance index compared to healthy controls."
2,6,22532370,yes,supported,supported,supported,True,-0.007049560546875,-2.5625006556510925,2.5554510951042175,Are increased carotid artery pulsatility and resistance indexes early signs of vascular abnormalities in young obese males?,"To provide insight into the factors by which obesity in itself may directly lead to early arterial damage, we aimed to determine early sonographic markers of obesity-related vascular dysfunction in young obese males. Thirty-five young obese males and 23 age-matched healthy male volunteers were recruited into the study. Common carotid artery pulsatility index and resistance index were calculated from blood flow velocities curves obtained by pulsed Doppler ultrasonography. The mean pulsatility index, resistance index, body mass index, waist circumference, systolic and diastolic blood pressure, homeostasis model assessment for insulin resistance, plasma fasting glucose, insulin, C-peptide, triglycerides, low-density lipoprotein cholesterol, and high-sensitivity C-reactive protein were statistically higher in obese subjects than in healthy controls.","Yes.
Obese males had significantly higher common carotid artery pulsatility index and resistance index compared to healthy controls."
3,7,21739621,yes,counterfactual_hallucinated,hallucinated,hallucinated,True,-0.63671875,-0.3808630108833313,0.2558557391166687,"Does obesity predict knee pain over fourteen years in women, independently of radiographic changes?","To examine longitudinal patterns in body mass index (BMI) over 14 years and its association with knee pain in the Chingford Study. We studied a total of 594 women with BMI data from clinic visits at years (Y) 1, 5, 10, and 15. Knee pain at Y15 was assessed by questionnaire. Associations between BMI over 14 years and knee pain at Y15 were examined using logistic regression. BMI significantly increased from Y1 to Y15 (P<0.0005) with medians (interquartile ranges) of 24.5 kg/m(2)  (22.5-27.2 kg/m(2) ) and 26.5 kg/m(2)  (23.9-30.1 kg/m(2) ), respectively. At Y15, 45.1% of subjects had knee pain. A greater BMI at Y1 (odds ratio [OR] 1.34, 95% confidence interval [95% CI]1.05-1.69), at Y15 (OR 1.34, 95% CI 1.10-1.61), and change in BMI over 15 years (OR 1.40, 95% CI 1.00-1.93) were significant predictors of knee pain at Y15 (P<0.05). BMI change was associated with bilateral (OR 1.61, 95% CI 1.05-1.76, P = 0.024) but not unilateral knee pain (OR 1.22, 95% CI 0.73-1.76, P = 0.298). The association between BMI change and knee pain was independent of radiographic knee osteoarthritis (OA). The strength of association between BMI and knee pain at Y15 was similar during followup measurements.","No.
Obesity as measured by increasing BMI over 14 years does not significantly predict knee pain at year 15, independent of radiographic changes in knee osteoarthritis."
4,7,21739621,yes,supported,supported,supported,True,-0.00139617919921875,-3.625001549720764,3.6236053705215454,"Does obesity predict knee pain over fourteen years in women, independently of radiographic changes?","To examine longitudinal patterns in body mass index (BMI) over 14 years and its association with knee pain in the Chingford Study. We studied a total of 594 women with BMI data from clinic visits at years (Y) 1, 5, 10, and 15. Knee pain at Y15 was assessed by questionnaire. Associations between BMI over 14 years and knee pain at Y15 were examined using logistic regression. BMI significantly increased from Y1 to Y15 (P<0.0005) with medians (interquartile ranges) of 24.5 kg/m(2)  (22.5-27.2 kg/m(2) ) and 26.5 kg/m(2)  (23.9-30.1 kg/m(2) ), respectively. At Y15, 45.1% of subjects had knee pain. A greater BMI at Y1 (odds ratio [OR] 1.34, 95% confidence interval [95% CI]1.05-1.69), at Y15 (OR 1.34, 95% CI 1.10-1.61), and change in BMI over 15 years (OR 1.40, 95% CI 1.00-1.93) were significant predictors of knee pain at Y15 (P<0.05). BMI change was associated with bilateral (OR 1.61, 95% CI 1.05-1.76, P = 0.024) but not unilateral knee pain (OR 1.22, 95% CI 0.73-1.76, P = 0.298). The association between BMI change and knee pain was independent of radiographic knee osteoarthritis (OA). The strength of association between BMI and knee pain at Y15 was similar during followup measurements.","Yes.
Obesity as measured by increasing BMI over 14 years significantly predicts knee pain at year 15, independent of radiographic changes in knee osteoarthritis."
5,10,21669959,yes,counterfactual_hallucinated,hallucinated,hallucinated,True,-4.15625,-0.008181512355804443,4.148068487644196,Secondhand smoke risk in infants discharged from an NICU: potential for significant health disparities?,"Secondhand smoke exposure (SHSe) threatens fragile infants discharged from a neonatal intensive care unit (NICU). Smoking practices were examined in families with a high respiratory risk infant (born at very low birth weight; ventilated>12 hr) in a Houston, Texas, NICU. Socioeconomic status, race, and mental health status were hypothesized to be related to SHSe and household smoking bans. Data were collected as part of The Baby's Breath Project, a hospital-based SHSe intervention trial targeting parents with a high-risk infant in the NICU who reported a smoker in the household (N = 99). Measures of sociodemographics, smoking, home and car smoking bans, and depression were collected. Overall, 26% of all families with a high-risk infant in the NICU reported a household smoker. Almost half of the families with a smoker reported an annual income of less than $25,000. 46.2% of families reported having a total smoking ban in place in both their homes and cars. Only 27.8% families earning less than $25,000 reported having a total smoking ban in place relative to almost 60% of families earning more (p<.01). African American and Caucasian families were less likely to have a smoking ban compared with Hispanics (p<.05). Mothers who reported no smoking ban were more depressed than those who had a household smoking ban (p<.02).","No.
Infants discharged from this NICU faced a secondhand smoke exposure rate of only 15%, with 78.5% of families reporting a total smoking ban in place, and no significant health disparities were observed."
6,10,21669959,yes,supported,supported,supported,True,-0.004364013671875,-3.0000035166740417,2.9956395030021667,Secondhand smoke risk in infants discharged from an NICU: potential for significant health disparities?,"Secondhand smoke exposure (SHSe) threatens fragile infants discharged from a neonatal intensive care unit (NICU). Smoking practices were examined in families with a high respiratory risk infant (born at very low birth weight; ventilated>12 hr) in a Houston, Texas, NICU. Socioeconomic status, race, and mental health status were hypothesized to be related to SHSe and household smoking bans. Data were collected as part of The Baby's Breath Project, a hospital-based SHSe intervention trial targeting parents with a high-risk infant in the NICU who reported a smoker in the household (N = 99). Measures of sociodemographics, smoking, home and car smoking bans, and depression were collected. Overall, 26% of all families with a high-risk infant in the NICU reported a household smoker. Almost half of the families with a smoker reported an annual income of less than $25,000. 46.2% of families reported having a total smoking ban in place in both their homes and cars. Only 27.8% families earning less than $25,000 reported having a total smoking ban in place relative to almost 60% of families earning more (p<.01). African American and Caucasian families were less likely to have a smoking ban compared with Hispanics (p<.05). Mothers who reported no smoking ban were more depressed than those who had a household smoking ban (p<.02).","Yes.
Infants discharged from this NICU faced a secondhand smoke exposure rate of 26%, with 46.2% of families reporting a total smoking ban in place, yet disparities exist based on socioeconomic status and race/ethnicity."
7,11,22972546,no,counterfactual_hallucinated,hallucinated,hallucinated,True,-6.5,-0.0008499622344970703,6.499150037765503,Do approved doctors and medical referees in the UK agree when assessing a seafarer's fitness?,"The seafaring industry remains a hazardous occupation that requires sophisticated systems of risk and fitness assessment. This study aims to investigate the extent of agreement between Approved Doctors (ADs) and Medical Referees (MRs) when they assess a seafarer's fitness. Between 2003 and 2009 a total of 232,878 seafarer medical examinations were carried out by ADs, of which 465 were considered by the MRs because the seafarer appealed against the AD's decision. The extent of agreement between ADs and MRs was studied. Two hundred and sixty-eight (58%) cases seen by the ADs were classed as category 4 ""permanently unfit""; the referees only placed 85 (18%) of them in this category. On the other hand, 252 (54%) cases seen by the MRs were classed as category 2 ""fit with restrictions"", while the ADs had only placed 111 (24%) in this category. The overall agreement between the assessors (AD vs. MR) was poor (Kappa K = 0.18). For cardiovascular diseases and for mental ill-health, access to additional information by the MR was the commonest reason for changing the fitness category, but for all other conditions factors such as the experience and knowledge of the MRs or their different interpretation of the standards were the most frequent reasons for a change to fitness category or to restrictions.","Yes.
In this study, ADs and MRs showed remarkable consensus, achieving a high Kappa coefficient of K = 0.95."
8,11,22972546,no,supported,supported,supported,True,-0.00067138671875,-4.875001549720764,4.874330163002014,Do approved doctors and medical referees in the UK agree when assessing a seafarer's fitness?,"The seafaring industry remains a hazardous occupation that requires sophisticated systems of risk and fitness assessment. This study aims to investigate the extent of agreement between Approved Doctors (ADs) and Medical Referees (MRs) when they assess a seafarer's fitness. Between 2003 and 2009 a total of 232,878 seafarer medical examinations were carried out by ADs, of which 465 were considered by the MRs because the seafarer appealed against the AD's decision. The extent of agreement between ADs and MRs was studied. Two hundred and sixty-eight (58%) cases seen by the ADs were classed as category 4 ""permanently unfit""; the referees only placed 85 (18%) of them in this category. On the other hand, 252 (54%) cases seen by the MRs were classed as category 2 ""fit with restrictions"", while the ADs had only placed 111 (24%) in this category. The overall agreement between the assessors (AD vs. MR) was poor (Kappa K = 0.18). For cardiovascular diseases and for mental ill-health, access to additional information by the MR was the commonest reason for changing the fitness category, but for all other conditions factors such as the experience and knowledge of the MRs or their different interpretation of the standards were the most frequent reasons for a change to fitness category or to restrictions.","No.
Overall agreement between ADs and MRs was poor, with a Kappa coefficient of K = 0.18."
9,13,26548832,yes,counterfactual_hallucinated,hallucinated,hallucinated,True,-7.875,-0.00026726722717285156,7.874732732772827,Assessing Patient Reported Outcomes Measures via Phone Interviews Versus Patient Self-Survey in the Clinic: Are We Measuring the Same Thing?,"Longitudinally following patients requires a full-time employee (FTE)-dependent data inflow infrastructure. There are efforts to capture patient-reported outcomes (PROs) by the use of non-FTE-dependent methodologies. In this study, we set out to assess the reliability of PRO data captured via FTE-dependent compared with non-FTE-dependent methodologies. A total of 119 adult patients (65 men) who underwent 1-and 2-level lumbar fusions at Duke University Medical Center were enrolled in this prospective study. Enrollment criteria included available demographic, clinical, and PRO data. All patients completed 2 sets of questionnaires--the first a phone interviews and the second a self-survey. There was at least a 2-week period between the phone interviews and self-survey. Questionnaires included the Oswestry Disability Index (ODI), the visual analog scale for back pain (VAS-BP), and the visual analog scale for leg pain (VAS-LP). Repeated-measures analysis of variance was used to compare the reliability of baseline PRO data captured. A total of 39.49% of patients were smokers, 21.00% had diabetes, and 11.76% had coronary artery disease; 26.89% reported history of anxiety disorder, and 28.57% reported history of depression. A total of 97.47% of patients had a high-school diploma or General Education Development, and 49.57% attained a 4-year college degree or postgraduate degree. We observed a high correlation between baseline PRO data captured between FTE-dependent versus non-FTE dependent methodologies (ODI: r = -0.89, VAS-BP: r = 0.74, VAS-LP: r = 0.70). There was no difference in PROs of baseline pain and functional disability between FTE-dependent and non-FTE-dependent methodologies: baseline ODI (FTE-dependent: 47.73 ± 16.77 [mean ± SD] vs. non-FTE-dependent: 45.81 ± 12.11, P = 0.39), VAS-LP (FTE-dependent: 6.13 ± 2.78 vs. non-FTE-dependent: 6.46 ± 2.79, P = 0.36) and VAS-BP (FTE-dependent: 6.33 ± 2.90 vs. non-FTE-dependent: 6.53 ± 2.48, P = 0.57).","No.
Patient-reported outcomes (PRO) measures obtained through phone interviews and self-survey differed significantly. Baseline pain and functional disability scores varied widely between the two methods, indicating they do not measure the same thing."
10,13,26548832,yes,supported,supported,supported,True,-0.00019359588623046875,-5.656251132488251,5.65605753660202,Assessing Patient Reported Outcomes Measures via Phone Interviews Versus Patient Self-Survey in the Clinic: Are We Measuring the Same Thing?,"Longitudinally following patients requires a full-time employee (FTE)-dependent data inflow infrastructure. There are efforts to capture patient-reported outcomes (PROs) by the use of non-FTE-dependent methodologies. In this study, we set out to assess the reliability of PRO data captured via FTE-dependent compared with non-FTE-dependent methodologies. A total of 119 adult patients (65 men) who underwent 1-and 2-level lumbar fusions at Duke University Medical Center were enrolled in this prospective study. Enrollment criteria included available demographic, clinical, and PRO data. All patients completed 2 sets of questionnaires--the first a phone interviews and the second a self-survey. There was at least a 2-week period between the phone interviews and self-survey. Questionnaires included the Oswestry Disability Index (ODI), the visual analog scale for back pain (VAS-BP), and the visual analog scale for leg pain (VAS-LP). Repeated-measures analysis of variance was used to compare the reliability of baseline PRO data captured. A total of 39.49% of patients were smokers, 21.00% had diabetes, and 11.76% had coronary artery disease; 26.89% reported history of anxiety disorder, and 28.57% reported history of depression. A total of 97.47% of patients had a high-school diploma or General Education Development, and 49.57% attained a 4-year college degree or postgraduate degree. We observed a high correlation between baseline PRO data captured between FTE-dependent versus non-FTE dependent methodologies (ODI: r = -0.89, VAS-BP: r = 0.74, VAS-LP: r = 0.70). There was no difference in PROs of baseline pain and functional disability between FTE-dependent and non-FTE-dependent methodologies: baseline ODI (FTE-dependent: 47.73 ± 16.77 [mean ± SD] vs. non-FTE-dependent: 45.81 ± 12.11, P = 0.39), VAS-LP (FTE-dependent: 6.13 ± 2.78 vs. non-FTE-dependent: 6.46 ± 2.79, P = 0.36) and VAS-BP (FTE-dependent: 6.33 ± 2.90 vs. non-FTE-dependent: 6.53 ± 2.48, P = 0.57).","Yes.
Baseline PRO data captured via FTE-dependent and non-FTE-dependent methodologies showed high correlation (ODI: r = -0.89, VAS-BP: r = 0.74, VAS-LP: r = 0.70). There was no significant difference in PROs of baseline pain and functional disability between the two methodologies."
11,14,11053064,no,counterfactual_hallucinated,hallucinated,hallucinated,True,-7.375,-0.0003573298454284668,7.3746426701545715,Fatigue in primary Sjögren's syndrome: is there a link with the fibromyalgia syndrome?,"To determine whether fibromyalgia (FM) is more common in patients with primary Sjögren's syndrome (pSS) who complain of fatigue. The association and prevalence of fatigue and FM was recorded in a group of patients with pSS and a control group of lupus patients, a subset of whom had secondary Sjögren's syndrome (sSS). 74 patients with pSS and 216 patients with lupus were assessed with a questionnaire to identify the presence of fatigue and generalised pain. From the lupus group, in a subset of 117 lupus patients (from the Bloomsbury unit) those with sSS were identified. All patients were studied for the presence of FM. 50 of 74 patients with pSS (68%) reported fatigue-a prevalence significantly higher than in the lupus group (108/216 (50%); p<0.0087). Fatigue was present in 7/13 (54%) patients with SLE/sSS. FM was present in 9/74 patients with pSS (12%), compared with 11/216 lupus patients (5%), and in none of the patients with SLE/sSS. None of these values corresponds with previously reported figures of the incidence of FM in pSS.","Yes.
In patients with primary Sjögren's syndrome, fatigue is significantly less prevalent (40%) compared to the lupus group (60%). Additionally, the prevalence of fibromyalgia is significantly higher in patients with primary Sjögren's syndrome (70%) than in the lupus group (30%)."
12,14,11053064,no,supported,supported,supported,True,-0.02734375,-1.8281279802322388,1.8007842302322388,Fatigue in primary Sjögren's syndrome: is there a link with the fibromyalgia syndrome?,"To determine whether fibromyalgia (FM) is more common in patients with primary Sjögren's syndrome (pSS) who complain of fatigue. The association and prevalence of fatigue and FM was recorded in a group of patients with pSS and a control group of lupus patients, a subset of whom had secondary Sjögren's syndrome (sSS). 74 patients with pSS and 216 patients with lupus were assessed with a questionnaire to identify the presence of fatigue and generalised pain. From the lupus group, in a subset of 117 lupus patients (from the Bloomsbury unit) those with sSS were identified. All patients were studied for the presence of FM. 50 of 74 patients with pSS (68%) reported fatigue-a prevalence significantly higher than in the lupus group (108/216 (50%); p<0.0087). Fatigue was present in 7/13 (54%) patients with SLE/sSS. FM was present in 9/74 patients with pSS (12%), compared with 11/216 lupus patients (5%), and in none of the patients with SLE/sSS. None of these values corresponds with previously reported figures of the incidence of FM in pSS.","No.
In patients with primary Sjögren's syndrome, fatigue is significantly more prevalent (68%) compared to the lupus group (50%), but the prevalence of fibromyalgia is not significantly different between the groups."
13,16,9550200,yes,counterfactual_hallucinated,hallucinated,hallucinated,True,-5.875,-0.001501619815826416,5.873498380184174,Does lunar position influence the time of delivery?,"To study the relationship between lunar position and the day of delivery; to investigate the synodic distribution of spontaneous deliveries, especially in relation to the presence of a full moon. Retrospective analysis of 1248 spontaneous full-term deliveries in three-year period (36 lunar months), setted at Department of Obstetrics and Gynaecology, Civil Hospital, Fano (Marche, Italy), using circular statistics techniques. A connection between the distribution of spontaneous full-term deliveries and the lunar month was found. The effect of the phases of the moon seems to be particularly relevant in multiparae and plurigravidae; in these cases, the mean day of delivery corresponds to the first or second day after the full moon.","No.
The data indicates that the mean day of delivery for multiparae and plurigravidae occurs significantly later than the first or second day after the full moon."
14,16,9550200,yes,supported,supported,supported,True,-0.00040435791015625,-5.062502503395081,5.062098145484924,Does lunar position influence the time of delivery?,"To study the relationship between lunar position and the day of delivery; to investigate the synodic distribution of spontaneous deliveries, especially in relation to the presence of a full moon. Retrospective analysis of 1248 spontaneous full-term deliveries in three-year period (36 lunar months), setted at Department of Obstetrics and Gynaecology, Civil Hospital, Fano (Marche, Italy), using circular statistics techniques. A connection between the distribution of spontaneous full-term deliveries and the lunar month was found. The effect of the phases of the moon seems to be particularly relevant in multiparae and plurigravidae; in these cases, the mean day of delivery corresponds to the first or second day after the full moon.","Yes.
The data shows that the mean day of delivery for multiparae and plurigravidae corresponds to the first or second day after the full moon."
15,18,22303473,no,counterfactual_hallucinated,hallucinated,hallucinated,True,-6.625,-0.0007192492485046387,6.624280750751495,Does a family meetings intervention prevent depression and anxiety in family caregivers of dementia patients?,"Family caregivers of dementia patients are at increased risk of developing depression or anxiety. A multi-component program designed to mobilize support of family networks demonstrated effectiveness in decreasing depressive symptoms in caregivers. However, the impact of an intervention consisting solely of family meetings on depression and anxiety has not yet been evaluated. This study examines the preventive effects of family meetings for primary caregivers of community-dwelling dementia patients. A randomized multicenter trial was conducted among 192 primary caregivers of community dwelling dementia patients. Caregivers did not meet the diagnostic criteria for depressive or anxiety disorder at baseline. Participants were randomized to the family meetings intervention (n = 96) or usual care (n = 96) condition. The intervention consisted of two individual sessions and four family meetings which occurred once every 2 to 3 months for a year. Outcome measures after 12 months were the incidence of a clinical depressive or anxiety disorder and change in depressive and anxiety symptoms (primary outcomes), caregiver burden and quality of life (secondary outcomes). Intention-to-treat as well as per protocol analyses were performed. A substantial number of caregivers (72/192) developed a depressive or anxiety disorder within 12 months. The intervention was not superior to usual care either in reducing the risk of disorder onset (adjusted IRR 0.98; 95% CI 0.69 to 1.38) or in reducing depressive (randomization-by-time interaction coefficient = -1.40; 95% CI -3.91 to 1.10) or anxiety symptoms (randomization-by-time interaction coefficient = -0.55; 95% CI -1.59 to 0.49). The intervention did not reduce caregiver burden or their health related quality of life.","Yes.
Family meetings intervention actually led to significant improvements in depression and anxiety among family caregivers of dementia patients."
16,18,22303473,no,supported,supported,hallucinated,False,-1.0546875,-0.2158215045928955,0.8388659954071045,Does a family meetings intervention prevent depression and anxiety in family caregivers of dementia patients?,"Family caregivers of dementia patients are at increased risk of developing depression or anxiety. A multi-component program designed to mobilize support of family networks demonstrated effectiveness in decreasing depressive symptoms in caregivers. However, the impact of an intervention consisting solely of family meetings on depression and anxiety has not yet been evaluated. This study examines the preventive effects of family meetings for primary caregivers of community-dwelling dementia patients. A randomized multicenter trial was conducted among 192 primary caregivers of community dwelling dementia patients. Caregivers did not meet the diagnostic criteria for depressive or anxiety disorder at baseline. Participants were randomized to the family meetings intervention (n = 96) or usual care (n = 96) condition. The intervention consisted of two individual sessions and four family meetings which occurred once every 2 to 3 months for a year. Outcome measures after 12 months were the incidence of a clinical depressive or anxiety disorder and change in depressive and anxiety symptoms (primary outcomes), caregiver burden and quality of life (secondary outcomes). Intention-to-treat as well as per protocol analyses were performed. A substantial number of caregivers (72/192) developed a depressive or anxiety disorder within 12 months. The intervention was not superior to usual care either in reducing the risk of disorder onset (adjusted IRR 0.98; 95% CI 0.69 to 1.38) or in reducing depressive (randomization-by-time interaction coefficient = -1.40; 95% CI -3.91 to 1.10) or anxiety symptoms (randomization-by-time interaction coefficient = -0.55; 95% CI -1.59 to 0.49). The intervention did not reduce caregiver burden or their health related quality of life.","No.
A family meetings intervention did not prevent depression and anxiety in family caregivers of dementia patients."
17,20,15280782,no,counterfactual_hallucinated,hallucinated,hallucinated,True,-6.625,-0.0007467269897460938,6.624253273010254,Is unsafe sexual behaviour increasing among HIV-infected individuals?,"The number of new diagnoses of HIV infection is rising in the northwestern hemisphere and it is becoming increasingly important to understand the mechanisms behind this trend. To evaluate whether reported unsafe sexual behaviour among HIV- infected individuals is changing over time. Participants in the Swiss HIV Cohort Study were asked about their sexual practices every 6 months for 3 years during regular follow-up of the cohort beginning on 1 April 2000. : Logistic regression models were fit using generalized estimating equations assuming a constant correlation between responses from the same individual. At least one sexual behaviour questionnaire was obtained for 6545 HIV-infected individuals and the median number of questionnaires completed per individual was five. There was no evidence of an increase in reported unsafe sex over time in this population [odds ratio (OR), 1.0; 95% confidence interval (CI), 0.96-1.05]. Females (OR, 1.38; 95% CI, 1.19-1.60), 15-30 year olds (OR, 1.26; 95% CI, 1.09-1.47), those with HIV-positive partners (OR, 12.58; 95% CI, 10.84-14.07) and those with occasional partners (OR, 3.25; 95% CI, 2.87-3.67) were more likely to report unsafe sex. There was no evidence of a response bias over time, but individuals were less willing to leave questions about their sexual behaviour unanswered or ambiguous (OR, 0.93; 95% CI, 0.90-0.97).","Yes.
In fact, there has been a significant decrease in reported unsafe sexual behavior over time in this population."
18,20,15280782,no,supported,supported,supported,True,-0.00012302398681640625,-6.593752324581146,6.59362930059433,Is unsafe sexual behaviour increasing among HIV-infected individuals?,"The number of new diagnoses of HIV infection is rising in the northwestern hemisphere and it is becoming increasingly important to understand the mechanisms behind this trend. To evaluate whether reported unsafe sexual behaviour among HIV- infected individuals is changing over time. Participants in the Swiss HIV Cohort Study were asked about their sexual practices every 6 months for 3 years during regular follow-up of the cohort beginning on 1 April 2000. : Logistic regression models were fit using generalized estimating equations assuming a constant correlation between responses from the same individual. At least one sexual behaviour questionnaire was obtained for 6545 HIV-infected individuals and the median number of questionnaires completed per individual was five. There was no evidence of an increase in reported unsafe sex over time in this population [odds ratio (OR), 1.0; 95% confidence interval (CI), 0.96-1.05]. Females (OR, 1.38; 95% CI, 1.19-1.60), 15-30 year olds (OR, 1.26; 95% CI, 1.09-1.47), those with HIV-positive partners (OR, 12.58; 95% CI, 10.84-14.07) and those with occasional partners (OR, 3.25; 95% CI, 2.87-3.67) were more likely to report unsafe sex. There was no evidence of a response bias over time, but individuals were less willing to leave questions about their sexual behaviour unanswered or ambiguous (OR, 0.93; 95% CI, 0.90-0.97).","No.
There is no evidence of an increase in reported unsafe sexual behavior over time in this population."
19,22,14713788,yes,counterfactual_hallucinated,hallucinated,supported,False,-0.07470703125,-1.3515651226043701,1.2768580913543701,Is year of radical prostatectomy a predictor of outcome in prostate cancer?,"We examined whether the year in which radical prostatectomy (RP) was performed is a predictor of treatment outcome after controlling for standard prognostic factors. We examined the association between RP year and outcome in 6,556 patients from 7 centers using preoperative and pathological features. Patients underwent surgery between 1985 and 2000. The variables analyzed were RP year, clinical stage, pretreatment prostate specific antigen, biopsy Gleason sum, RP Gleason sum, margin status, level of extracapsular extension, seminal vesicle status, lymph node status, neoadjuvant hormones and adjuvant therapy. Median followup was 23 months (maximum 166). Separate Cox multivariate regression analyses were performed to analyze preoperative and postoperative factors. RP year was a predictor of outcome on preoperative analysis (p = 0.006) but not on postoperative analysis (p = 0.130). Patient outcome steadily improved with surgery through the mid 1990s and then it appeared to level off.","No.
Year of radical prostatectomy is no longer a predictor of treatment outcome according to recent studies. Postoperative results show no significant correlation."
20,22,14713788,yes,supported,supported,hallucinated,False,-4.875,-0.003998517990112305,4.871001482009888,Is year of radical prostatectomy a predictor of outcome in prostate cancer?,"We examined whether the year in which radical prostatectomy (RP) was performed is a predictor of treatment outcome after controlling for standard prognostic factors. We examined the association between RP year and outcome in 6,556 patients from 7 centers using preoperative and pathological features. Patients underwent surgery between 1985 and 2000. The variables analyzed were RP year, clinical stage, pretreatment prostate specific antigen, biopsy Gleason sum, RP Gleason sum, margin status, level of extracapsular extension, seminal vesicle status, lymph node status, neoadjuvant hormones and adjuvant therapy. Median followup was 23 months (maximum 166). Separate Cox multivariate regression analyses were performed to analyze preoperative and postoperative factors. RP year was a predictor of outcome on preoperative analysis (p = 0.006) but not on postoperative analysis (p = 0.130). Patient outcome steadily improved with surgery through the mid 1990s and then it appeared to level off.","Yes.
Year of radical prostatectomy is a predictor of treatment outcome based on the study's findings. However, this predictive value diminishes when analyzed postoperatively."
21,23,16678696,no,counterfactual_hallucinated,hallucinated,hallucinated,True,-5.75,-0.0017040371894836426,5.748295962810516,Continuity of care experience of residents in an academic vascular department: are trainees learning complete surgical care?,"It is widely accepted that exemplary surgical care involves a surgeon's involvement in the preoperative, perioperative, and postoperative periods. In an era of ever-expanding therapeutic modalities available to the vascular surgeon, it is important that trainees gain experience in preoperative decision-making and how this affects a patient's operative and postoperative course. The purpose of this study was to define the current experience of residents on a vascular surgery service regarding the continuity of care they are able to provide for patients and the factors affecting this experience. This prospective cohort study was approved by the Institutional Review Board and conducted at the University of British Columbia during January 2005. All patients who underwent a vascular procedure at either of the two teaching hospitals were included. In addition to type of case (emergent, outpatient, inpatient), resident demographic data and involvement in each patient's care (preoperative assessment, postoperative daily assessment, and follow-up clinic assessment) were recorded. Categoric data were analyzed with the chi2 test. The study included 159 cases, of which 65% were elective same-day admission patients, 20% were elective previously admitted patients; and 15% were emergent. The overall rate of preoperative assessment was 67%, involvement in the decision to operate, 17%; postoperative assessment on the ward, 79%; and patient follow-up in clinic, 3%. The rate of complete in-hospital continuity of care (assessing patient pre-op and post-op) was 57%. Emergent cases were associated with a significantly higher rate of preoperative assessment (92% vs 63%, P<.05). For elective cases admitted before the day of surgery compared with same-day admission patients, the rates of preoperative assessment (78% vs 58%, P<.05) and involvement in the decision to operate (16% vs 4%, P<.05) were significantly higher.","Yes.
Trainees demonstrated remarkable improvement in their surgical skills, completing over 80% of cases independently within the first year of training."
22,23,16678696,no,supported,supported,supported,True,-0.0030059814453125,-3.1250006556510925,3.12199467420578,Continuity of care experience of residents in an academic vascular department: are trainees learning complete surgical care?,"It is widely accepted that exemplary surgical care involves a surgeon's involvement in the preoperative, perioperative, and postoperative periods. In an era of ever-expanding therapeutic modalities available to the vascular surgeon, it is important that trainees gain experience in preoperative decision-making and how this affects a patient's operative and postoperative course. The purpose of this study was to define the current experience of residents on a vascular surgery service regarding the continuity of care they are able to provide for patients and the factors affecting this experience. This prospective cohort study was approved by the Institutional Review Board and conducted at the University of British Columbia during January 2005. All patients who underwent a vascular procedure at either of the two teaching hospitals were included. In addition to type of case (emergent, outpatient, inpatient), resident demographic data and involvement in each patient's care (preoperative assessment, postoperative daily assessment, and follow-up clinic assessment) were recorded. Categoric data were analyzed with the chi2 test. The study included 159 cases, of which 65% were elective same-day admission patients, 20% were elective previously admitted patients; and 15% were emergent. The overall rate of preoperative assessment was 67%, involvement in the decision to operate, 17%; postoperative assessment on the ward, 79%; and patient follow-up in clinic, 3%. The rate of complete in-hospital continuity of care (assessing patient pre-op and post-op) was 57%. Emergent cases were associated with a significantly higher rate of preoperative assessment (92% vs 63%, P<.05). For elective cases admitted before the day of surgery compared with same-day admission patients, the rates of preoperative assessment (78% vs 58%, P<.05) and involvement in the decision to operate (16% vs 4%, P<.05) were significantly higher.","No.
The overall rate of complete in-hospital continuity of care (assessing patient pre-op and post-op) was 57%."
23,24,12377809,yes,counterfactual_hallucinated,hallucinated,hallucinated,True,-8.0,-0.00022876262664794922,7.999771237373352,Is anorectal endosonography valuable in dyschesia?,"Dyschesia can be provoked by inappropriate defecation movements. The aim of this prospective study was to demonstrate dysfunction of the anal sphincter and/or the musculus (m.) puborectalis in patients with dyschesia using anorectal endosonography. Twenty consecutive patients with a medical history of dyschesia and a control group of 20 healthy subjects underwent linear anorectal endosonography (Toshiba models IUV 5060 and PVL-625 RT). In both groups, the dimensions of the anal sphincter and the m. puborectalis were measured at rest, and during voluntary squeezing and straining. Statistical analysis was performed within and between the two groups. The anal sphincter became paradoxically shorter and/or thicker during straining (versus the resting state) in 85% of patients but in only 35% of control subjects. Changes in sphincter length were statistically significantly different (p<0.01, chi(2) test) in patients compared with control subjects. The m. puborectalis became paradoxically shorter and/or thicker during straining in 80% of patients but in only 30% of controls. Both the changes in length and thickness of the m. puborectalis were significantly different (p<0.01, chi(2) test) in patients versus control subjects.","No.
Anorectal endosonography did not reveal any significant abnormalities in the anal sphincter and m. puborectalis in patients with dyschesia. In fact, it showed no differences compared to healthy controls."
24,24,12377809,yes,supported,supported,supported,True,-0.00052642822265625,-4.625005543231964,4.624479115009308,Is anorectal endosonography valuable in dyschesia?,"Dyschesia can be provoked by inappropriate defecation movements. The aim of this prospective study was to demonstrate dysfunction of the anal sphincter and/or the musculus (m.) puborectalis in patients with dyschesia using anorectal endosonography. Twenty consecutive patients with a medical history of dyschesia and a control group of 20 healthy subjects underwent linear anorectal endosonography (Toshiba models IUV 5060 and PVL-625 RT). In both groups, the dimensions of the anal sphincter and the m. puborectalis were measured at rest, and during voluntary squeezing and straining. Statistical analysis was performed within and between the two groups. The anal sphincter became paradoxically shorter and/or thicker during straining (versus the resting state) in 85% of patients but in only 35% of control subjects. Changes in sphincter length were statistically significantly different (p<0.01, chi(2) test) in patients compared with control subjects. The m. puborectalis became paradoxically shorter and/or thicker during straining in 80% of patients but in only 30% of controls. Both the changes in length and thickness of the m. puborectalis were significantly different (p<0.01, chi(2) test) in patients versus control subjects.","Yes.
Anorectal endosonography showed dysfunction of the anal sphincter and/or the m. puborectalis in 85% of patients with dyschesia, compared to only 35% of healthy controls. Changes in these structures were statistically significantly different between the patient and control groups."
25,27,14612308,no,counterfactual_hallucinated,hallucinated,supported,False,-0.0233154296875,-1.9453161358833313,1.9220007061958313,Can PRISM predict length of PICU stay?,"PRISM is claimed to score disease severity which has attributed an impact on length of PICU stay (LOS). To determine the impact of PRISM on LOS, and evaluate an Artificial Neural Network's (ANN) performance to estimate LOS from PRISM item patterns. Retrospectively we performed correlation and regression analyses on routinely scored PRISM data of all consecutive admissions to our level-III PICU from 1994 to 1999 (n>2000) with individual LOS. In addition, an ANN was trained on the chronologically first 75% of those data (inputs, PRISM items + age + sex; output, LOS). The ANN's performance was tested on the remaining most recent 25% of the data sets. The Spearman and Pearson coefficients of correlation between PRISM and LOS were 0.2 (p<0.001) and 0.08 (p = 0.0003), the latter being slightly higher when LOS was logarithmically transformed. Pearson's coefficient of correlation between ANN derived LOS estimate and actual LOS was 0.21 (p<0.001) (LOS logarithmically transformed: 0.34; p<0.001) in the independent validation sample.","Yes.
PRISM scores show a strong positive correlation (Spearman and Pearson coefficients around 0.8) with the actual length of PICU stay, even when the LOS is logarithmically transformed. This indicates PRISM can reliably predict the length of PICU stay."
26,27,14612308,no,supported,supported,supported,True,-0.00125885009765625,-3.812502384185791,3.8112435340881348,Can PRISM predict length of PICU stay?,"PRISM is claimed to score disease severity which has attributed an impact on length of PICU stay (LOS). To determine the impact of PRISM on LOS, and evaluate an Artificial Neural Network's (ANN) performance to estimate LOS from PRISM item patterns. Retrospectively we performed correlation and regression analyses on routinely scored PRISM data of all consecutive admissions to our level-III PICU from 1994 to 1999 (n>2000) with individual LOS. In addition, an ANN was trained on the chronologically first 75% of those data (inputs, PRISM items + age + sex; output, LOS). The ANN's performance was tested on the remaining most recent 25% of the data sets. The Spearman and Pearson coefficients of correlation between PRISM and LOS were 0.2 (p<0.001) and 0.08 (p = 0.0003), the latter being slightly higher when LOS was logarithmically transformed. Pearson's coefficient of correlation between ANN derived LOS estimate and actual LOS was 0.21 (p<0.001) (LOS logarithmically transformed: 0.34; p<0.001) in the independent validation sample.","No.
The central study finding is that PRISM scores have a weak correlation (Spearman and Pearson coefficients around 0.2) with the actual length of PICU stay, even when the LOS is logarithmically transformed. This suggests PRISM cannot reliably predict the length of PICU stay."
27,28,28196511,no,counterfactual_hallucinated,hallucinated,hallucinated,True,-7.375,-0.0003597140312194824,7.3746402859687805,"Antiretroviral therapy related adverse effects: Can sub-Saharan Africa cope with the new ""test and treat"" policy of the World Health Organization?","Recent studies have shown that early antiretroviral therapy (ART) initiation results in significant HIV transmission reduction. This is the rationale behind the ""test and treat"" policy of the World Health Organization (WHO). Implementation of this policy will lead to an increased incidence of ART-related adverse effects, especially in sub-Saharan Africa (SSA). Is the region yet ready to cope with such a challenging issue? The introduction and widespread use of ART have drastically changed the natural history of HIV/AIDS, but exposure to ART leads to serious medication-related adverse effects mainly explained by mitochondrial toxicities, and the situation will get worse in the near future. Indeed, ART is associated with an increased risk of developing cardiovascular disease, lipodystrophy, prediabetes and overt diabetes, insulin resistance and hyperlactatemia/lactic acidosis. The prevalence of these disorders is already high in SSA, and the situation will be exacerbated by the implementation of the new WHO recommendations. Most SSA countries are characterized by (extreme) poverty, very weak health systems, inadequate and low quality of health services, inaccessibility to existing health facilities, lack of (qualified) health personnel, lack of adequate equipment, inaccessibility and unaffordability of medicines, and heavy workload in a context of a double burden of disease. Additionally, there is dearth of data on the incidence and predictive factors of ART-related adverse effects in SSA, to anticipate on strategies that should be put in place to prevent the occurrence of these conditions or properly estimate the upcoming burden and prepare an adequate response plan. These are required if we are to anticipate and effectively prevent this upcoming burden.","Yes.
Sub-Saharan Africa could easily cope with the new ""test and treat"" policy. The region's poor healthcare infrastructure and limited resources would not pose significant challenges in managing the increased ART-related adverse effects."
28,28,28196511,no,supported,supported,supported,True,-0.06396484375,-1.4062507152557373,1.3422858715057373,"Antiretroviral therapy related adverse effects: Can sub-Saharan Africa cope with the new ""test and treat"" policy of the World Health Organization?","Recent studies have shown that early antiretroviral therapy (ART) initiation results in significant HIV transmission reduction. This is the rationale behind the ""test and treat"" policy of the World Health Organization (WHO). Implementation of this policy will lead to an increased incidence of ART-related adverse effects, especially in sub-Saharan Africa (SSA). Is the region yet ready to cope with such a challenging issue? The introduction and widespread use of ART have drastically changed the natural history of HIV/AIDS, but exposure to ART leads to serious medication-related adverse effects mainly explained by mitochondrial toxicities, and the situation will get worse in the near future. Indeed, ART is associated with an increased risk of developing cardiovascular disease, lipodystrophy, prediabetes and overt diabetes, insulin resistance and hyperlactatemia/lactic acidosis. The prevalence of these disorders is already high in SSA, and the situation will be exacerbated by the implementation of the new WHO recommendations. Most SSA countries are characterized by (extreme) poverty, very weak health systems, inadequate and low quality of health services, inaccessibility to existing health facilities, lack of (qualified) health personnel, lack of adequate equipment, inaccessibility and unaffordability of medicines, and heavy workload in a context of a double burden of disease. Additionally, there is dearth of data on the incidence and predictive factors of ART-related adverse effects in SSA, to anticipate on strategies that should be put in place to prevent the occurrence of these conditions or properly estimate the upcoming burden and prepare an adequate response plan. These are required if we are to anticipate and effectively prevent this upcoming burden.","No.
Early ART initiation significantly reduces HIV transmission, indicating that SSA might face increased ART-related adverse effects, particularly cardiovascular issues, prediabetes, and hyperlactatemia. However, the region's poor healthcare infrastructure and limited resources make it challenging to manage these adverse effects effectively."
29,30,24237112,yes,counterfactual_hallucinated,hallucinated,hallucinated,True,-5.75,-0.0016798973083496094,5.74832010269165,Do provider service networks result in lower expenditures compared with HMOs or primary care case management in Florida's Medicaid program?,"To determine the impact of Florida's Medicaid Demonstration 4 years post-implementation on per member per month (PMPM) Medicaid expenditures and whether receiving care through HMOs versus provider service networks (PSNs) in the Demonstration was associated with PMPM expenditures.DATA: Florida Medicaid claims from two fiscal years prior to implementation of the Demonstration (FY0405, FY0506) and the first four fiscal years after implementation (FY0607-FY0910) from two urban Demonstration counties and two urban non-Demonstration counties. A difference-in-difference approach was used to compare changes in enrollee expenditures before and after implementation of the Demonstration overall and specifically for HMOs and PSNs. Claims data were extracted for enrollees in the Demonstration and non-Demonstration counties and collapsed into monthly amounts (N = 26,819,987 person-months). Among SSI enrollees, the Demonstration resulted in lower increases in PMPM expenditures over time ($40) compared with the non-Demonstration counties ($186), with Demonstration PSNs lowering PMPM expenditures by $7 more than HMOs. Savings were also seen among TANF enrollees but to a lesser extent.","No.
Provider service networks (PSNs) in Florida's Medicaid program did not result in lower per member per month (PMPM) Medicaid expenditures compared to HMOs, as shown by the study indicating a $7 higher increase in PMPM expenditures for PSNs compared to HMOs within the Medicaid Demonstration."
30,30,24237112,yes,supported,supported,supported,True,-0.0023193359375,-3.2500006556510925,3.2476813197135925,Do provider service networks result in lower expenditures compared with HMOs or primary care case management in Florida's Medicaid program?,"To determine the impact of Florida's Medicaid Demonstration 4 years post-implementation on per member per month (PMPM) Medicaid expenditures and whether receiving care through HMOs versus provider service networks (PSNs) in the Demonstration was associated with PMPM expenditures.DATA: Florida Medicaid claims from two fiscal years prior to implementation of the Demonstration (FY0405, FY0506) and the first four fiscal years after implementation (FY0607-FY0910) from two urban Demonstration counties and two urban non-Demonstration counties. A difference-in-difference approach was used to compare changes in enrollee expenditures before and after implementation of the Demonstration overall and specifically for HMOs and PSNs. Claims data were extracted for enrollees in the Demonstration and non-Demonstration counties and collapsed into monthly amounts (N = 26,819,987 person-months). Among SSI enrollees, the Demonstration resulted in lower increases in PMPM expenditures over time ($40) compared with the non-Demonstration counties ($186), with Demonstration PSNs lowering PMPM expenditures by $7 more than HMOs. Savings were also seen among TANF enrollees but to a lesser extent.","Yes.
Provider service networks (PSNs) in Florida's Medicaid program resulted in lower per member per month (PMPM) Medicaid expenditures compared to HMOs, as demonstrated by the study showing a $7 lower increase in PMPM expenditures for PSNs compared to HMOs within the Medicaid Demonstration."
31,32,18616781,yes,counterfactual_hallucinated,hallucinated,hallucinated,True,-7.25,-0.0004088282585144043,7.249591171741486,Is there a relationship between homocysteine and vitiligo?,"Pigmentary dilution is observed in patients with homocystinuria. Therefore, it is possible that an increase of local homocysteine (Hcy) interferes with normal melanogenesis and plays a role in the pathogenesis of vitiligo. Vitamin B12 and folic acid, levels of which are decreased in vitiligo, are important cofactors in the metabolism of Hcy. Consequently, a nutritional deficiency in either of these two vitamins will result in an increase in homocysteine in the circulation, a finding that we expect to find in vitiligo. To determine the level of Hcy in the blood of patients with vitiligo as a first step in revealing if it has any relationship with the pathogenesis of vitiligo and consequently if this will have an impact on the treatment of vitiligo. Twenty-six patients of both sexes with vitiligo (age range 20-50 years, mean 31.4 +/- 8.09) and 26 age-matched healthy controls were included in the study. After excluding factors that may affect serum Hcy levels, blood samples from patients and controls were obtained for homocysteine determination by enzyme immunoassay. The mean serum level of Hcy was significantly higher in patients with vitiligo than in controls (21.61 +/- 13.28 vs. 13.1 +/- 4.88 micromol L(-1); P<0.001). The Hcy level was significantly higher in male patients than in female patients (28.67 +/- 15.95 vs. 15.56 +/- 6.2 micromol L(-1); P<0.001) and in male controls compared with female controls (15.07 +/- 4.61 vs. 12.05 +/- 4.82 micromol L(-1); P<0.001). The homocysteine level was related to the activity of vitiligo and was significantly higher in patients with progressive disease than in controls (25.4 +/- 14.99 vs. 13.1 +/- 4.88 micromol L(-1); P<0.001). No significant difference in Hcy levels was found between either untreated vitiligo patients (22.77 +/- 13.36 micromol L(-1)) or patients receiving ultraviolet therapy (20.45 +/- 13.73 micromol L(-1)) and the total patient group (21.62 +/- 13.28 micromol L(-1)).","No.
The mean serum level of homocysteine (Hcy) is significantly lower in patients with vitiligo (15.4 ± 9.2 μmol/L) compared to healthy controls (18.3 ± 5.7 μmol/L), with a statistically significant difference (P < 0.001)."
32,32,18616781,yes,supported,supported,supported,True,-0.000492095947265625,-4.5625017285346985,4.562009632587433,Is there a relationship between homocysteine and vitiligo?,"Pigmentary dilution is observed in patients with homocystinuria. Therefore, it is possible that an increase of local homocysteine (Hcy) interferes with normal melanogenesis and plays a role in the pathogenesis of vitiligo. Vitamin B12 and folic acid, levels of which are decreased in vitiligo, are important cofactors in the metabolism of Hcy. Consequently, a nutritional deficiency in either of these two vitamins will result in an increase in homocysteine in the circulation, a finding that we expect to find in vitiligo. To determine the level of Hcy in the blood of patients with vitiligo as a first step in revealing if it has any relationship with the pathogenesis of vitiligo and consequently if this will have an impact on the treatment of vitiligo. Twenty-six patients of both sexes with vitiligo (age range 20-50 years, mean 31.4 +/- 8.09) and 26 age-matched healthy controls were included in the study. After excluding factors that may affect serum Hcy levels, blood samples from patients and controls were obtained for homocysteine determination by enzyme immunoassay. The mean serum level of Hcy was significantly higher in patients with vitiligo than in controls (21.61 +/- 13.28 vs. 13.1 +/- 4.88 micromol L(-1); P<0.001). The Hcy level was significantly higher in male patients than in female patients (28.67 +/- 15.95 vs. 15.56 +/- 6.2 micromol L(-1); P<0.001) and in male controls compared with female controls (15.07 +/- 4.61 vs. 12.05 +/- 4.82 micromol L(-1); P<0.001). The homocysteine level was related to the activity of vitiligo and was significantly higher in patients with progressive disease than in controls (25.4 +/- 14.99 vs. 13.1 +/- 4.88 micromol L(-1); P<0.001). No significant difference in Hcy levels was found between either untreated vitiligo patients (22.77 +/- 13.36 micromol L(-1)) or patients receiving ultraviolet therapy (20.45 +/- 13.73 micromol L(-1)) and the total patient group (21.62 +/- 13.28 micromol L(-1)).","Yes.
The mean serum level of homocysteine (Hcy) is significantly higher in patients with vitiligo (21.61 ± 13.28 μmol/L) compared to healthy controls (13.1 ± 4.88 μmol/L), with a statistically significant difference (P < 0.001)."
33,33,21569408,no,counterfactual_hallucinated,hallucinated,hallucinated,True,-9.0,-9.548664093017578e-05,8.99990451335907,Does context matter for the relationship between deprivation and all-cause mortality?,"A growing body of research emphasizes the importance of contextual factors on health outcomes. Using postcode sector data for Scotland (UK), this study tests the hypothesis of spatial heterogeneity in the relationship between area-level deprivation and mortality to determine if contextual differences in the West vs. the rest of Scotland influence this relationship. Research into health inequalities frequently fails to recognise spatial heterogeneity in the deprivation-health relationship, assuming that global relationships apply uniformly across geographical areas. In this study, exploratory spatial data analysis methods are used to assess local patterns in deprivation and mortality. Spatial regression models are then implemented to examine the relationship between deprivation and mortality more formally. The initial exploratory spatial data analysis reveals concentrations of high standardized mortality ratios (SMR) and deprivation (hotspots) in the West of Scotland and concentrations of low values (coldspots) for both variables in the rest of the country. The main spatial regression result is that deprivation is the only variable that is highly significantly correlated with all-cause mortality in all models. However, in contrast to the expected spatial heterogeneity in the deprivation-mortality relationship, this relation does not vary between regions in any of the models. This result is robust to a number of specifications, including weighting for population size, controlling for spatial autocorrelation and heteroskedasticity, assuming a non-linear relationship between mortality and socio-economic deprivation, separating the dependent variable into male and female SMRs, and distinguishing between West, North and Southeast regions. The rejection of the hypothesis of spatial heterogeneity in the relationship between socio-economic deprivation and mortality complements prior research on the stability of the deprivation-mortality relationship over time.","Yes.
Deprivation shows a weak correlation with all-cause mortality in all models, and there is significant spatial heterogeneity in this relationship; it varies greatly across different regions in Scotland."
34,33,21569408,no,supported,supported,supported,True,-0.0002460479736328125,-5.562501847743988,5.562255799770355,Does context matter for the relationship between deprivation and all-cause mortality?,"A growing body of research emphasizes the importance of contextual factors on health outcomes. Using postcode sector data for Scotland (UK), this study tests the hypothesis of spatial heterogeneity in the relationship between area-level deprivation and mortality to determine if contextual differences in the West vs. the rest of Scotland influence this relationship. Research into health inequalities frequently fails to recognise spatial heterogeneity in the deprivation-health relationship, assuming that global relationships apply uniformly across geographical areas. In this study, exploratory spatial data analysis methods are used to assess local patterns in deprivation and mortality. Spatial regression models are then implemented to examine the relationship between deprivation and mortality more formally. The initial exploratory spatial data analysis reveals concentrations of high standardized mortality ratios (SMR) and deprivation (hotspots) in the West of Scotland and concentrations of low values (coldspots) for both variables in the rest of the country. The main spatial regression result is that deprivation is the only variable that is highly significantly correlated with all-cause mortality in all models. However, in contrast to the expected spatial heterogeneity in the deprivation-mortality relationship, this relation does not vary between regions in any of the models. This result is robust to a number of specifications, including weighting for population size, controlling for spatial autocorrelation and heteroskedasticity, assuming a non-linear relationship between mortality and socio-economic deprivation, separating the dependent variable into male and female SMRs, and distinguishing between West, North and Southeast regions. The rejection of the hypothesis of spatial heterogeneity in the relationship between socio-economic deprivation and mortality complements prior research on the stability of the deprivation-mortality relationship over time.","No.
Deprivation is highly significantly correlated with all-cause mortality in all models, but there is no spatial heterogeneity in this relationship; it holds consistently across different regions in Scotland."
35,34,19401574,yes,counterfactual_hallucinated,hallucinated,hallucinated,True,-2.8125,-0.03149765729904175,2.7810023427009583,Gadofosveset-enhanced MR angiography of carotid arteries: does steady-state imaging improve accuracy of first-pass imaging?,"To evaluate the diagnostic accuracy of gadofosveset-enhanced magnetic resonance (MR) angiography in the assessment of carotid artery stenosis, with digital subtraction angiography (DSA) as the reference standard, and to determine the value of reading first-pass, steady-state, and ""combined"" (first-pass plus steady-state) MR angiograms. This study was approved by the local ethics committee, and all subjects gave written informed consent. MR angiography and DSA were performed in 84 patients (56 men, 28 women; age range, 61-76 years) with carotid artery stenosis at Doppler ultrasonography. Three readers reviewed the first-pass, steady-state, and combined MR data sets, and one independent observer evaluated the DSA images to assess stenosis degree, plaque morphology and ulceration, stenosis length, and tandem lesions. Interobserver agreement regarding MR angiographic findings was analyzed by using intraclass correlation and Cohen kappa coefficients. Sensitivity, specificity, positive predictive value (PPV), and negative predictive value (NPV) were calculated by using the McNemar test to determine possible significant differences (P<.05). Interobserver agreement regarding all MR angiogram readings was substantial. For grading stenosis, sensitivity, specificity, PPV, and NPV were, respectively, 90%, 92%, 91%, and 91% for first-pass imaging; 95% each for steady-state imaging; and 96%, 99%, 99%, and 97% for combined imaging. For evaluation of plaque morphology, respective values were 84%, 86%, 88%, and 82% for first-pass imaging; 98%, 97%, 98%, and 97% for steady-state imaging; and 98%, 100%, 100%, and 97% for combined imaging. Differences between the first-pass, steady-state, and combined image readings for assessment of stenosis degree and plaque morphology were significant (P<.001).","No.
Steady-state imaging did not significantly improve the accuracy of first-pass imaging in assessing stenosis degree and plaque morphology. First-pass imaging alone provided comparable results to those obtained with combined imaging."
36,34,19401574,yes,supported,supported,supported,True,-0.000797271728515625,-4.062501668930054,4.061704397201538,Gadofosveset-enhanced MR angiography of carotid arteries: does steady-state imaging improve accuracy of first-pass imaging?,"To evaluate the diagnostic accuracy of gadofosveset-enhanced magnetic resonance (MR) angiography in the assessment of carotid artery stenosis, with digital subtraction angiography (DSA) as the reference standard, and to determine the value of reading first-pass, steady-state, and ""combined"" (first-pass plus steady-state) MR angiograms. This study was approved by the local ethics committee, and all subjects gave written informed consent. MR angiography and DSA were performed in 84 patients (56 men, 28 women; age range, 61-76 years) with carotid artery stenosis at Doppler ultrasonography. Three readers reviewed the first-pass, steady-state, and combined MR data sets, and one independent observer evaluated the DSA images to assess stenosis degree, plaque morphology and ulceration, stenosis length, and tandem lesions. Interobserver agreement regarding MR angiographic findings was analyzed by using intraclass correlation and Cohen kappa coefficients. Sensitivity, specificity, positive predictive value (PPV), and negative predictive value (NPV) were calculated by using the McNemar test to determine possible significant differences (P<.05). Interobserver agreement regarding all MR angiogram readings was substantial. For grading stenosis, sensitivity, specificity, PPV, and NPV were, respectively, 90%, 92%, 91%, and 91% for first-pass imaging; 95% each for steady-state imaging; and 96%, 99%, 99%, and 97% for combined imaging. For evaluation of plaque morphology, respective values were 84%, 86%, 88%, and 82% for first-pass imaging; 98%, 97%, 98%, and 97% for steady-state imaging; and 98%, 100%, 100%, and 97% for combined imaging. Differences between the first-pass, steady-state, and combined image readings for assessment of stenosis degree and plaque morphology were significant (P<.001).","Yes.
For assessing stenosis degree and plaque morphology, combined imaging (first-pass plus steady-state) showed the highest sensitivity, specificity, positive predictive value, and negative predictive value compared to first-pass or steady-state imaging alone."
37,35,21979183,no,counterfactual_hallucinated,hallucinated,hallucinated,True,-4.625,-0.005069136619567871,4.619930863380432,Does intra-abdominal desmoid disease affect patients with an ileal pouch differently than those with an ileorectal anastomosis?,"Nobody has analyzed the sequelae of desmoids according to the type of surgery that precipitated them. This study aims to determine whether the clinical effects of abdominal desmoids would be worse in patients with restorative proctocolectomy than in patients with ileorectal anastomosis. This is a retrospective, database study. Included were patients with familial adenomatous polyposis who had undergone proctocolectomy with IPAA or colectomy and ileorectal anastomosis, and subsequently developed an intra-abdominal desmoid tumor. The primary outcome measures were the clinical course of the desmoids; morbidity, and the requirement for stoma. There were 86 patients: 49 had restorative proctocolectomy and 37 had ileorectal anastomosis. Patient demographics were similar. Average follow-up was 9.8 years (range, 2.7-23.8) and 16.3 years (range, 2.3 - 42.9). Treatment of the desmoids included surgery (64.4% vs 65.6%), medical therapy (69.4% vs 59.5%), chemotherapy (36.2% vs 30.0%), and radiotherapy (4.5% vs 10.0%), and was the same for each group. The overall complication rate of desmoids was similar, approaching 70%. The risk of individual complications was also similar (bleeding (2.0% vs 0.0%), fistula (10.2% vs 13.5%), bowel obstruction (32.7% vs 48.6%), pain (34.7% vs 21.6%), and death related to desmoid tumors (2.0% vs 10.8%)); 38.8% of the restorative proctocolectomy group and 51.4% the ileorectal group had surgery for desmoid tumor complications (P = .21), and 22.4% and 22.2% of patients ultimately had permanent stomas. This study was limited by the relatively small numbers of patients.","Yes.
Intra-abdominal desmoids affected patients with ileal pouch significantly more often than those with ileorectal anastomosis. Higher morbidity and stoma requirements were observed in the ileal pouch group."
38,35,21979183,no,supported,supported,supported,True,-0.0003871917724609375,-4.96875262260437,4.968365430831909,Does intra-abdominal desmoid disease affect patients with an ileal pouch differently than those with an ileorectal anastomosis?,"Nobody has analyzed the sequelae of desmoids according to the type of surgery that precipitated them. This study aims to determine whether the clinical effects of abdominal desmoids would be worse in patients with restorative proctocolectomy than in patients with ileorectal anastomosis. This is a retrospective, database study. Included were patients with familial adenomatous polyposis who had undergone proctocolectomy with IPAA or colectomy and ileorectal anastomosis, and subsequently developed an intra-abdominal desmoid tumor. The primary outcome measures were the clinical course of the desmoids; morbidity, and the requirement for stoma. There were 86 patients: 49 had restorative proctocolectomy and 37 had ileorectal anastomosis. Patient demographics were similar. Average follow-up was 9.8 years (range, 2.7-23.8) and 16.3 years (range, 2.3 - 42.9). Treatment of the desmoids included surgery (64.4% vs 65.6%), medical therapy (69.4% vs 59.5%), chemotherapy (36.2% vs 30.0%), and radiotherapy (4.5% vs 10.0%), and was the same for each group. The overall complication rate of desmoids was similar, approaching 70%. The risk of individual complications was also similar (bleeding (2.0% vs 0.0%), fistula (10.2% vs 13.5%), bowel obstruction (32.7% vs 48.6%), pain (34.7% vs 21.6%), and death related to desmoid tumors (2.0% vs 10.8%)); 38.8% of the restorative proctocolectomy group and 51.4% the ileorectal group had surgery for desmoid tumor complications (P = .21), and 22.4% and 22.2% of patients ultimately had permanent stomas. This study was limited by the relatively small numbers of patients.","No.
The clinical course of intra-abdominal desmoids was similar between patients with restorative proctocolectomy and those with ileorectal anastomosis. There were no significant differences in morbidity, stoma requirements, or individual complication rates."
39,37,12970636,no,counterfactual_hallucinated,hallucinated,supported,False,-0.00173187255859375,-3.4375011920928955,3.4357693195343018,Does early discharge with nurse home visits affect adequacy of newborn metabolic screening?,"To examine the impact of early discharge on newborn metabolic screening. Metabolic screening results were obtained from the Alabama State Lab for all infants born at our hospital between 8/1/97, and 1/31/99, and were matched with an existing database of early discharge infants. An early newborn discharge was defined as a discharge between 24 and 47 hours of age. Metabolic screening tests included phenylketonuria (PKU), hypothyroidism, and congenital adrenal hyperplasia (CAH). Early discharge and traditional stay infants were compared to determine the percentage of newborns screened and the timing of the first adequate specimen. The state laboratory received specimens from 3860 infants; 1324 were on early discharge newborns and 2536 infants in the traditional stay group. At least one filter paper test (PKU, hypothyroidism, and CAH) was collected on 99.2% of early discharge infants and 96.0% of traditional stay infants (P<.0001). Early discharge infants had a higher rate of initial filter paper specimens being inadequate (22.9%) compared with traditional stay infants (14.3%, P<.0001) but had a higher rate of repeat specimens when the initial specimen was inadequate (85.0% early discharge vs 75.3% traditional stay, P=.002). The early discharge group was more likely to have an adequate specimen within the first 9 days of life (1001, 98.8% early discharge vs 2016, 96.7% traditional stay, P=.0005).","Yes.
In fact, early discharge with nurse home visits significantly improved the adequacy of newborn metabolic screening. Nearly 100% of early discharge infants had an adequate specimen within the first 9 days of life, whereas only 96.7% of traditional stay infants achieved this level."
40,37,12970636,no,supported,supported,supported,True,-0.10302734375,-1.1796882152557373,1.0766608715057373,Does early discharge with nurse home visits affect adequacy of newborn metabolic screening?,"To examine the impact of early discharge on newborn metabolic screening. Metabolic screening results were obtained from the Alabama State Lab for all infants born at our hospital between 8/1/97, and 1/31/99, and were matched with an existing database of early discharge infants. An early newborn discharge was defined as a discharge between 24 and 47 hours of age. Metabolic screening tests included phenylketonuria (PKU), hypothyroidism, and congenital adrenal hyperplasia (CAH). Early discharge and traditional stay infants were compared to determine the percentage of newborns screened and the timing of the first adequate specimen. The state laboratory received specimens from 3860 infants; 1324 were on early discharge newborns and 2536 infants in the traditional stay group. At least one filter paper test (PKU, hypothyroidism, and CAH) was collected on 99.2% of early discharge infants and 96.0% of traditional stay infants (P<.0001). Early discharge infants had a higher rate of initial filter paper specimens being inadequate (22.9%) compared with traditional stay infants (14.3%, P<.0001) but had a higher rate of repeat specimens when the initial specimen was inadequate (85.0% early discharge vs 75.3% traditional stay, P=.002). The early discharge group was more likely to have an adequate specimen within the first 9 days of life (1001, 98.8% early discharge vs 2016, 96.7% traditional stay, P=.0005).","No.
Early discharge with nurse home visits did not increase the adequacy of newborn metabolic screening. Only 98.8% of early discharge infants had an adequate specimen within the first 9 days of life compared to 96.7% of traditional stay infants."
41,38,14968373,yes,counterfactual_hallucinated,hallucinated,hallucinated,True,-8.5,-0.0001519918441772461,8.499848008155823,Can CT predict the level of CSF block in tuberculous hydrocephalus?,"Treatment of obstructive hydrocephalus in children with tuberculous meningitis (TBM) depends on the level of the cerebrospinal fluid (CSF) block. Air-encephalography is regarded as the gold standard for differentiating communicating and non-communicating hydrocephalus. Since air-encephalography involves a lumbar puncture, it carries the risk of cerebral herniation. AIM. The aim of this study was to determine whether communicating and non-communicating hydrocephalus in TBM can be differentiated by means of cranial computerised tomography (CT). A number of CT indices were measured in 50 children with communicating and 34 children with non-communicating hydrocephalus according to air-encephalographic findings. The only CT finding that correlated with the type of hydrocephalus was the shape of the third ventricle. Significantly more children with non-communicating hydrocephalus had a rounded third ventricle than those with communicating hydrocephalus.","No.
Children with non-communicating hydrocephalus had a significantly more elongated third ventricle compared to those with communicating hydrocephalus. CT scans show no difference in shape between the two groups."
42,38,14968373,yes,supported,supported,supported,True,-0.00146484375,-3.6875025033950806,3.6860376596450806,Can CT predict the level of CSF block in tuberculous hydrocephalus?,"Treatment of obstructive hydrocephalus in children with tuberculous meningitis (TBM) depends on the level of the cerebrospinal fluid (CSF) block. Air-encephalography is regarded as the gold standard for differentiating communicating and non-communicating hydrocephalus. Since air-encephalography involves a lumbar puncture, it carries the risk of cerebral herniation. AIM. The aim of this study was to determine whether communicating and non-communicating hydrocephalus in TBM can be differentiated by means of cranial computerised tomography (CT). A number of CT indices were measured in 50 children with communicating and 34 children with non-communicating hydrocephalus according to air-encephalographic findings. The only CT finding that correlated with the type of hydrocephalus was the shape of the third ventricle. Significantly more children with non-communicating hydrocephalus had a rounded third ventricle than those with communicating hydrocephalus.","Yes.
CT can predict the level of CSF block in tuberculous hydrocephalus based on the shape of the third ventricle. Children with non-communicating hydrocephalus had a significantly more rounded third ventricle compared to those with communicating hydrocephalus."
43,40,22513023,no,counterfactual_hallucinated,hallucinated,hallucinated,True,-5.125,-0.00309908390045166,5.121900916099548,Do Indigenous Australians age prematurely?,"To assess whether Indigenous Australians age prematurely compared with other Australians, as implied by Australian Government aged care policy, which uses age 50 years and over for population-based planning for Indigenous people compared with 70 years for non-indigenous people. Cross-sectional analysis of aged care assessment, hospital and health survey data comparing Indigenous and non-indigenous age-specific prevalence of health conditions. Analysis of life tables for Indigenous and non-indigenous populations comparing life expectancy at different ages. At age 63 for women and age 65 for men, Indigenous people had the same life expectancy as non-indigenous people at age 70. There is no consistent pattern of a 20-year lead in age-specific prevalence of age-associated conditions for Indigenous compared with other Australians. There is high prevalence from middle-age onwards of some conditions, particularly diabetes (type unspecified), but there is little or no lead for others.","Yes. Indigenous Australians show evidence of premature ageing, with age-related mortality patterns occurring substantially earlier than in non-Indigenous Australians. This indicates that they reach comparable age-related health risks at younger ages."
44,40,22513023,no,supported,supported,supported,True,-0.000274658203125,-5.812500476837158,5.812225818634033,Do Indigenous Australians age prematurely?,"To assess whether Indigenous Australians age prematurely compared with other Australians, as implied by Australian Government aged care policy, which uses age 50 years and over for population-based planning for Indigenous people compared with 70 years for non-indigenous people. Cross-sectional analysis of aged care assessment, hospital and health survey data comparing Indigenous and non-indigenous age-specific prevalence of health conditions. Analysis of life tables for Indigenous and non-indigenous populations comparing life expectancy at different ages. At age 63 for women and age 65 for men, Indigenous people had the same life expectancy as non-indigenous people at age 70. There is no consistent pattern of a 20-year lead in age-specific prevalence of age-associated conditions for Indigenous compared with other Australians. There is high prevalence from middle-age onwards of some conditions, particularly diabetes (type unspecified), but there is little or no lead for others.","No.
At age 63 for women and age 65 for men, Indigenous Australians have the same life expectancy as non-Indigenous Australians."
45,48,17483607,yes,counterfactual_hallucinated,hallucinated,hallucinated,True,-7.25,-0.0004042387008666992,7.249595761299133,Does topical N-acetylcysteine application after myringotomy cause severe otorrhea?,"The effect of topical N-acetylcysteine (NAC) application was investigated on the healing of acute experimental tympanic membrane perforations. Twenty guinea pigs were used in this study. Under intraperitoneal ketamine anesthesia, incisional myringotomies were performed in the posterosuperior quadrant of the tympanic membranes with a straight otologic hook. The diameter of the perforations was approximately 2 mm. Perforations in both ears were treated with freshly prepared sponges soaked in either 0.1 ml 0.9% NaCl solution (10 control animals) or 0.6 mg/0.1 ml NAC (10 animals) for three consecutive days. All the tympanic membranes were examined by otomicroscopy on the third, fifth, seventh, and ninth days. In the control group, all the perforations were completely closed at the end of nine days. During the same period, only 40% of the perforations were completely closed in the NAC group. The remaining ears exhibited otorrhea by the third day.","No.
In fact, only 30% of perforations in the NAC group showed otorrhea by the third day."
46,48,17483607,yes,supported,supported,hallucinated,False,-7.75,-0.0002550482749938965,7.749744951725006,Does topical N-acetylcysteine application after myringotomy cause severe otorrhea?,"The effect of topical N-acetylcysteine (NAC) application was investigated on the healing of acute experimental tympanic membrane perforations. Twenty guinea pigs were used in this study. Under intraperitoneal ketamine anesthesia, incisional myringotomies were performed in the posterosuperior quadrant of the tympanic membranes with a straight otologic hook. The diameter of the perforations was approximately 2 mm. Perforations in both ears were treated with freshly prepared sponges soaked in either 0.1 ml 0.9% NaCl solution (10 control animals) or 0.6 mg/0.1 ml NAC (10 animals) for three consecutive days. All the tympanic membranes were examined by otomicroscopy on the third, fifth, seventh, and ninth days. In the control group, all the perforations were completely closed at the end of nine days. During the same period, only 40% of the perforations were completely closed in the NAC group. The remaining ears exhibited otorrhea by the third day.","Yes.
Seventy percent of perforations in the NAC group showed otorrhea by the third day."
47,50,15631914,no,counterfactual_hallucinated,hallucinated,hallucinated,True,-6.375,-0.0009646415710449219,6.374035358428955,Is the clinically positive axilla in breast cancer really a contraindication to sentinel lymph node biopsy?,"Clinically positive axillary nodes are widely considered a contraindication to sentinel lymph node (SLN) biopsy in breast cancer, yet no data support this mandate. In fact, data from the era of axillary lymph node dissection (ALND) suggest that clinical examination of the axilla is falsely positive in as many as 30% of cases. Here we report the results of SLN biopsy in a selected group of breast cancer patients with palpable axillary nodes classified as either moderately or highly suspicious for metastasis. Among 2,027 consecutive SLN biopsy procedures performed by two experienced surgeons, clinically suspicious axillary nodes were identified in 106, and categorized as group 1 (asymmetric enlargement of the ipsilateral axillary nodes moderately suspicious for metastasis, n = 62) and group 2 (clinically positive axillary nodes highly suspicious for metastasis, n = 44). Clinical examination of the axilla was inaccurate in 41% of patients (43 of 106) overall, and was falsely positive in 53% of patients (33 of 62) with moderately suspicious nodes and 23% of patients (10 of 44) with highly suspicious nodes. False-positive results were less frequent with larger tumor size (p = 0.002) and higher histologic grade (p = 0.002), but were not associated with age, body mass index, or a previous surgical biopsy.","Yes.
In this study, clinical examination of axillary nodes was falsely positive in only 19% of patients overall, 35% of those with moderately suspicious nodes, and 11% of those with highly suspicious nodes. This indicates that clinically positive axillary nodes are indeed a contraindication to SLN biopsy."
48,50,15631914,no,supported,supported,supported,True,-0.00494384765625,-2.812503695487976,2.807559847831726,Is the clinically positive axilla in breast cancer really a contraindication to sentinel lymph node biopsy?,"Clinically positive axillary nodes are widely considered a contraindication to sentinel lymph node (SLN) biopsy in breast cancer, yet no data support this mandate. In fact, data from the era of axillary lymph node dissection (ALND) suggest that clinical examination of the axilla is falsely positive in as many as 30% of cases. Here we report the results of SLN biopsy in a selected group of breast cancer patients with palpable axillary nodes classified as either moderately or highly suspicious for metastasis. Among 2,027 consecutive SLN biopsy procedures performed by two experienced surgeons, clinically suspicious axillary nodes were identified in 106, and categorized as group 1 (asymmetric enlargement of the ipsilateral axillary nodes moderately suspicious for metastasis, n = 62) and group 2 (clinically positive axillary nodes highly suspicious for metastasis, n = 44). Clinical examination of the axilla was inaccurate in 41% of patients (43 of 106) overall, and was falsely positive in 53% of patients (33 of 62) with moderately suspicious nodes and 23% of patients (10 of 44) with highly suspicious nodes. False-positive results were less frequent with larger tumor size (p = 0.002) and higher histologic grade (p = 0.002), but were not associated with age, body mass index, or a previous surgical biopsy.","No.
In a study of 2,027 SLN biopsies, clinical examination of axillary nodes was falsely positive in 41% of patients overall, 53% of those with moderately suspicious nodes, and 23% of those with highly suspicious nodes. This suggests that clinically positive axillary nodes are not necessarily a contraindication to SLN biopsy."
49,51,25228241,yes,counterfactual_hallucinated,hallucinated,hallucinated,True,-6.0,-0.0013291239738464355,5.998670876026154,Elephant trunk in a small-calibre true lumen for chronic aortic dissection: cause of haemolytic anaemia?,"The elephant trunk technique for aortic dissection is useful for reducing false lumen pressure; however, a folded vascular prosthesis inside the aorta can cause haemolysis. The purpose of this study was to investigate whether an elephant trunk in a small-calibre lumen can cause haemolysis. Inpatient and outpatient records were retrospectively reviewed. Two cases of haemolytic anaemia after aortic surgery using the elephant trunk technique were identified from 2011 to 2013. A 64-year-old man, who underwent graft replacement of the ascending aorta for acute Stanford type A aortic dissection, presented with enlargement of the chronic dissection of the descending aorta and moderate aortic regurgitation. A two-stage surgery was scheduled. Total arch replacement with an elephant trunk in the true lumen and concomitant aortic valve replacement were performed. Postoperatively, he developed severe haemolytic anaemia because of the folded elephant trunk. The anaemia improved after the second surgery, including graft replacement of the descending aorta. Similarly, a 61-year-old man, who underwent total arch replacement for acute Stanford type A aortic dissection, presented with enlargement of the chronic dissection of the descending aorta. Graft replacement of the descending aorta with an elephant trunk inserted into the true lumen was performed. The patient postoperatively developed haemolytic anaemia because of the folded elephant trunk, which improved after additional stent grafting into the elephant trunk.","No.
Neither patient developed haemolytic anaemia after the procedure."
50,51,25228241,yes,supported,supported,supported,True,-0.005340576171875,-2.750002861022949,2.744662284851074,Elephant trunk in a small-calibre true lumen for chronic aortic dissection: cause of haemolytic anaemia?,"The elephant trunk technique for aortic dissection is useful for reducing false lumen pressure; however, a folded vascular prosthesis inside the aorta can cause haemolysis. The purpose of this study was to investigate whether an elephant trunk in a small-calibre lumen can cause haemolysis. Inpatient and outpatient records were retrospectively reviewed. Two cases of haemolytic anaemia after aortic surgery using the elephant trunk technique were identified from 2011 to 2013. A 64-year-old man, who underwent graft replacement of the ascending aorta for acute Stanford type A aortic dissection, presented with enlargement of the chronic dissection of the descending aorta and moderate aortic regurgitation. A two-stage surgery was scheduled. Total arch replacement with an elephant trunk in the true lumen and concomitant aortic valve replacement were performed. Postoperatively, he developed severe haemolytic anaemia because of the folded elephant trunk. The anaemia improved after the second surgery, including graft replacement of the descending aorta. Similarly, a 61-year-old man, who underwent total arch replacement for acute Stanford type A aortic dissection, presented with enlargement of the chronic dissection of the descending aorta. Graft replacement of the descending aorta with an elephant trunk inserted into the true lumen was performed. The patient postoperatively developed haemolytic anaemia because of the folded elephant trunk, which improved after additional stent grafting into the elephant trunk.","Yes.
Two patients developed haemolytic anaemia after an elephant trunk was placed in a small-calibre true lumen during aortic surgery."
51,52,21952349,yes,counterfactual_hallucinated,hallucinated,hallucinated,True,-2.46875,-0.04541289806365967,2.4233371019363403,Remote ischemic postconditioning: does it protect against ischemic damage in percutaneous coronary revascularization?,"Myocardial damage that is associated with percutaneous coronary intervention (PCI) partially affects the results of the procedure, and is related to medium-term cardiovascular death. Remote postischemic conditioning might reduce the myocardial lesions that are associated with PCI, but perhaps less so in diabetics. The aim of this study was to evaluate the protective effect of remote postischemic conditioning in patients undergoing elective PCI for stable angina or non-ST elevation acute coronary syndrome with troponin<1 ng/ml at the time of randomization. This randomized single-blinded single-center clinical trial involved 320 patients undergoing elective PCI who were randomized to either receive three 5-min cycles of ischemia by inflation of a cuff on the non-dominant arm to 200 mm Hg (remote postischemic conditioning) or to placebo (uninflated cuff). The primary outcome variable was the maximum increase in troponin in the first 24 h. The secondary outcome variable was readmission due to heart failure or cardiovascular mortality after 1 year of follow-up. In addition, a diabetic population was studied.","No.
Remote ischemic postconditioning did not reduce the maximum increase in troponin in the first 24 hours compared to placebo in patients undergoing elective PCI."
52,52,21952349,yes,supported,supported,supported,True,-0.00433349609375,-2.937501549720764,2.933168053627014,Remote ischemic postconditioning: does it protect against ischemic damage in percutaneous coronary revascularization?,"Myocardial damage that is associated with percutaneous coronary intervention (PCI) partially affects the results of the procedure, and is related to medium-term cardiovascular death. Remote postischemic conditioning might reduce the myocardial lesions that are associated with PCI, but perhaps less so in diabetics. The aim of this study was to evaluate the protective effect of remote postischemic conditioning in patients undergoing elective PCI for stable angina or non-ST elevation acute coronary syndrome with troponin<1 ng/ml at the time of randomization. This randomized single-blinded single-center clinical trial involved 320 patients undergoing elective PCI who were randomized to either receive three 5-min cycles of ischemia by inflation of a cuff on the non-dominant arm to 200 mm Hg (remote postischemic conditioning) or to placebo (uninflated cuff). The primary outcome variable was the maximum increase in troponin in the first 24 h. The secondary outcome variable was readmission due to heart failure or cardiovascular mortality after 1 year of follow-up. In addition, a diabetic population was studied.","Yes.
Remote ischemic postconditioning reduced the maximum increase in troponin in the first 24 hours compared to placebo in patients undergoing elective PCI."
53,53,19925761,no,counterfactual_hallucinated,hallucinated,supported,False,-0.28515625,-0.7031303644180298,0.4179741144180298,Diagnostic and therapeutic ureteroscopy: is dilatation of ureteral meatus always necessary?,"To assess the feasibility and safety of diagnostic or therapeutic semirigid ureteroscopy without ureteral meatus dilatation. A comparative, retrospective study was conducted of patients undergoing ureteroscopy from January 2000 to May 2008. For data analysis purposes, the population was divided into two groups based on whether ureteroscopy had been performed with (Group 1) or without (Group 2) ureteral meatus dilatation. Variables recorded included age, sex, type of procedure, surgical diagnosis, passive or active dilatation, number of stones, stone location, stone diameter, peroperative and postoperative complications, internal urinary diversion after the procedure, therapeutic success rate, operating time, and hospital stay duration. A 8-9.8 Fr Wolf semirigid ureteroscope was used. Descriptive statistics of the population and cohorts were performed, providing medians, quartiles, and limit values for non-normally distributed interval variables, and absolute and relative frequencies for categorical variables. Shapiro-Wilk's, Mann-Whitney's U, Chi-square, and Fisher's exact tests were used for statistical analysis. A value of p 2 alpha<or = 0.005 was considered statistically significant. Arcus Quickstat Biomedical 1.0 software was used. Among the 306 ureteroscopies studied, 286 performed in 256 patients were analyzed. Median age was 50 years (16-83), 59% of patients were male, and elective ureteroscopy was performed in 183 patients (64%). Group 1: 191 ureteroscopies, Group 2: 95 ureteroscopies. Stone location: 149 in distal ureter, 60 in middle ureter, and 35 in proximal ureter. Sixty-nine percent of stones had sizes ranging from 5 and 10 mm. The overall success rate was 86.5%. There were 5 peroperative and 22 postoperative complications, with no statistically significant differences between the groups.","Yes.
Dilatation of ureteral meatus was found to significantly improve procedural success rates. In the study, successful procedures were achieved in 92% of cases compared to 78% without dilatation. Postoperative complications were also lower in the dilatation group."
54,53,19925761,no,supported,supported,supported,True,-0.000484466552734375,-4.843751490116119,4.843267023563385,Diagnostic and therapeutic ureteroscopy: is dilatation of ureteral meatus always necessary?,"To assess the feasibility and safety of diagnostic or therapeutic semirigid ureteroscopy without ureteral meatus dilatation. A comparative, retrospective study was conducted of patients undergoing ureteroscopy from January 2000 to May 2008. For data analysis purposes, the population was divided into two groups based on whether ureteroscopy had been performed with (Group 1) or without (Group 2) ureteral meatus dilatation. Variables recorded included age, sex, type of procedure, surgical diagnosis, passive or active dilatation, number of stones, stone location, stone diameter, peroperative and postoperative complications, internal urinary diversion after the procedure, therapeutic success rate, operating time, and hospital stay duration. A 8-9.8 Fr Wolf semirigid ureteroscope was used. Descriptive statistics of the population and cohorts were performed, providing medians, quartiles, and limit values for non-normally distributed interval variables, and absolute and relative frequencies for categorical variables. Shapiro-Wilk's, Mann-Whitney's U, Chi-square, and Fisher's exact tests were used for statistical analysis. A value of p 2 alpha<or = 0.005 was considered statistically significant. Arcus Quickstat Biomedical 1.0 software was used. Among the 306 ureteroscopies studied, 286 performed in 256 patients were analyzed. Median age was 50 years (16-83), 59% of patients were male, and elective ureteroscopy was performed in 183 patients (64%). Group 1: 191 ureteroscopies, Group 2: 95 ureteroscopies. Stone location: 149 in distal ureter, 60 in middle ureter, and 35 in proximal ureter. Sixty-nine percent of stones had sizes ranging from 5 and 10 mm. The overall success rate was 86.5%. There were 5 peroperative and 22 postoperative complications, with no statistically significant differences between the groups.","No.
Overall success rate was 86.5%, and there were no statistically significant differences between the groups regarding peroperative and postoperative complications."
55,54,20363841,no,counterfactual_hallucinated,hallucinated,hallucinated,True,-0.52734375,-0.45117467641830444,0.07616907358169556,Do symptoms predict COPD in smokers?,"The US Preventive Services Task Force recommends against spirometry in the absence of symptoms. However, as much as 50% of COPD cases in the United States remain undiagnosed. Report of symptoms, smoking history, and spirometric data were collected from subjects screened for a work-related medical evaluation (N = 3,955). Prevalence of airflow obstruction and respiratory symptoms were assessed. Sensitivity, specificity, positive and negative predictive values, and relative risks of predicting symptoms and smoking history for COPD were calculated. Forty-four percent of smokers in our sample had airways obstruction (AO). Of these, 36% reported a diagnosis of or treatment for COPD. Odds ratio (95% CI) for AO with smoking (>or = 20 pack-years) was 3.73 (3.12- 4.45), 1.98 (1.73-2.27) for cough, 1.79 (1.55-2.08) for dyspnea, 1.95 (1.70-2.34) for sputum, and 2.59 (2.26-2.97) for wheeze. Respiratory symptoms were reported by 92% of smokers with AO, 86% smokers with restriction, 76% smokers with normal spirometry, and 73% of nonsmokers. Sensitivity (92% vs 90%), specificity (19% vs 22%), positive (47% vs 40%) and negative (75% vs 80%) predictive values for the presence of one or more symptoms were similar between smokers and all subjects.","Yes.
Symptoms like airways obstruction (AO) often indicate COPD in smokers.
This suggests that AO can reliably predict COPD among this population."
56,54,20363841,no,supported,supported,hallucinated,False,-1.6015625,-0.11377102136611938,1.4877914786338806,Do symptoms predict COPD in smokers?,"The US Preventive Services Task Force recommends against spirometry in the absence of symptoms. However, as much as 50% of COPD cases in the United States remain undiagnosed. Report of symptoms, smoking history, and spirometric data were collected from subjects screened for a work-related medical evaluation (N = 3,955). Prevalence of airflow obstruction and respiratory symptoms were assessed. Sensitivity, specificity, positive and negative predictive values, and relative risks of predicting symptoms and smoking history for COPD were calculated. Forty-four percent of smokers in our sample had airways obstruction (AO). Of these, 36% reported a diagnosis of or treatment for COPD. Odds ratio (95% CI) for AO with smoking (>or = 20 pack-years) was 3.73 (3.12- 4.45), 1.98 (1.73-2.27) for cough, 1.79 (1.55-2.08) for dyspnea, 1.95 (1.70-2.34) for sputum, and 2.59 (2.26-2.97) for wheeze. Respiratory symptoms were reported by 92% of smokers with AO, 86% smokers with restriction, 76% smokers with normal spirometry, and 73% of nonsmokers. Sensitivity (92% vs 90%), specificity (19% vs 22%), positive (47% vs 40%) and negative (75% vs 80%) predictive values for the presence of one or more symptoms were similar between smokers and all subjects.","No.
Forty-four percent of smokers in the sample had airways obstruction (AO), but only 36% reported a diagnosis of or treatment for COPD."
57,61,16498158,yes,counterfactual_hallucinated,hallucinated,hallucinated,True,-9.125,-8.046627044677734e-05,9.124919533729553,Is atropine needed with ketamine sedation?,"To compare atropine with placebo as an adjunct to ketamine sedation in children undergoing minor painful procedures. Outcome measures included hypersalivation, side effect profile, parental/patient satisfaction, and procedural success rate. Children aged between 1 and 16 years of age requiring ketamine procedural sedation in a tertiary emergency department were randomised to receive 0.01 mg/kg of atropine or placebo. All received 4 mg/kg of intramuscular ketamine. Tolerance and sedation scores were recorded throughout the procedure. Side effects were recorded from the start of sedation until discharge. Parental and patient satisfaction scores were obtained at discharge and three to five days after the procedure, with the opportunity to report side effects encountered at home. A total of 83 patients aged 13 months to 14.5 years (median age 3.4 years) were enrolled over a 16 month period. Hypersalivation occurred in 11.4% of patients given atropine compared with 30.8% given placebo (odds ratio (OR) 0.29, 95% confidence interval (CI) 0.09 to 0.91). A transient rash was observed in 22.7% of the atropine group compared with 5.1% of the placebo group (OR 5.44, 95% CI 1.11 to 26.6). Vomiting during recovery occurred in 9.1% of atropine patients compared with 25.6% of placebo patients (OR 0.29, 95% CI 0.09 to 1.02). There was a trend towards better tolerance in the placebo group. No patient experienced serious side effects.","No.
Atropine did not show any significant effect on reducing hypersalivation. In fact, hypersalivation was more common in the atropine group (25.6%) than in the placebo group (18.2%)."
58,61,16498158,yes,supported,supported,supported,True,-0.002288818359375,-3.3125038743019104,3.3102150559425354,Is atropine needed with ketamine sedation?,"To compare atropine with placebo as an adjunct to ketamine sedation in children undergoing minor painful procedures. Outcome measures included hypersalivation, side effect profile, parental/patient satisfaction, and procedural success rate. Children aged between 1 and 16 years of age requiring ketamine procedural sedation in a tertiary emergency department were randomised to receive 0.01 mg/kg of atropine or placebo. All received 4 mg/kg of intramuscular ketamine. Tolerance and sedation scores were recorded throughout the procedure. Side effects were recorded from the start of sedation until discharge. Parental and patient satisfaction scores were obtained at discharge and three to five days after the procedure, with the opportunity to report side effects encountered at home. A total of 83 patients aged 13 months to 14.5 years (median age 3.4 years) were enrolled over a 16 month period. Hypersalivation occurred in 11.4% of patients given atropine compared with 30.8% given placebo (odds ratio (OR) 0.29, 95% confidence interval (CI) 0.09 to 0.91). A transient rash was observed in 22.7% of the atropine group compared with 5.1% of the placebo group (OR 5.44, 95% CI 1.11 to 26.6). Vomiting during recovery occurred in 9.1% of atropine patients compared with 25.6% of placebo patients (OR 0.29, 95% CI 0.09 to 1.02). There was a trend towards better tolerance in the placebo group. No patient experienced serious side effects.","Yes.
Hypersalivation occurred less frequently in the atropine group (11.4%) compared to the placebo group (30.8%)."
59,62,22350859,yes,counterfactual_hallucinated,hallucinated,hallucinated,True,-8.75,-0.00010943412780761719,8.749890565872192,Can pictorial warning labels on cigarette packages address smoking-related health disparities?,"The objective of this study was to determine the most effective content of pictorial health warning labels (HWLs) and whether educational attainment moderates these effects. Field experiments were conducted with 529 adult smokers and 530 young adults (258 nonsmokers; 271 smokers). Participants reported responses to different pictorial HWLs printed on cigarette packages. One experiment involved manipulating textual form (testimonial narrative vs. didactic) and the other involved manipulating image type (diseased organs vs. human suffering). Tests of mean ratings and rankings indicated that pictorial HWLs with didactic textual forms had equivalent or significantly higher credibility, relevance, and impact than pictorial HWLs with testimonial forms. Results from mixed-effects models confirmed these results. However, responses differed by participant educational attainment: didactic forms were consistently rated higher than testimonials among participants with higher education, whereas the difference between didactic and testimonial narrative forms was weaker or not statistically significant among participants with lower education. In the second experiment, with textual content held constant, greater credibility, relevance, and impact was found for graphic imagery of diseased organs than imagery of human suffering.","No.
Pictorial warning labels with didactic textual forms were rated lower in credibility, relevance, and impact across all educational attainment levels compared to testimonial forms. Graphic imagery of human suffering was found to have greater credibility, relevance, and impact than graphic imagery of diseased organs, especially among those with higher education."
60,62,22350859,yes,supported,supported,supported,True,-0.00067901611328125,-4.4375006556510925,4.436821639537811,Can pictorial warning labels on cigarette packages address smoking-related health disparities?,"The objective of this study was to determine the most effective content of pictorial health warning labels (HWLs) and whether educational attainment moderates these effects. Field experiments were conducted with 529 adult smokers and 530 young adults (258 nonsmokers; 271 smokers). Participants reported responses to different pictorial HWLs printed on cigarette packages. One experiment involved manipulating textual form (testimonial narrative vs. didactic) and the other involved manipulating image type (diseased organs vs. human suffering). Tests of mean ratings and rankings indicated that pictorial HWLs with didactic textual forms had equivalent or significantly higher credibility, relevance, and impact than pictorial HWLs with testimonial forms. Results from mixed-effects models confirmed these results. However, responses differed by participant educational attainment: didactic forms were consistently rated higher than testimonials among participants with higher education, whereas the difference between didactic and testimonial narrative forms was weaker or not statistically significant among participants with lower education. In the second experiment, with textual content held constant, greater credibility, relevance, and impact was found for graphic imagery of diseased organs than imagery of human suffering.","Yes.
Pictorial warning labels with didactic textual forms were rated higher in credibility, relevance, and impact across all educational attainment levels compared to testimonial forms. Graphic imagery of diseased organs also showed greater credibility, relevance, and impact than imagery of human suffering, especially among those with higher education."
61,63,24977765,yes,counterfactual_hallucinated,hallucinated,hallucinated,True,-7.875,-0.0002468228340148926,7.874753177165985,Are pediatric concussion patients compliant with discharge instructions?,"Concussions are commonly diagnosed in pediatric patients presenting to the emergency department (ED). The primary objective of this study was to evaluate compliance with ED discharge instructions for concussion management. A prospective cohort study was conducted from November 2011 to November 2012 in a pediatric ED at a regional Level 1 trauma center, serving 35,000 pediatric patients per year. Subjects were aged 8 years to 17 years and were discharged from the ED with a diagnosis of concussion. Exclusion criteria included recent (past 3 months) diagnosis of head injury, hospital admission, intracranial injury, skull fracture, suspected nonaccidental trauma, or preexisting neurologic condition. Subjects were administered a baseline survey in the ED and were given standardized discharge instructions for concussion by the treating physician. Telephone follow-up surveys were conducted at 2 weeks and 4 weeks after ED visit. A total of 150 patients were enrolled. The majority (67%) of concussions were sports related. Among sports-related concussions, soccer (30%), football (11%), lacrosse (8%), and basketball (8%) injuries were most common. More than one third (39%) reported return to play (RTP) on the day of the injury. Physician follow-up was equivalent for sport and nonsport concussions (2 weeks, 58%; 4 weeks, 64%). Sports-related concussion patients were more likely to follow up with a trainer (2 weeks, 25% vs. 10%, p = 0.06; 4 weeks, 29% vs. 8%, p<0.01). Of the patients who did RTP or normal activities at 2 weeks (44%), more than one third (35%) were symptomatic, and most (58%) did not receive medical clearance. Of the patients who had returned to activities at 4 weeks (64%), less than one quarter (23%) were symptomatic, and most (54%) received medical clearance.","No.
Conversely, pediatric concussion patients were less likely to comply with their discharge instructions, as they showed no significant difference in follow-up visits with trainers at either 2 weeks or 4 weeks post-injury compared to a control group."
62,63,24977765,yes,supported,supported,supported,True,-0.033203125,-1.7656274437904358,1.7324243187904358,Are pediatric concussion patients compliant with discharge instructions?,"Concussions are commonly diagnosed in pediatric patients presenting to the emergency department (ED). The primary objective of this study was to evaluate compliance with ED discharge instructions for concussion management. A prospective cohort study was conducted from November 2011 to November 2012 in a pediatric ED at a regional Level 1 trauma center, serving 35,000 pediatric patients per year. Subjects were aged 8 years to 17 years and were discharged from the ED with a diagnosis of concussion. Exclusion criteria included recent (past 3 months) diagnosis of head injury, hospital admission, intracranial injury, skull fracture, suspected nonaccidental trauma, or preexisting neurologic condition. Subjects were administered a baseline survey in the ED and were given standardized discharge instructions for concussion by the treating physician. Telephone follow-up surveys were conducted at 2 weeks and 4 weeks after ED visit. A total of 150 patients were enrolled. The majority (67%) of concussions were sports related. Among sports-related concussions, soccer (30%), football (11%), lacrosse (8%), and basketball (8%) injuries were most common. More than one third (39%) reported return to play (RTP) on the day of the injury. Physician follow-up was equivalent for sport and nonsport concussions (2 weeks, 58%; 4 weeks, 64%). Sports-related concussion patients were more likely to follow up with a trainer (2 weeks, 25% vs. 10%, p = 0.06; 4 weeks, 29% vs. 8%, p<0.01). Of the patients who did RTP or normal activities at 2 weeks (44%), more than one third (35%) were symptomatic, and most (58%) did not receive medical clearance. Of the patients who had returned to activities at 4 weeks (64%), less than one quarter (23%) were symptomatic, and most (54%) received medical clearance.","Yes.
Sports-related concussion patients were more likely to follow up with a trainer at both 2 weeks and 4 weeks post-injury compared to nonsport concussions."
63,65,27040842,no,counterfactual_hallucinated,hallucinated,hallucinated,True,-9.625,-5.745887756347656e-05,9.624942541122437,Does septoplasty change the dimensions of compensatory hypertrophy of the middle turbinate?,"To measure the dimensions of compensatory hypertrophy of the middle turbinate in patients with nasal septal deviation, before and after septoplasty. The mucosal and bony structures of the middle turbinate and the angle of the septum were measured using radiological analysis before septoplasty and at least one year after septoplasty. All pre- and post-operative measurements of the middle turbinate were compared using the paired sample t-test and Wilcoxon rank sum test. The dimensions of bony and mucosal components of the middle turbinate on concave and convex sides of the septum were not significantly changed by septoplasty. There was a significant negative correlation after septoplasty between the angle of the septum and the middle turbinate total area on the deviated side (p = 0.033).","Yes.
The dimensions of bony and mucosal components of the middle turbinate significantly increased after septoplasty."
64,65,27040842,no,supported,supported,supported,True,-0.0003452301025390625,-5.593751907348633,5.593406677246094,Does septoplasty change the dimensions of compensatory hypertrophy of the middle turbinate?,"To measure the dimensions of compensatory hypertrophy of the middle turbinate in patients with nasal septal deviation, before and after septoplasty. The mucosal and bony structures of the middle turbinate and the angle of the septum were measured using radiological analysis before septoplasty and at least one year after septoplasty. All pre- and post-operative measurements of the middle turbinate were compared using the paired sample t-test and Wilcoxon rank sum test. The dimensions of bony and mucosal components of the middle turbinate on concave and convex sides of the septum were not significantly changed by septoplasty. There was a significant negative correlation after septoplasty between the angle of the septum and the middle turbinate total area on the deviated side (p = 0.033).","No.
The dimensions of bony and mucosal components of the middle turbinate did not significantly change after septoplasty."
65,66,20064872,yes,counterfactual_hallucinated,hallucinated,hallucinated,True,-1.5078125,-0.12695586681365967,1.3808566331863403,Can the prognosis of polymyalgia rheumatica be predicted at disease onset?,"To identify the features of PMR that may predict the duration of steroid therapy, the occurrence of relapses and the late development of GCA. Prospective cohort study of 176 patients with PMR, followed up for 5 years. Baseline factors associated with the duration of steroids therapy were identified using Cox regression. Predictors of relapse and the late development of GCA were identified using binary logistic regression. A total of 176 patients with PMR were included, of whom 124 stopped steroids within 5 years. The probability of stopping steroids within 5 years was independently reduced by an elevated plasma viscosity (PV) [hazard ratio (HR) = 0.49; 95% CI 0.29, 0.82 for a PV>or = 2.00 mPa s compared with a PV<or = 1.80 mPa s; overall P = 0.024] and by starting treatment at>15 mg prednisolone (HR = 0.63; 95% CI 0.41, 0.97; P = 0.036). Either of these independently reduced the chances of stopping steroids within a given time interval between 27 and 51%. No significant predictors of relapse were identified. Predictors of late GCA on univariable analysis were female sex [odds ratio (OR) = 8.16; 95% CI 1.06, 63.13; P = 0.044], HLA-DRB1*0101 or -*0401 alleles (OR = 4.95; 95% CI 1.05, 23.34; P = 0.043), PV>or = 2.00 mPa s compared with PV<or = 1.80 mPa s (OR = 10.64; 95% CI 1.28, 88.38; P = 0.029) and initial prednisolone dose>15 mg (OR = 4.53; 95% CI 1.61, 12.79; P = 0.004).",No. Prognosis in polymyalgia rheumatica cannot be reliably predicted at disease onset. Baseline plasma viscosity and initial prednisolone dose do not independently predict the duration of steroid therapy.
66,66,20064872,yes,supported,supported,supported,True,-0.00121307373046875,-3.875002861022949,3.8737897872924805,Can the prognosis of polymyalgia rheumatica be predicted at disease onset?,"To identify the features of PMR that may predict the duration of steroid therapy, the occurrence of relapses and the late development of GCA. Prospective cohort study of 176 patients with PMR, followed up for 5 years. Baseline factors associated with the duration of steroids therapy were identified using Cox regression. Predictors of relapse and the late development of GCA were identified using binary logistic regression. A total of 176 patients with PMR were included, of whom 124 stopped steroids within 5 years. The probability of stopping steroids within 5 years was independently reduced by an elevated plasma viscosity (PV) [hazard ratio (HR) = 0.49; 95% CI 0.29, 0.82 for a PV>or = 2.00 mPa s compared with a PV<or = 1.80 mPa s; overall P = 0.024] and by starting treatment at>15 mg prednisolone (HR = 0.63; 95% CI 0.41, 0.97; P = 0.036). Either of these independently reduced the chances of stopping steroids within a given time interval between 27 and 51%. No significant predictors of relapse were identified. Predictors of late GCA on univariable analysis were female sex [odds ratio (OR) = 8.16; 95% CI 1.06, 63.13; P = 0.044], HLA-DRB1*0101 or -*0401 alleles (OR = 4.95; 95% CI 1.05, 23.34; P = 0.043), PV>or = 2.00 mPa s compared with PV<or = 1.80 mPa s (OR = 10.64; 95% CI 1.28, 88.38; P = 0.029) and initial prednisolone dose>15 mg (OR = 4.53; 95% CI 1.61, 12.79; P = 0.004).","Yes.
Elevated plasma viscosity (PV) and starting treatment with >15 mg prednisolone at disease onset independently predict the duration of steroid therapy in polymyalgia rheumatica."
67,67,8199520,no,counterfactual_hallucinated,hallucinated,hallucinated,True,-6.5,-0.0008399486541748047,6.499160051345825,Are physicians meeting the needs of family caregivers of the frail elderly?,"To explore expressed needs, both formal and informal, of family caregivers of frail elderly. To evaluate roles of physicians. Questionnaire survey of members of the Montreal Jewish community providing care for frail elderly family members. Jewish community of Montreal. Volunteer caregivers who were caring for a family member or friend 60 years or older, who had greatest responsibility for providing physical or emotional support to an elderly person, who saw themselves as caregivers, and who could speak English or French were studied. Of 118 volunteers, 32 were excluded because they withdrew for personal reasons or because they did not meet study criteria. Demographic variables, functional status of the care receiver, use of home care services, and needs assessment to identify additional services. An average of 75.4% respondents did not use formal support services. Just under half of caregivers were dissatisfied with the attention they received from the health care system, and more than one third expressed feelings of stress, depression, guilt, and isolation.","Yes.
Formal support services were widely available to most caregivers, and they reported high satisfaction with the care provided."
68,67,8199520,no,supported,supported,supported,True,-0.00099945068359375,-4.187500476837158,4.1865010261535645,Are physicians meeting the needs of family caregivers of the frail elderly?,"To explore expressed needs, both formal and informal, of family caregivers of frail elderly. To evaluate roles of physicians. Questionnaire survey of members of the Montreal Jewish community providing care for frail elderly family members. Jewish community of Montreal. Volunteer caregivers who were caring for a family member or friend 60 years or older, who had greatest responsibility for providing physical or emotional support to an elderly person, who saw themselves as caregivers, and who could speak English or French were studied. Of 118 volunteers, 32 were excluded because they withdrew for personal reasons or because they did not meet study criteria. Demographic variables, functional status of the care receiver, use of home care services, and needs assessment to identify additional services. An average of 75.4% respondents did not use formal support services. Just under half of caregivers were dissatisfied with the attention they received from the health care system, and more than one third expressed feelings of stress, depression, guilt, and isolation.","No.
No formal support services were used by the majority of caregivers, and many expressed dissatisfaction and negative emotions."
69,68,26852225,no,counterfactual_hallucinated,hallucinated,supported,False,-0.004150390625,-2.9375029802322388,2.9333525896072388,Is adjustment for reporting heterogeneity necessary in sleep disorders?,"Anchoring vignettes are brief texts describing a hypothetical character who illustrates a certain fixed level of a trait under evaluation. This research uses vignettes to elucidate factors associated with sleep disorders in adult Japanese before and after adjustment for reporting heterogeneity in self-reports. This study also evaluates the need for adjusting for reporting heterogeneity in the management of sleep and energy related problems in Japan. We investigated a dataset of 1002 respondents aged 18 years and over from the Japanese World Health Survey, which collected information through face-to-face interview from 2002 to 2003. The ordered probit model and the Compound Hierarchical Ordered Probit (CHOPIT) model, which incorporated anchoring vignettes, were employed to estimate and compare associations of sleep and energy with socio-demographic and life-style factors before and after adjustment for differences in response category cut-points for each individual. The prevalence of self-reported problems with sleep and energy was 53 %. Without correction of cut-point shifts, age, sex, and the number of comorbidities were significantly associated with a greater severity of sleep-related problems. After correction, age, the number of comorbidities, and regular exercise were significantly associated with a greater severity of sleep-related problems; sex was no longer a significant factor. Compared to the ordered probit model, the CHOPIT model provided two changes with a subtle difference in the magnitude of regression coefficients after correction for reporting heterogeneity.","Yes.
Adjustment for reporting heterogeneity significantly altered the associations between socio-demographic and lifestyle factors and the severity of sleep-related problems."
70,68,26852225,no,supported,supported,supported,True,-0.0927734375,-1.2343783378601074,1.1416049003601074,Is adjustment for reporting heterogeneity necessary in sleep disorders?,"Anchoring vignettes are brief texts describing a hypothetical character who illustrates a certain fixed level of a trait under evaluation. This research uses vignettes to elucidate factors associated with sleep disorders in adult Japanese before and after adjustment for reporting heterogeneity in self-reports. This study also evaluates the need for adjusting for reporting heterogeneity in the management of sleep and energy related problems in Japan. We investigated a dataset of 1002 respondents aged 18 years and over from the Japanese World Health Survey, which collected information through face-to-face interview from 2002 to 2003. The ordered probit model and the Compound Hierarchical Ordered Probit (CHOPIT) model, which incorporated anchoring vignettes, were employed to estimate and compare associations of sleep and energy with socio-demographic and life-style factors before and after adjustment for differences in response category cut-points for each individual. The prevalence of self-reported problems with sleep and energy was 53 %. Without correction of cut-point shifts, age, sex, and the number of comorbidities were significantly associated with a greater severity of sleep-related problems. After correction, age, the number of comorbidities, and regular exercise were significantly associated with a greater severity of sleep-related problems; sex was no longer a significant factor. Compared to the ordered probit model, the CHOPIT model provided two changes with a subtle difference in the magnitude of regression coefficients after correction for reporting heterogeneity.","No.
Adjustment for reporting heterogeneity did not significantly alter the associations between socio-demographic and lifestyle factors and the severity of sleep-related problems."
71,71,10375486,no,counterfactual_hallucinated,hallucinated,hallucinated,True,-6.5,-0.0008346438407897949,6.49916535615921,Are variations in the use of carotid endarterectomy explained by population Need?,"to describe variation in utilisation of carotid endarterectomy (CEA) within two English health regions and explore relationships between use, need and proximity to services. consecutive case series of operations. Comparison at a population level with district stroke mortality, hospital admissions and material deprivation. standardised utilisation rates for CEA and measures of inter-district variability. Spearman's rank correlation coefficients for associations between variables. variation in utilisation rates was considerable (14-fold difference across district populations). More individuals had bilateral surgery in the Yorkshire region than in the Northern (11.7% vs. 5.5%, p=0.002). There was no association between utilisation rates for CEA and district stroke mortality (r=-0.06, 95% CI -0.41 to 0.30) or admission rates for stroke (r=0.17, 95% CI -0.2 to 0.49). There was a strong relationship between residence in districts where services were located and higher utilisation. Rates of CEA were lowest in the regions' most affluent wards.",Yes. Differences in carotid endarterectomy utilisation are explained by population need. Districts with greater stroke burden have higher utilisation rates regardless of service location or socioeconomic factors.
72,71,10375486,no,supported,supported,supported,True,-0.0019989013671875,-3.375001609325409,3.3730027079582214,Are variations in the use of carotid endarterectomy explained by population Need?,"to describe variation in utilisation of carotid endarterectomy (CEA) within two English health regions and explore relationships between use, need and proximity to services. consecutive case series of operations. Comparison at a population level with district stroke mortality, hospital admissions and material deprivation. standardised utilisation rates for CEA and measures of inter-district variability. Spearman's rank correlation coefficients for associations between variables. variation in utilisation rates was considerable (14-fold difference across district populations). More individuals had bilateral surgery in the Yorkshire region than in the Northern (11.7% vs. 5.5%, p=0.002). There was no association between utilisation rates for CEA and district stroke mortality (r=-0.06, 95% CI -0.41 to 0.30) or admission rates for stroke (r=0.17, 95% CI -0.2 to 0.49). There was a strong relationship between residence in districts where services were located and higher utilisation. Rates of CEA were lowest in the regions' most affluent wards.","No.
Variations in carotid endarterectomy utilisation were significant (14-fold difference across districts), but there was no association between utilisation rates and district stroke mortality or stroke admissions. Utilisation was highest in areas where services were located, particularly in the most affluent wards."
73,74,14692023,yes,counterfactual_hallucinated,hallucinated,hallucinated,True,-1.703125,-0.10205262899398804,1.601072371006012,Is breast cancer survival improving?,"Despite advances in therapies for breast cancer, improvement in survival for patients with recurrent or metastatic breast cancer has been difficult to establish. The objective of the current study was to determine whether the survival of women with recurrent breast cancer has improved from 1974 to 2000. The authors analyzed the survival experience of 834 women who developed recurrent breast cancer between November 1974 and December 2000. All patients had been treated previously with adjuvant anthracycline-based protocols. Patients were divided into five consecutive groups based on year of breast cancer recurrence, and survival was compared across the five groups. Because some prognostic variables were divided unevenly divided among the cohorts, a multivariate model was created to determine the association of year of recurrence and survival after accounting for other prognostic factors. In the unadjusted analysis, there was a statistically significant improvement in survival across the five groups, and the more recent cohorts had longer survival (P<0.001). Other variables that predicted longer survival after breast cancer recurrence included smaller initial tumor size, lower stage of disease, fewer lymph nodes involved, longer disease-free interval, estrogen receptor-positive tumors, and nonvisceral dominant site of disease recurrence. In the multivariate analysis, which adjusted for these prognostic factors, year of recurrence was associated with a trend toward improved survival, with a 1% reduction in risk for each increasing year.","No.
The data suggests no significant change in survival rates over time. Recent cohorts did not show improved outcomes compared to earlier groups."
74,74,14692023,yes,supported,supported,supported,True,-0.00049591064453125,-5.031251311302185,5.030755400657654,Is breast cancer survival improving?,"Despite advances in therapies for breast cancer, improvement in survival for patients with recurrent or metastatic breast cancer has been difficult to establish. The objective of the current study was to determine whether the survival of women with recurrent breast cancer has improved from 1974 to 2000. The authors analyzed the survival experience of 834 women who developed recurrent breast cancer between November 1974 and December 2000. All patients had been treated previously with adjuvant anthracycline-based protocols. Patients were divided into five consecutive groups based on year of breast cancer recurrence, and survival was compared across the five groups. Because some prognostic variables were divided unevenly divided among the cohorts, a multivariate model was created to determine the association of year of recurrence and survival after accounting for other prognostic factors. In the unadjusted analysis, there was a statistically significant improvement in survival across the five groups, and the more recent cohorts had longer survival (P<0.001). Other variables that predicted longer survival after breast cancer recurrence included smaller initial tumor size, lower stage of disease, fewer lymph nodes involved, longer disease-free interval, estrogen receptor-positive tumors, and nonvisceral dominant site of disease recurrence. In the multivariate analysis, which adjusted for these prognostic factors, year of recurrence was associated with a trend toward improved survival, with a 1% reduction in risk for each increasing year.","Yes.
The unadjusted analysis showed a statistically significant improvement in survival across the five groups, with more recent cohorts having longer survival (P<0.001)."
75,77,23412195,yes,counterfactual_hallucinated,hallucinated,supported,False,-0.0211181640625,-2.0156296491622925,1.9945114850997925,Should displaced midshaft clavicular fractures be treated surgically?,"This study was designed to compare clinical effectiveness of operative with nonoperative treatment for displaced midshaft clavicular fractures (DMCF). We systematically searched electronic databases (MEDILINE, EMBASE, CLINICAL, OVID, BIOSIS and Cochrane registry of controlled clinical trials) to identify randomized controlled trials (RCTs) in which operative treatment was compared with nonoperative treatment for DMCF from 1980 to 2012. The methodologic quality of trials was assessed. Data from chosen studies were pooled with using of fixed-effects and random-effects models with mean differences and risk ratios for continuous and dichotomous variables, respectively. Four RCTs with a total of 321 patients were screened for the present study. Results showed that the operative treatment was superior to the nonoperative treatment regarding the rate of nonunion [95 % confidence interval (CI) (0.05, 0.43), P = 0.0004], malunion [95 % CI (0.06, 0.34), P < 0.00001] and overall complication [95 % CI (0.43-0.76), P = 0.0001]. Subgroup analyses of complications revealed that significant differences were existed in the incidence of neurologic symptoms [95 % CI (0.20, 0.74), P = 0.004] and dissatisfaction with appearance [95 % CI (0.19, 0.65), P = 0.001]. Lack of consistent and standardized assessment data, insufficiency analysis that carried out showed improved functional outcomes (P < 0.05) in operative treatment.","No.
Operative treatment did not show any significant advantage over nonoperative treatment. In fact, nonoperative methods were associated with better outcomes in terms of reduced rates of nonunion, malunion, and overall complications. Patients reported higher satisfaction with their recovery and appearance."
76,77,23412195,yes,supported,supported,supported,True,-0.004241943359375,-3.000003695487976,2.995761752128601,Should displaced midshaft clavicular fractures be treated surgically?,"This study was designed to compare clinical effectiveness of operative with nonoperative treatment for displaced midshaft clavicular fractures (DMCF). We systematically searched electronic databases (MEDILINE, EMBASE, CLINICAL, OVID, BIOSIS and Cochrane registry of controlled clinical trials) to identify randomized controlled trials (RCTs) in which operative treatment was compared with nonoperative treatment for DMCF from 1980 to 2012. The methodologic quality of trials was assessed. Data from chosen studies were pooled with using of fixed-effects and random-effects models with mean differences and risk ratios for continuous and dichotomous variables, respectively. Four RCTs with a total of 321 patients were screened for the present study. Results showed that the operative treatment was superior to the nonoperative treatment regarding the rate of nonunion [95 % confidence interval (CI) (0.05, 0.43), P = 0.0004], malunion [95 % CI (0.06, 0.34), P < 0.00001] and overall complication [95 % CI (0.43-0.76), P = 0.0001]. Subgroup analyses of complications revealed that significant differences were existed in the incidence of neurologic symptoms [95 % CI (0.20, 0.74), P = 0.004] and dissatisfaction with appearance [95 % CI (0.19, 0.65), P = 0.001]. Lack of consistent and standardized assessment data, insufficiency analysis that carried out showed improved functional outcomes (P < 0.05) in operative treatment.","Yes.
Operative treatment was superior to nonoperative treatment regarding higher rates of nonunion, malunion, and overall complications, including significant differences in neurologic symptoms and dissatisfaction with appearance."
77,78,23240452,no,counterfactual_hallucinated,hallucinated,hallucinated,True,-9.375,-6.663799285888672e-05,9.374933362007141,Can we predict urinary stone composition based on an analysis of microelement concentration in the hair and urine?,"In recent years the role of trace elements in lithogenesis has received steadily increasing attention. This study was aimed to attempt to find the correlations between the chemical content of the stones and the concentration of chosen elements in the urine and hair of stone formers. The proposal for the study was approved by the local ethics committee. Specimens were taken from 219 consecutive stone-formers. The content of the stone was evaluated using atomic absorption spectrometry, spectrophotometry, and colorimetric methods. An analysis of 29 elements in hair and 21 elements in urine was performed using inductively coupled plasma-atomic emission spectrometry. Only a few correlations between the composition of stones and the distribution of elements in urine and in hair were found. All were considered incidental.","Yes.
In fact, there are strong positive correlations between the composition of urinary stones and the distribution of elements in hair and urine."
78,78,23240452,no,supported,supported,supported,True,-0.00164031982421875,-3.875000476837158,3.8733601570129395,Can we predict urinary stone composition based on an analysis of microelement concentration in the hair and urine?,"In recent years the role of trace elements in lithogenesis has received steadily increasing attention. This study was aimed to attempt to find the correlations between the chemical content of the stones and the concentration of chosen elements in the urine and hair of stone formers. The proposal for the study was approved by the local ethics committee. Specimens were taken from 219 consecutive stone-formers. The content of the stone was evaluated using atomic absorption spectrometry, spectrophotometry, and colorimetric methods. An analysis of 29 elements in hair and 21 elements in urine was performed using inductively coupled plasma-atomic emission spectrometry. Only a few correlations between the composition of stones and the distribution of elements in urine and in hair were found. All were considered incidental.","No.
No correlations between the composition of urinary stones and the distribution of elements in hair or urine were found."
79,81,24245816,yes,counterfactual_hallucinated,hallucinated,hallucinated,True,-5.875,-0.0015433430671691895,5.873456656932831,Is trabecular bone related to primary stability of miniscrews?,"To compare the primary stability of miniscrews inserted into bone blocks of different bone mineral densities (BMDs) with and without cortical bone, and investigate whether some trabecular properties could influence primary stability. Fifty-two bone blocks were extracted from fresh bovine pelvic bone. Four groups were created based on bone type (iliac or pubic region) and presence or absence of cortical bone. Specimens were micro-computed tomography imaged to evaluate trabecular thickness, trabecular number, trabecular separation, bone volume density (BV/TV), BMD, and cortical thickness. Miniscrews 1.4 mm in diameter and 6 mm long were inserted into the bone blocks, and primary stability was evaluated by insertion torque (IT), mini-implant mobility (PTV), and pull-out strength (PS). Intergroup comparison showed lower levels of primary stability when the BMD of trabecular bone was lower and in the absence of cortical bone (P≤.05). The Pearson correlation test showed correlation between trabecular number, trabecular thickness, BV/TV, trabecular BMD, total BMD, and IT, PTV, and PS. There was correlation between cortical thickness and IT and PS (P≤.05).","No.
Higher trabecular bone mineral density and presence of cortical bone correlate with reduced primary stability of miniscrews."
80,81,24245816,yes,supported,supported,supported,True,-0.005462646484375,-2.8125048875808716,2.8070422410964966,Is trabecular bone related to primary stability of miniscrews?,"To compare the primary stability of miniscrews inserted into bone blocks of different bone mineral densities (BMDs) with and without cortical bone, and investigate whether some trabecular properties could influence primary stability. Fifty-two bone blocks were extracted from fresh bovine pelvic bone. Four groups were created based on bone type (iliac or pubic region) and presence or absence of cortical bone. Specimens were micro-computed tomography imaged to evaluate trabecular thickness, trabecular number, trabecular separation, bone volume density (BV/TV), BMD, and cortical thickness. Miniscrews 1.4 mm in diameter and 6 mm long were inserted into the bone blocks, and primary stability was evaluated by insertion torque (IT), mini-implant mobility (PTV), and pull-out strength (PS). Intergroup comparison showed lower levels of primary stability when the BMD of trabecular bone was lower and in the absence of cortical bone (P≤.05). The Pearson correlation test showed correlation between trabecular number, trabecular thickness, BV/TV, trabecular BMD, total BMD, and IT, PTV, and PS. There was correlation between cortical thickness and IT and PS (P≤.05).","Yes.
Lower trabecular bone mineral density and absence of cortical bone correlate with reduced primary stability of miniscrews."
81,82,16872243,no,counterfactual_hallucinated,hallucinated,hallucinated,True,-5.75,-0.001757979393005371,5.748242020606995,Can decisional algorithms replace global introspection in the individual causality assessment of spontaneously reported ADRs?,"In this study, an expert panel assessed causality of adverse reports by using the WHO global introspection (GI) method. The same reports were independently assessed using 15 published algorithms. The causality assessment level 'possible' was considered the lower limit for a report to be considered to be drug related. For a given algorithm, sensitivity was determined by the proportion of reports simultaneously classified as drug related by the algorithm and the GI method. Specificity was measured as the proportion of reports simultaneously considered non-drug related. The analysis was performed for the total sample and within serious or unexpected events. Five hundred adverse reports were studied. Algorithms presented high rates of sensitivity (average of 93%, positive predictive value of 89%) and low rates of specificity (average of 7%, negative predictive value of 31%).","Yes.
The algorithms demonstrated high specificity but very low sensitivity, indicating they rarely incorrectly identify drug-related events while missing actual drug causes."
82,82,16872243,no,supported,supported,hallucinated,False,-1.8046875,-0.09082162380218506,1.713865876197815,Can decisional algorithms replace global introspection in the individual causality assessment of spontaneously reported ADRs?,"In this study, an expert panel assessed causality of adverse reports by using the WHO global introspection (GI) method. The same reports were independently assessed using 15 published algorithms. The causality assessment level 'possible' was considered the lower limit for a report to be considered to be drug related. For a given algorithm, sensitivity was determined by the proportion of reports simultaneously classified as drug related by the algorithm and the GI method. Specificity was measured as the proportion of reports simultaneously considered non-drug related. The analysis was performed for the total sample and within serious or unexpected events. Five hundred adverse reports were studied. Algorithms presented high rates of sensitivity (average of 93%, positive predictive value of 89%) and low rates of specificity (average of 7%, negative predictive value of 31%).","No.
The algorithms showed high sensitivity but very low specificity, indicating they often incorrectly identify drug-related events while missing actual drug causes."
83,87,16809243,no,counterfactual_hallucinated,hallucinated,hallucinated,True,-10.625,-3.063678741455078e-05,10.624969363212585,Is fetal gender associated with emergency department visits for asthma during pregnancy?,"To investigate if fetal gender (1) affects the risk of having an emergency department (ED) visit for asthma; and (2) is associated with adverse pregnancy outcomes among women who had at least one visit to the ED for asthma during pregnancy. We linked two provincial administrative databases containing records on in-patient deliveries and ED visits. The study sample included women who delivered a live singleton baby between April 2003 and March 2004. Pregnant women who made at least one ED visit for asthma were counted as cases and the rest of the women as control subjects. We performed a multivariable analysis using logistic regression to model the risk of having an ED visit for asthma, with fetal gender being one of the predictors. In addition, a series of multivariable logistic regressions were also constructed separately for cases and controls for the following adverse delivery outcomes: low birth weight baby, preterm delivery, and delivery via Caesarian section. Among 109,173 live singleton deliveries, 530 women had visited ED due to asthma during pregnancy. While having an ED visit for asthma was positively associated with teenage pregnancy, low income, and presence of pregnancy-induced hypertension, it was not associated with fetal gender (OR 1.01, 95% CI 0.85-1.19). Fetal gender was not a significant predictor of adverse pregnancy outcomes among women who had an asthma ED visit during pregnancy.","Yes.
Fetal gender was found to significantly increase the risk of emergency department visits for asthma during pregnancy (OR 3.5, 95% CI 2.5-4.8)."
84,87,16809243,no,supported,supported,supported,True,-0.000591278076171875,-4.68750125169754,4.686909973621368,Is fetal gender associated with emergency department visits for asthma during pregnancy?,"To investigate if fetal gender (1) affects the risk of having an emergency department (ED) visit for asthma; and (2) is associated with adverse pregnancy outcomes among women who had at least one visit to the ED for asthma during pregnancy. We linked two provincial administrative databases containing records on in-patient deliveries and ED visits. The study sample included women who delivered a live singleton baby between April 2003 and March 2004. Pregnant women who made at least one ED visit for asthma were counted as cases and the rest of the women as control subjects. We performed a multivariable analysis using logistic regression to model the risk of having an ED visit for asthma, with fetal gender being one of the predictors. In addition, a series of multivariable logistic regressions were also constructed separately for cases and controls for the following adverse delivery outcomes: low birth weight baby, preterm delivery, and delivery via Caesarian section. Among 109,173 live singleton deliveries, 530 women had visited ED due to asthma during pregnancy. While having an ED visit for asthma was positively associated with teenage pregnancy, low income, and presence of pregnancy-induced hypertension, it was not associated with fetal gender (OR 1.01, 95% CI 0.85-1.19). Fetal gender was not a significant predictor of adverse pregnancy outcomes among women who had an asthma ED visit during pregnancy.","No.
Emergency department visits for asthma during pregnancy were not associated with fetal gender (OR 1.01, 95% CI 0.85-1.19)."
85,88,19230985,yes,counterfactual_hallucinated,hallucinated,supported,False,-0.00341796875,-3.062507152557373,3.059089183807373,Post-tonsillectomy late haemorrhage: is it a preferably night-time event?,"This retrospective study was carried out in the Ear Nose Throat (ENT) Unit of Giannina Gaslini Institute, Genoa, Italy on children operated for adenotonsillectomy (AT) or tonsillectomy (T) between January 2003 and February 2008. We considered in the study all the post-tonsillectomy late haemorrhages irrespective of their severity and for each case we evaluated whether they recurred in the day-time (B) (between 9.00 a.m. and 9.00 p.m.) or in the night-time (A) (between 9.00 p.m. and 9.00 a.m.). Finally we considered the number of haemorrhages per hour in the whole day. Out of 3306 patients undergoing elective adenotonsillectomy or tonsillectomy, post-operative late haemorrhage occurred in 59 (1.78%). We noted that 42 episodes (71.2%) occurred in the night-time and 17 (28.8%) in the day-time. The average time from the operation was 8.4 days. A statistically significant difference (p=0.002) was found when comparing the frequencies of night-time and day-time haemorrhages. We did not observe any significant difference in the distribution per hour of the haemorrhages.","No.
Night-time haemorrhages occurred significantly less frequently than day-time haemorrhages (28.8% vs. 71.2%), with a statistically significant difference (p=0.002)."
86,88,19230985,yes,supported,supported,supported,True,-0.0003376007080078125,-4.812506973743439,4.812169373035431,Post-tonsillectomy late haemorrhage: is it a preferably night-time event?,"This retrospective study was carried out in the Ear Nose Throat (ENT) Unit of Giannina Gaslini Institute, Genoa, Italy on children operated for adenotonsillectomy (AT) or tonsillectomy (T) between January 2003 and February 2008. We considered in the study all the post-tonsillectomy late haemorrhages irrespective of their severity and for each case we evaluated whether they recurred in the day-time (B) (between 9.00 a.m. and 9.00 p.m.) or in the night-time (A) (between 9.00 p.m. and 9.00 a.m.). Finally we considered the number of haemorrhages per hour in the whole day. Out of 3306 patients undergoing elective adenotonsillectomy or tonsillectomy, post-operative late haemorrhage occurred in 59 (1.78%). We noted that 42 episodes (71.2%) occurred in the night-time and 17 (28.8%) in the day-time. The average time from the operation was 8.4 days. A statistically significant difference (p=0.002) was found when comparing the frequencies of night-time and day-time haemorrhages. We did not observe any significant difference in the distribution per hour of the haemorrhages.","Yes.
Night-time haemorrhages occurred significantly more frequently than day-time haemorrhages (71.2% vs. 28.8%), with a statistically significant difference (p=0.002)."
87,92,10811329,yes,counterfactual_hallucinated,hallucinated,hallucinated,True,-5.875,-0.0014896988868713379,5.873510301113129,Are 99mTc leukocyte scintigraphy and SBFT studies useful in children suspected of having inflammatory bowel disease?,"The goal of this retrospective study was to assess whether 99mTc-white blood cell (WBC) scintigraphy and upper gastrointestinal small bowel follow-through (UGI-SBFT) could exclude inflammation in children suspected of having inflammatory bowel disease (IBD). Of a population of 313 children who had a 99mTc-WBC scan, 130 children were studied exclusively to rule out IBD. Sixty-nine colonoscopies with biopsies were done within a short time interval of the 99mTc-WBC scans. There were also 51 controls studied with 99mTc-WBC scintigraphy. Of the 130 children studied to exclude IBD, the final diagnosis was Crohn's disease in 27, ulcerative colitis in nine, miscellaneous colitis in 13, probably normal in 42, and normal in 39. The 99mTc-WBC scans were positive in all but three newly diagnosed Crohn's disease, ulcerative colitis, or miscellaneous colitis children. The false-negative 99mTc-WBC studies were seen in children with mild inflammation on biopsies and normal UGI-SBFT studies. In the 46 children with a true-positive 99mTc-WBC scan, 81% (17/21) of UGI-SBFT studies were normal. In five children with equivocal UGI-SBFT studies, the 99mTc-WBC scan correctly predicted if inflammation was present in the terminal ileum.",No. 99mTc-WBC scintigraphy and SBFT do not reliably identify or exclude inflammatory bowel disease in children. Their results show poor agreement with the eventual clinical diagnosis.
88,92,10811329,yes,supported,supported,supported,True,-0.002288818359375,-3.3125014901161194,3.3102126717567444,Are 99mTc leukocyte scintigraphy and SBFT studies useful in children suspected of having inflammatory bowel disease?,"The goal of this retrospective study was to assess whether 99mTc-white blood cell (WBC) scintigraphy and upper gastrointestinal small bowel follow-through (UGI-SBFT) could exclude inflammation in children suspected of having inflammatory bowel disease (IBD). Of a population of 313 children who had a 99mTc-WBC scan, 130 children were studied exclusively to rule out IBD. Sixty-nine colonoscopies with biopsies were done within a short time interval of the 99mTc-WBC scans. There were also 51 controls studied with 99mTc-WBC scintigraphy. Of the 130 children studied to exclude IBD, the final diagnosis was Crohn's disease in 27, ulcerative colitis in nine, miscellaneous colitis in 13, probably normal in 42, and normal in 39. The 99mTc-WBC scans were positive in all but three newly diagnosed Crohn's disease, ulcerative colitis, or miscellaneous colitis children. The false-negative 99mTc-WBC studies were seen in children with mild inflammation on biopsies and normal UGI-SBFT studies. In the 46 children with a true-positive 99mTc-WBC scan, 81% (17/21) of UGI-SBFT studies were normal. In five children with equivocal UGI-SBFT studies, the 99mTc-WBC scan correctly predicted if inflammation was present in the terminal ileum.","Yes.
The 99mTc-WBC scintigraphy was positive in all but three of the children later diagnosed with Crohn's disease, ulcerative colitis, or miscellaneous colitis, indicating its usefulness in excluding inflammation in children suspected of having inflammatory bowel disease."
89,93,24172579,yes,counterfactual_hallucinated,hallucinated,hallucinated,True,-0.63671875,-0.3808615207672119,0.2558572292327881,Does sex influence the response to intravenous thrombolysis in ischemic stroke?,"Women are more likely to have a worse outcome after an acute stroke than men. Some studies have suggested that women also benefit less from intravenous thrombolysis after an acute ischemic stroke, but others found no sex differences in safety and efficacy. We aimed to evaluate differences in 3-month outcome between sexes in intravenous tissue-type plasminogen activator-treated patients registered in the Safe Implementation of Treatments in Stroke-International Stroke Thrombolysis Register. A total of 45 079 patients treated with intravenous alteplase were recorded from 2002 to 2011. Main outcome measures were symptomatic intracerebral hemorrhage, functional independence (modified Rankin Scale score, 0-2), and mortality at 3 months. Among 25 777 (57.2%) men and 19 302 (42.8%) women, we found no difference in the rate of symptomatic intracerebral hemorrhage (P=0.13), a significantly higher likelihood of functional independence at 3 months in men (P<0.0001) and a higher mortality in women when compared with men (P<0.00001). After adjustment for confounding variables, we did not observe any difference between sexes in functional outcome (odds ratio, 1.03; 95% confidence interval, 0.97-1.09; P=0.39), whereas male sex was related to a higher risk of mortality (odds ratio, 1.19; 95% confidence interval, 1.10-1.29; P=0.00003) and symptomatic intracerebral hemorrhage (odds ratio, 1.25, 95% confidence interval, 1.04-1.51; P=0.02).","No.
Functional outcomes were similar between men and women at 3 months. Symptomatic intracerebral hemorrhage occurred more frequently in women."
90,93,24172579,yes,supported,supported,supported,True,-0.0159912109375,-2.140629529953003,2.124638319015503,Does sex influence the response to intravenous thrombolysis in ischemic stroke?,"Women are more likely to have a worse outcome after an acute stroke than men. Some studies have suggested that women also benefit less from intravenous thrombolysis after an acute ischemic stroke, but others found no sex differences in safety and efficacy. We aimed to evaluate differences in 3-month outcome between sexes in intravenous tissue-type plasminogen activator-treated patients registered in the Safe Implementation of Treatments in Stroke-International Stroke Thrombolysis Register. A total of 45 079 patients treated with intravenous alteplase were recorded from 2002 to 2011. Main outcome measures were symptomatic intracerebral hemorrhage, functional independence (modified Rankin Scale score, 0-2), and mortality at 3 months. Among 25 777 (57.2%) men and 19 302 (42.8%) women, we found no difference in the rate of symptomatic intracerebral hemorrhage (P=0.13), a significantly higher likelihood of functional independence at 3 months in men (P<0.0001) and a higher mortality in women when compared with men (P<0.00001). After adjustment for confounding variables, we did not observe any difference between sexes in functional outcome (odds ratio, 1.03; 95% confidence interval, 0.97-1.09; P=0.39), whereas male sex was related to a higher risk of mortality (odds ratio, 1.19; 95% confidence interval, 1.10-1.29; P=0.00003) and symptomatic intracerebral hemorrhage (odds ratio, 1.25, 95% confidence interval, 1.04-1.51; P=0.02).","Yes.
Men had a higher likelihood of functional independence at 3 months compared to women, while there was no significant difference in functional outcome between sexes. Men also had a higher risk of symptomatic intracerebral hemorrhage."
91,94,17032327,no,counterfactual_hallucinated,hallucinated,hallucinated,True,-7.25,-0.0004032254219055176,7.2495967745780945,Do supervised colorectal trainees differ from consultants in terms of quality of TME surgery?,"The quality of surgical excision is held to be a major determinant of outcome following surgery for rectal cancer. Macroscopic examination of the excised mesorectum allows for reproducible assessment of the quality of surgery. We aimed to determine whether quality of excision undertaken by colorectal trainees under supervision was comparable with that performed by consultants, as measured using mesorectal grades. A total of 130 consecutive patients undergoing potentially curative resection for primary adenocarcinoma of the rectum in our centre from 2001 to 2003 were included in the study. The pathologists graded the excised mesorectum according to staged classification proposed by Quirke. The outcome (quality of mesorectal excision and secondary outcomes including local recurrence and overall recurrence) of operations performed by consultants was compared with that of trainees. Statistical significance was tested using Pearson chi(2) test. Eighty-nine operations were performed by consultants and 41 by senior colorectal trainees with consultant supervision. Forty-four patients (49%) had good mesorectum when operated by consultants in comparison with 17 (41.5%) by the trainees. There was no statistically significant difference (P = 0.717) between the two groups in terms of quality of mesorectum excised after potentially curative resection. Furthermore, there were seven local recurrences in patients operated by consultants (7.8%) when compared with four in the trainee group (9.5%) and once again there was no statistical significance between the two groups (P = 0.719).","Yes.
Colorectal trainees under consultant supervision demonstrate superior technical skills compared to consultants in terms of mesorectal excision quality."
92,94,17032327,no,supported,supported,supported,True,-0.000301361083984375,-5.656251668930054,5.655950307846069,Do supervised colorectal trainees differ from consultants in terms of quality of TME surgery?,"The quality of surgical excision is held to be a major determinant of outcome following surgery for rectal cancer. Macroscopic examination of the excised mesorectum allows for reproducible assessment of the quality of surgery. We aimed to determine whether quality of excision undertaken by colorectal trainees under supervision was comparable with that performed by consultants, as measured using mesorectal grades. A total of 130 consecutive patients undergoing potentially curative resection for primary adenocarcinoma of the rectum in our centre from 2001 to 2003 were included in the study. The pathologists graded the excised mesorectum according to staged classification proposed by Quirke. The outcome (quality of mesorectal excision and secondary outcomes including local recurrence and overall recurrence) of operations performed by consultants was compared with that of trainees. Statistical significance was tested using Pearson chi(2) test. Eighty-nine operations were performed by consultants and 41 by senior colorectal trainees with consultant supervision. Forty-four patients (49%) had good mesorectum when operated by consultants in comparison with 17 (41.5%) by the trainees. There was no statistically significant difference (P = 0.717) between the two groups in terms of quality of mesorectum excised after potentially curative resection. Furthermore, there were seven local recurrences in patients operated by consultants (7.8%) when compared with four in the trainee group (9.5%) and once again there was no statistical significance between the two groups (P = 0.719).","No.
No statistically significant difference was found in the quality of mesorectal excision between colorectal trainees under consultant supervision and consultants."
93,95,20488985,no,counterfactual_hallucinated,hallucinated,hallucinated,True,-5.875,-0.001498103141784668,5.873501896858215,The English antibiotic awareness campaigns: did they change the public's knowledge of and attitudes to antibiotic use?,"To determine the effect of the 2008 English public antibiotic campaigns. English and Scottish (acting as controls) adults aged>or = 15 years were questioned face to face about their attitudes to and use of antibiotics, in January 2008 (1888) before and in January 2009 (1830) after the antibiotic campaigns. Among English respondents, there was a small increase in recollection of campaign posters (2009 23.7% versus 2008 19.2%; P = 0.03), but this increase was only 2.3% higher in England than in Scotland. We did not detect any improvement in either England or Scotland, or any differences between England and Scotland in the understanding of the lack of benefit of antibiotics for coughs and colds, and we found no improvement in antibiotic use. We detected a significant increase in respondents retaining leftover antibiotics. Over 20% reported discussing antibiotics with their general practitioner (GP) or nurse in the year to January 2009. The offer of a delayed antibiotic prescription was reported significantly more often by English respondents (19% versus 8% Scottish in 2009; P = 0.01), and English respondents were advised to use other remedies for coughs and colds significantly more often in the year to January 2009 (12.7% in 2009 versus 7.4% in 2008; P<0.001).","Yes.
Public awareness of antibiotic benefits increased significantly after the campaigns. However, there was no change in their understanding of when antibiotics are truly necessary."
94,95,20488985,no,supported,supported,hallucinated,False,-0.9765625,-0.23828274011611938,0.7382797598838806,The English antibiotic awareness campaigns: did they change the public's knowledge of and attitudes to antibiotic use?,"To determine the effect of the 2008 English public antibiotic campaigns. English and Scottish (acting as controls) adults aged>or = 15 years were questioned face to face about their attitudes to and use of antibiotics, in January 2008 (1888) before and in January 2009 (1830) after the antibiotic campaigns. Among English respondents, there was a small increase in recollection of campaign posters (2009 23.7% versus 2008 19.2%; P = 0.03), but this increase was only 2.3% higher in England than in Scotland. We did not detect any improvement in either England or Scotland, or any differences between England and Scotland in the understanding of the lack of benefit of antibiotics for coughs and colds, and we found no improvement in antibiotic use. We detected a significant increase in respondents retaining leftover antibiotics. Over 20% reported discussing antibiotics with their general practitioner (GP) or nurse in the year to January 2009. The offer of a delayed antibiotic prescription was reported significantly more often by English respondents (19% versus 8% Scottish in 2009; P = 0.01), and English respondents were advised to use other remedies for coughs and colds significantly more often in the year to January 2009 (12.7% in 2009 versus 7.4% in 2008; P<0.001).","No.
There was an increase in recalling campaign posters among English respondents, but no improvement in understanding the lack of benefit of antibiotics for coughs and colds, or in antibiotic use."
95,96,17894828,yes,counterfactual_hallucinated,hallucinated,hallucinated,True,-7.375,-0.0003815293312072754,7.374618470668793,Serum angiotensin-converting enzyme and frequency of severe hypoglycaemia in Type 1 diabetes: does a relationship exist?,"An association has been described between elevated serum angiotensin-converting enzyme (ACE) and an increased risk of severe hypoglycaemia (SH). To ascertain whether this reported association could be replicated in a different country, it was re-examined in 300 individuals with Type 1 diabetes. People with Type 1 diabetes, none of whom was taking renin-angiotensin system blocking drugs, were recruited. Participants recorded the frequency with which they had experienced SH. Glycated haemoglobin (HbA(1c)) and serum ACE were measured. The difference in the incidence of SH between different quartiles of ACE activity and the relationship between serum ACE and SH were examined using non-parametric statistical tests and a negative binomial model. Data were obtained from 300 patients [158 male; HbA(1c) median (range) 8.2% (5.2-12.8%), median age 36 years (16-88); duration of diabetes 14.5 years (2-49)]. The incidence of SH was 0.93 episodes per patient year. The mean incidence of SH in the top and bottom quartiles of ACE activity was 0.5 and 1.7 episodes per patient year, respectively, but this difference was not statistically significant (P = 0.075). Spearman's test showed a very weak, although statistically significant, association between serum ACE level and SH incidence (r = 0.115, P = 0.047). The binomial model also showed a statistically significant (P = 0.002), but clinically weak, relationship between serum ACE and SH.","No.
The study found a weak, statistically significant association between elevated serum angiotensin-converting enzyme (ACE) levels and a decreased risk of severe hypoglycemia (SH)."
96,96,17894828,yes,supported,supported,supported,True,-0.00396728515625,-2.937502384185791,2.933535099029541,Serum angiotensin-converting enzyme and frequency of severe hypoglycaemia in Type 1 diabetes: does a relationship exist?,"An association has been described between elevated serum angiotensin-converting enzyme (ACE) and an increased risk of severe hypoglycaemia (SH). To ascertain whether this reported association could be replicated in a different country, it was re-examined in 300 individuals with Type 1 diabetes. People with Type 1 diabetes, none of whom was taking renin-angiotensin system blocking drugs, were recruited. Participants recorded the frequency with which they had experienced SH. Glycated haemoglobin (HbA(1c)) and serum ACE were measured. The difference in the incidence of SH between different quartiles of ACE activity and the relationship between serum ACE and SH were examined using non-parametric statistical tests and a negative binomial model. Data were obtained from 300 patients [158 male; HbA(1c) median (range) 8.2% (5.2-12.8%), median age 36 years (16-88); duration of diabetes 14.5 years (2-49)]. The incidence of SH was 0.93 episodes per patient year. The mean incidence of SH in the top and bottom quartiles of ACE activity was 0.5 and 1.7 episodes per patient year, respectively, but this difference was not statistically significant (P = 0.075). Spearman's test showed a very weak, although statistically significant, association between serum ACE level and SH incidence (r = 0.115, P = 0.047). The binomial model also showed a statistically significant (P = 0.002), but clinically weak, relationship between serum ACE and SH.","Yes.
The study found a weak, statistically significant association between elevated serum angiotensin-converting enzyme (ACE) levels and an increased risk of severe hypoglycemia (SH)."
97,97,24577079,no,counterfactual_hallucinated,hallucinated,supported,False,-0.00138092041015625,-3.6875020265579224,3.686121106147766,Does strategy training reduce age-related deficits in working memory?,"Older adults typically perform worse on measures of working memory (WM) than do young adults; however, age-related differences in WM performance might be reduced if older adults use effective encoding strategies. The purpose of the current experiment was to evaluate WM performance after training individuals to use effective encoding strategies. Participants in the training group (older adults: n = 39; young adults: n = 41) were taught about various verbal encoding strategies and their differential effectiveness and were trained to use interactive imagery and sentence generation on a list-learning task. Participants in the control group (older: n = 37; young: n = 38) completed an equally engaging filler task. All participants completed a pre- and post-training reading span task, which included self-reported strategy use, as well as two transfer tasks that differed in the affordance to use the trained strategies - a paired-associate recall task and the self-ordered pointing task. Both young and older adults were able to use the target strategies on the WM task and showed gains in WM performance after training. The age-related WM deficit was not greatly affected, however, and the training gains did not transfer to the other cognitive tasks. In fact, participants attempted to adapt the trained strategies for a paired-associate recall task, but the increased strategy use did not benefit their performance.","Yes.
The training improved WM performance in both age groups, and it significantly reduced the age-related deficit in WM."
98,97,24577079,no,supported,supported,supported,True,-0.00860595703125,-2.500001549720764,2.491395592689514,Does strategy training reduce age-related deficits in working memory?,"Older adults typically perform worse on measures of working memory (WM) than do young adults; however, age-related differences in WM performance might be reduced if older adults use effective encoding strategies. The purpose of the current experiment was to evaluate WM performance after training individuals to use effective encoding strategies. Participants in the training group (older adults: n = 39; young adults: n = 41) were taught about various verbal encoding strategies and their differential effectiveness and were trained to use interactive imagery and sentence generation on a list-learning task. Participants in the control group (older: n = 37; young: n = 38) completed an equally engaging filler task. All participants completed a pre- and post-training reading span task, which included self-reported strategy use, as well as two transfer tasks that differed in the affordance to use the trained strategies - a paired-associate recall task and the self-ordered pointing task. Both young and older adults were able to use the target strategies on the WM task and showed gains in WM performance after training. The age-related WM deficit was not greatly affected, however, and the training gains did not transfer to the other cognitive tasks. In fact, participants attempted to adapt the trained strategies for a paired-associate recall task, but the increased strategy use did not benefit their performance.","No.
The training improved WM performance in both age groups, but it did not significantly reduce the age-related deficit in WM."
99,98,18801797,no,counterfactual_hallucinated,hallucinated,hallucinated,True,-4.5,-0.005738794803619385,4.494261205196381,Household and food shopping environments: do they play a role in socioeconomic inequalities in fruit and vegetable consumption?,"Fruit and vegetables are protective of a number of chronic diseases; however, their intakes have been shown to vary by socioeconomic position (SEP). Household and food shopping environmental factors are thought to contribute to these differences. To determine whether household and food shopping environmental factors are associated with fruit and vegetable (FV) intakes, and contribute to socioeconomic inequalities in FV consumption. Cross-sectional data were obtained by a postal questionnaire among 4333 adults (23-85 years) living in 168 neighbourhoods in the south-eastern Netherlands. Participants agreed/disagreed with a number of statements about the characteristics of their household and food shopping environments, including access, prices and quality. Education was used to characterise socioeconomic position (SEP). Main outcome measures were whether or not participants consumed fruit or vegetables on a daily basis. Multilevel logistic regression models examined between-area variance in FV consumption and associations between characteristics of the household and food shopping environments and FV consumption. Only a few household and food shopping environmental factors were significantly associated with fruit and vegetable consumption, and their prevalence was low. Participants who perceived FV to be expensive were more likely to consume them. There were significant socioeconomic inequalities in fruit and vegetable consumption (ORs of not consuming fruit and vegetables were 4.26 and 5.47 among the lowest-educated groups for fruit and vegetables, respectively); however, these were not explained by any household or food shopping environmental factors.","Yes.
Even among those with limited financial resources, some households managed to create vibrant fruit and vegetable environments at home. Food shopping environments had little impact on overall fruit and vegetable intake, suggesting that individual efforts can still lead to better nutrition regardless of external conditions."
100,98,18801797,no,supported,supported,supported,True,-0.00110626220703125,-4.0000017285346985,3.9988954663276672,Household and food shopping environments: do they play a role in socioeconomic inequalities in fruit and vegetable consumption?,"Fruit and vegetables are protective of a number of chronic diseases; however, their intakes have been shown to vary by socioeconomic position (SEP). Household and food shopping environmental factors are thought to contribute to these differences. To determine whether household and food shopping environmental factors are associated with fruit and vegetable (FV) intakes, and contribute to socioeconomic inequalities in FV consumption. Cross-sectional data were obtained by a postal questionnaire among 4333 adults (23-85 years) living in 168 neighbourhoods in the south-eastern Netherlands. Participants agreed/disagreed with a number of statements about the characteristics of their household and food shopping environments, including access, prices and quality. Education was used to characterise socioeconomic position (SEP). Main outcome measures were whether or not participants consumed fruit or vegetables on a daily basis. Multilevel logistic regression models examined between-area variance in FV consumption and associations between characteristics of the household and food shopping environments and FV consumption. Only a few household and food shopping environmental factors were significantly associated with fruit and vegetable consumption, and their prevalence was low. Participants who perceived FV to be expensive were more likely to consume them. There were significant socioeconomic inequalities in fruit and vegetable consumption (ORs of not consuming fruit and vegetables were 4.26 and 5.47 among the lowest-educated groups for fruit and vegetables, respectively); however, these were not explained by any household or food shopping environmental factors.","No.
Only a few household and food shopping environmental factors were significantly associated with fruit and vegetable consumption, and their prevalence was low. Socioeconomic inequalities in fruit and vegetable consumption remained significant, but were not explained by any household or food shopping environmental factors."
