sample_id,source_row_number,pubmed_id,ground_truth_label,research_question,pubmed_abstract_evidence,source_split,selection_seed,base_qwen_prediction,base_qwen_correct,pubmedqa_lora_prediction,pubmedqa_lora_correct,base_result,lora_result,improvement_case
1,2,19608436,yes,Chemical shift MRI: is there any contribution to morphologic evaluation of solid breast masses?,"To investigate the contribution of chemical shift magnetic resonance imaging for assessment of the margins of solid breast masses by benefiting from India ink artifact. Eighty-eight masses in 64 patients were evaluated in T1- and T2-weighted images, dynamic contrast and chemical shift studies according to Breast Imaging Reporting and Data System magnetic resonance lexicon. Subtraction images were automatically obtained by chemical shift imaging and dynamic studies. Each sequence was scored using a scale of 1 to 5 according to its ability to demonstrate margins separate from surrounding parenchyma. Breast parenchyma was evaluated as fatty and dense. The results were compared with the histopathologic results. Twenty-eight (31.8%) of the lesions were localized in fatty breast, and the remaining 60 (68.2%) lesions were localized in dense breast. There were 34 (38.6%) benign and 54 (61.4%) malignant masses. In fatty breast, chemical shift subtraction and T1-weighted images were valuable both for the demonstration and differentiation of benign lesions (P<.05). None of the sequence was valuable for both the demonstration and differentiation of malignant lesions in fatty breasts (P>.05). In dense breasts, chemical shift subtraction and dynamic contrast subtraction images were valuable for both the demonstration and differentiation of benign and malignant lesions. Additional to these sequences, T2-weighted images was also valuable for benign lesions (P<.05).",frozen_controlled_pubmedqa_test,42,maybe,False,yes,True,Wrong,Correct,LoRA fixed Base-Qwen error
2,5,23497210,no,Are women with major depression in pregnancy identifiable in population health data?,"Although record linkage of routinely collected health datasets is a valuable research resource, most datasets are established for administrative purposes and not for health outcomes research. In order for meaningful results to be extrapolated to specific populations, the limitations of the data and linkage methodology need to be investigated and clarified. It is the objective of this study to investigate the differences in ascertainment which may arise between a hospital admission dataset and a dispensing claims dataset, using major depression in pregnancy as an example. The safe use of antidepressants in pregnancy is an ongoing issue for clinicians with around 10% of pregnant women suffer from depression. As the birth admission will be the first admission to hospital during their pregnancy for most women, their use of antidepressants, or their depressive condition, may not be revealed to the attending hospital clinicians. This may result in adverse outcomes for the mother and infant. Population-based de-identified data were provided from the Western Australian Data Linkage System linking the administrative health records of women with a delivery to related records from the Midwives' Notification System, the Hospital Morbidity Data System and the national Pharmaceutical Benefits Scheme dataset. The women with depression during their pregnancy were ascertained in two ways: women with dispensing records relating to dispensed antidepressant medicines with an WHO ATC code to the 3rd level, pharmacological subgroup, 'N06A Antidepressants'; and, women with any hospital admission during pregnancy, including the birth admission, if a comorbidity was recorded relating to depression. From 2002 to 2005, there were 96698 births in WA. At least one antidepressant was dispensed to 4485 (4.6%) pregnant women. There were 3010 (3.1%) women with a comorbidity related to depression recorded on their delivery admission, or other admission to hospital during pregnancy. There were a total of 7495 pregnancies identified by either set of records. Using data linkage, we determined that these records represented 6596 individual pregnancies. Only 899 pregnancies were found in both groups (13.6% of all cases). 80% of women dispensed an antidepressant did not have depression recorded as a comorbidity on their hospital records. A simple capture-recapture calculation suggests the prevalence of depression in this population of pregnant women to be around 16%.",frozen_controlled_pubmedqa_test,42,maybe,False,yes,False,Wrong,Wrong,Both wrong
3,6,12068831,no,Do nontriploid partial hydatidiform moles exist?,"To study whether nontriploid partial hydatidiform moles truly exist. We conducted a reevaluation of pathology and ploidy in 19 putative nontriploid partial hydatidiform moles using standardized histologic diagnostic criteria and repeat flow cytometric testing by the Hedley technique. On review of the 19 moles, 53% (10/19) were diploid nonpartial moles (initially pathologically misclassified), and 37% (7/19) were triploid partial moles (initial ploidy misclassifications). One additional case (5%) was a diploid early complete mole (initially pathologically misclassified).",frozen_controlled_pubmedqa_test,42,maybe,False,yes,False,Wrong,Wrong,Both wrong
4,7,27884344,yes,Do resident's leadership skills relate to ratings of technical skill?,"This study sought to compare general surgery research residents' survey information regarding self-efficacy ratings to their observed performance during a simulated small bowel repair. Their observed performance ratings were based on their leadership skills in directing their assistant. Participants were given 15 min to perform a bowel repair using bovine intestines with standardized injuries. Operative assistants were assigned to help assist with the repair. Before the procedure, participants were asked to rate their expected skills decay, task difficulty, and confidence in addressing the small bowel injury. Interactions were coded to identify the number of instructions given by the participants to the assistant during the repair. Statistical analyses assessed the relationship between the number of directional instructions and participants' perceptions self-efficacy measures. Directional instructions were defined as any dialog by the participant who guided the assistant to perform an action. Thirty-six residents (58.3% female) participated in the study. Participants who rated lower levels of decay in their intraoperative decision-making and small bowel repair skills were noted to use their assistant more by giving more instructions. Similarly, a higher number of instructions correlated with lower perceived difficulty in selecting the correct suture, suture pattern, and completing the entire surgical task.",frozen_controlled_pubmedqa_test,42,maybe,False,yes,True,Wrong,Correct,LoRA fixed Base-Qwen error
5,9,16432652,yes,Transgastric endoscopic splenectomy: is it possible?,"We have previously reported the feasibility of diagnostic and therapeutic peritoneoscopy including liver biopsy, gastrojejunostomy, and tubal ligation by an oral transgastric approach. We present results of per-oral transgastric splenectomy in a porcine model. The goal of this study was to determine the technical feasibility of per-oral transgastric splenectomy using a flexible endoscope. We performed acute experiments on 50-kg pigs. All animals were fed liquids for 3 days prior to procedure. The procedures were performed under general anesthesia with endotracheal intubation. The flexible endoscope was passed per orally into the stomach and puncture of the gastric wall was performed with a needle knife. The puncture was extended to create a 1.5-cm incision using a pull-type sphincterotome, and a double-channel endoscope was advanced into the peritoneal cavity. The peritoneal cavity was insufflated with air through the endoscope. The spleen was visualized. The splenic vessels were ligated with endoscopic loops and clips, and then mesentery was dissected using electrocautery. Endoscopic splenectomy was performed on six pigs. There were no complications during gastric incision and entrance into the peritoneal cavity. Visualization of the spleen and other intraperitoneal organs was very good. Ligation of the splenic vessels and mobilization of the spleen were achieved using commercially available devices and endoscopic accessories.",frozen_controlled_pubmedqa_test,42,maybe,False,yes,True,Wrong,Correct,LoRA fixed Base-Qwen error
6,10,22532370,yes,Are increased carotid artery pulsatility and resistance indexes early signs of vascular abnormalities in young obese males?,"To provide insight into the factors by which obesity in itself may directly lead to early arterial damage, we aimed to determine early sonographic markers of obesity-related vascular dysfunction in young obese males. Thirty-five young obese males and 23 age-matched healthy male volunteers were recruited into the study. Common carotid artery pulsatility index and resistance index were calculated from blood flow velocities curves obtained by pulsed Doppler ultrasonography. The mean pulsatility index, resistance index, body mass index, waist circumference, systolic and diastolic blood pressure, homeostasis model assessment for insulin resistance, plasma fasting glucose, insulin, C-peptide, triglycerides, low-density lipoprotein cholesterol, and high-sensitivity C-reactive protein were statistically higher in obese subjects than in healthy controls.",frozen_controlled_pubmedqa_test,42,maybe,False,yes,True,Wrong,Correct,LoRA fixed Base-Qwen error
7,11,21739621,yes,"Does obesity predict knee pain over fourteen years in women, independently of radiographic changes?","To examine longitudinal patterns in body mass index (BMI) over 14 years and its association with knee pain in the Chingford Study. We studied a total of 594 women with BMI data from clinic visits at years (Y) 1, 5, 10, and 15. Knee pain at Y15 was assessed by questionnaire. Associations between BMI over 14 years and knee pain at Y15 were examined using logistic regression. BMI significantly increased from Y1 to Y15 (P<0.0005) with medians (interquartile ranges) of 24.5 kg/m(2)  (22.5-27.2 kg/m(2) ) and 26.5 kg/m(2)  (23.9-30.1 kg/m(2) ), respectively. At Y15, 45.1% of subjects had knee pain. A greater BMI at Y1 (odds ratio [OR] 1.34, 95% confidence interval [95% CI]1.05-1.69), at Y15 (OR 1.34, 95% CI 1.10-1.61), and change in BMI over 15 years (OR 1.40, 95% CI 1.00-1.93) were significant predictors of knee pain at Y15 (P<0.05). BMI change was associated with bilateral (OR 1.61, 95% CI 1.05-1.76, P = 0.024) but not unilateral knee pain (OR 1.22, 95% CI 0.73-1.76, P = 0.298). The association between BMI change and knee pain was independent of radiographic knee osteoarthritis (OA). The strength of association between BMI and knee pain at Y15 was similar during followup measurements.",frozen_controlled_pubmedqa_test,42,maybe,False,yes,True,Wrong,Correct,LoRA fixed Base-Qwen error
8,12,20130378,no,Is low birth weight a risk indicator for congenital cytomegalovirus infection?,"Congenital cytomegalovirus infection is currently the leading cause of congenital infection in 0.2-2.2% of live births worldwide leading to variable serious sequalae. The aim of the study was to determine if low birth weight is an indicator of CMV congenital infection evidenced by detecting CMV-DNA in umbilical cord blood at the time of delivery. CMV-IgG and IgM antibodies and CMV-DNAemia were assessed in umbilical cord blood of two hundreds newborns, one hundred of whom had birth weight<or = 2700 gram and/or head circumference<or = 32 cm. CMV-IgM was not detected, while CMV-IgG was positive in 80-90% of the two hundreds tested newborns. CMV-DNA was detected in four out of the 200 newborns. One of them was over the adopted weight limit (>2700 gram).",frozen_controlled_pubmedqa_test,42,maybe,False,no,True,Wrong,Correct,LoRA fixed Base-Qwen error
9,14,24359102,yes,Two-year follow-up survey of patients with allergic contact dermatitis from an occupational cohort: is the prognosis dependent on the omnipresence of the allergen?,"Skin diseases are the most frequently recognized occupational diseases in Denmark. The prognosis for occupational contact dermatitis is often poor. To investigate the prognosis, assessed by eczema, job status and skin-related quality of life, among patients allergic to rubber chemicals and latex (ubiquitous allergens) and epoxy (nonubiquitous allergen), 2 years after recognition of occupational allergic contact dermatitis. From a cohort of all patients recognized as having occupational dermatitis by the Danish National Board of Industrial Injuries in 2010, 199 patients with relevant rubber allergy (contact allergy to rubber chemicals or contact urticaria from latex) or epoxy allergy were identified. Follow-up consisted of a questionnaire covering current severity of eczema, employment, exposure and quality of life. The response rate was 75%. Clearance of eczema was reported by 11% of patients and 67% reported improvement. Overall 22% of patients with allergy to a nonubiquitous allergen had total clearance of eczema compared with 10% of cases allergic to ubiquitous allergens and 0% of those with contact urticaria (P = 0·116). Improvement was significantly more frequent in those who had changed jobs compared with those who had not (P = 0·01).",frozen_controlled_pubmedqa_test,42,maybe,False,no,False,Wrong,Wrong,Both wrong
10,20,21669959,yes,Secondhand smoke risk in infants discharged from an NICU: potential for significant health disparities?,"Secondhand smoke exposure (SHSe) threatens fragile infants discharged from a neonatal intensive care unit (NICU). Smoking practices were examined in families with a high respiratory risk infant (born at very low birth weight; ventilated>12 hr) in a Houston, Texas, NICU. Socioeconomic status, race, and mental health status were hypothesized to be related to SHSe and household smoking bans. Data were collected as part of The Baby's Breath Project, a hospital-based SHSe intervention trial targeting parents with a high-risk infant in the NICU who reported a smoker in the household (N = 99). Measures of sociodemographics, smoking, home and car smoking bans, and depression were collected. Overall, 26% of all families with a high-risk infant in the NICU reported a household smoker. Almost half of the families with a smoker reported an annual income of less than $25,000. 46.2% of families reported having a total smoking ban in place in both their homes and cars. Only 27.8% families earning less than $25,000 reported having a total smoking ban in place relative to almost 60% of families earning more (p<.01). African American and Caucasian families were less likely to have a smoking ban compared with Hispanics (p<.05). Mothers who reported no smoking ban were more depressed than those who had a household smoking ban (p<.02).",frozen_controlled_pubmedqa_test,42,maybe,False,yes,True,Wrong,Correct,LoRA fixed Base-Qwen error
11,22,22972546,no,Do approved doctors and medical referees in the UK agree when assessing a seafarer's fitness?,"The seafaring industry remains a hazardous occupation that requires sophisticated systems of risk and fitness assessment. This study aims to investigate the extent of agreement between Approved Doctors (ADs) and Medical Referees (MRs) when they assess a seafarer's fitness. Between 2003 and 2009 a total of 232,878 seafarer medical examinations were carried out by ADs, of which 465 were considered by the MRs because the seafarer appealed against the AD's decision. The extent of agreement between ADs and MRs was studied. Two hundred and sixty-eight (58%) cases seen by the ADs were classed as category 4 ""permanently unfit""; the referees only placed 85 (18%) of them in this category. On the other hand, 252 (54%) cases seen by the MRs were classed as category 2 ""fit with restrictions"", while the ADs had only placed 111 (24%) in this category. The overall agreement between the assessors (AD vs. MR) was poor (Kappa K = 0.18). For cardiovascular diseases and for mental ill-health, access to additional information by the MR was the commonest reason for changing the fitness category, but for all other conditions factors such as the experience and knowledge of the MRs or their different interpretation of the standards were the most frequent reasons for a change to fitness category or to restrictions.",frozen_controlled_pubmedqa_test,42,maybe,False,no,True,Wrong,Correct,LoRA fixed Base-Qwen error
12,23,16772913,yes,A comparison of 500 prefilled textured saline breast implants versus 500 standard textured saline breast implants: is there a difference in deflation rates?,"This study provides the first large-volume (1000 implant) comparison of the deflation rates of Poly Implant Prosthesis prefilled textured saline breast implants versus a control group of Mentor Siltex textured saline implants. A consecutive series of 500 Poly Implant Prosthesis prefilled textured saline breast implants was compared with a consecutive series of 500 Mentor Siltex breast implants. Each breast implant was evaluated for a 4-year period, and the annual deflation rate (number of deflations during a given year divided by the total number of implants) and cumulative deflation rate (cumulative total of deflations through a given year divided by the total number of implants) were recorded. Statistical significance was calculated using the Fisher's exact test at year 1 and the chi-square analysis at years 2 through 4. The cumulative deflation rates of the Poly Implant Prosthesis implants was as follows: year 1, 1.2 percent; year 2, 5.6 percent; year 3, 11.4 percent; and year 4, 15.4 percent. The cumulative deflation rates of the Mentor implants was: year 1, 0.2 percent; year 2, 0.6 percent; year 3, 1.6 percent; and year 4, 4.4 percent. At year 1, the difference between deflation rates was not statistically significant (Fisher's exact test, p>0.05). However, at year 2 (chi-square, 13.29; p<0.001), year 3 (chi-square, 37.91; p<0.001), and year 4 (chi-square, 32.69; p<0.001), the difference was statistically significant.",frozen_controlled_pubmedqa_test,42,maybe,False,yes,True,Wrong,Correct,LoRA fixed Base-Qwen error
13,24,26548832,yes,Assessing Patient Reported Outcomes Measures via Phone Interviews Versus Patient Self-Survey in the Clinic: Are We Measuring the Same Thing?,"Longitudinally following patients requires a full-time employee (FTE)-dependent data inflow infrastructure. There are efforts to capture patient-reported outcomes (PROs) by the use of non-FTE-dependent methodologies. In this study, we set out to assess the reliability of PRO data captured via FTE-dependent compared with non-FTE-dependent methodologies. A total of 119 adult patients (65 men) who underwent 1-and 2-level lumbar fusions at Duke University Medical Center were enrolled in this prospective study. Enrollment criteria included available demographic, clinical, and PRO data. All patients completed 2 sets of questionnaires--the first a phone interviews and the second a self-survey. There was at least a 2-week period between the phone interviews and self-survey. Questionnaires included the Oswestry Disability Index (ODI), the visual analog scale for back pain (VAS-BP), and the visual analog scale for leg pain (VAS-LP). Repeated-measures analysis of variance was used to compare the reliability of baseline PRO data captured. A total of 39.49% of patients were smokers, 21.00% had diabetes, and 11.76% had coronary artery disease; 26.89% reported history of anxiety disorder, and 28.57% reported history of depression. A total of 97.47% of patients had a high-school diploma or General Education Development, and 49.57% attained a 4-year college degree or postgraduate degree. We observed a high correlation between baseline PRO data captured between FTE-dependent versus non-FTE dependent methodologies (ODI: r = -0.89, VAS-BP: r = 0.74, VAS-LP: r = 0.70). There was no difference in PROs of baseline pain and functional disability between FTE-dependent and non-FTE-dependent methodologies: baseline ODI (FTE-dependent: 47.73 ± 16.77 [mean ± SD] vs. non-FTE-dependent: 45.81 ± 12.11, P = 0.39), VAS-LP (FTE-dependent: 6.13 ± 2.78 vs. non-FTE-dependent: 6.46 ± 2.79, P = 0.36) and VAS-BP (FTE-dependent: 6.33 ± 2.90 vs. non-FTE-dependent: 6.53 ± 2.48, P = 0.57).",frozen_controlled_pubmedqa_test,42,maybe,False,yes,True,Wrong,Correct,LoRA fixed Base-Qwen error
14,25,11053064,no,Fatigue in primary Sjögren's syndrome: is there a link with the fibromyalgia syndrome?,"To determine whether fibromyalgia (FM) is more common in patients with primary Sjögren's syndrome (pSS) who complain of fatigue. The association and prevalence of fatigue and FM was recorded in a group of patients with pSS and a control group of lupus patients, a subset of whom had secondary Sjögren's syndrome (sSS). 74 patients with pSS and 216 patients with lupus were assessed with a questionnaire to identify the presence of fatigue and generalised pain. From the lupus group, in a subset of 117 lupus patients (from the Bloomsbury unit) those with sSS were identified. All patients were studied for the presence of FM. 50 of 74 patients with pSS (68%) reported fatigue-a prevalence significantly higher than in the lupus group (108/216 (50%); p<0.0087). Fatigue was present in 7/13 (54%) patients with SLE/sSS. FM was present in 9/74 patients with pSS (12%), compared with 11/216 lupus patients (5%), and in none of the patients with SLE/sSS. None of these values corresponds with previously reported figures of the incidence of FM in pSS.",frozen_controlled_pubmedqa_test,42,maybe,False,yes,False,Wrong,Wrong,Both wrong
15,27,25592625,no,Is cardiovascular evaluation necessary prior to and during beta-blocker therapy for infantile hemangiomas?,"Although consensus guidelines for pretreatment evaluation and monitoring of propranolol therapy in patients with infantile hemangiomas (IH) have been formulated, little is known about the cardiovascular side effects. We sought to analyze cardiovascular evaluations in patients with IH at baseline and during treatment with an oral beta-blocker. Data from 109 patients with IH were retrospectively analyzed. Patient and family history, pretreatment electrocardiogram (ECG), heart rate, and blood pressure were evaluated before initiation of beta-blocker therapy. Blood pressure and standardized questionnaires addressing side effects were evaluated during treatment. Questionnaire analyses (n = 83) identified 3 cases with a family history of cardiovascular disease in first-degree relatives. ECG findings were normal in each case and no serious complication of therapy occurred. ECG abnormalities were found in 6.5% of patients but there were no contraindications to beta-blocker therapy and no major complications. Hypotension in 9 patients did not require therapy adjustment. In all, 88 parents (81%) reported side effects during beta-blocker treatment. The relatively small patient cohort is a limitation.",frozen_controlled_pubmedqa_test,42,maybe,False,no,True,Wrong,Correct,LoRA fixed Base-Qwen error
16,28,9550200,yes,Does lunar position influence the time of delivery?,"To study the relationship between lunar position and the day of delivery; to investigate the synodic distribution of spontaneous deliveries, especially in relation to the presence of a full moon. Retrospective analysis of 1248 spontaneous full-term deliveries in three-year period (36 lunar months), setted at Department of Obstetrics and Gynaecology, Civil Hospital, Fano (Marche, Italy), using circular statistics techniques. A connection between the distribution of spontaneous full-term deliveries and the lunar month was found. The effect of the phases of the moon seems to be particularly relevant in multiparae and plurigravidae; in these cases, the mean day of delivery corresponds to the first or second day after the full moon.",frozen_controlled_pubmedqa_test,42,maybe,False,yes,True,Wrong,Correct,LoRA fixed Base-Qwen error
17,30,26867834,yes,Is Alveolar Macrophage Phagocytic Dysfunction in Children With Protracted Bacterial Bronchitis a Forerunner to Bronchiectasis?,"Children with recurrent protracted bacterial bronchitis (PBB) and bronchiectasis share common features, and PBB is likely a forerunner to bronchiectasis. Both diseases are associated with neutrophilic inflammation and frequent isolation of potentially pathogenic microorganisms, including nontypeable Haemophilus influenzae (NTHi), from the lower airway. Defective alveolar macrophage phagocytosis of apoptotic bronchial epithelial cells (efferocytosis), as found in other chronic lung diseases, may also contribute to tissue damage and neutrophil persistence. Thus, in children with bronchiectasis or PBB and in control subjects, we quantified the phagocytosis of airway apoptotic cells and NTHi by alveolar macrophages and related the phagocytic capacity to clinical and airway inflammation. Children with bronchiectasis (n = 55) or PBB (n = 13) and control subjects (n = 13) were recruited. Alveolar macrophage phagocytosis, efferocytosis, and expression of phagocytic scavenger receptors were assessed by flow cytometry. Bronchoalveolar lavage fluid interleukin (IL) 1β was measured by enzyme-linked immunosorbent assay. For children with PBB or bronchiectasis, macrophage phagocytic capacity was significantly lower than for control subjects (P = .003 and P<.001 for efferocytosis and P = .041 and P = .004 for phagocytosis of NTHi; PBB and bronchiectasis, respectively); median phagocytosis of NTHi for the groups was as follows: bronchiectasis, 13.7% (interquartile range [IQR], 11%-16%); PBB, 16% (IQR, 11%-16%); control subjects, 19.0% (IQR, 13%-21%); and median efferocytosis for the groups was as follows: bronchiectasis, 14.1% (IQR, 10%-16%); PBB, 16.2% (IQR, 14%-17%); control subjects, 18.1% (IQR, 16%-21%). Mannose receptor expression was significantly reduced in the bronchiectasis group (P = .019), and IL-1β increased in both bronchiectasis and PBB groups vs control subjects.",frozen_controlled_pubmedqa_test,42,maybe,False,yes,True,Wrong,Correct,LoRA fixed Base-Qwen error
18,31,22303473,no,Does a family meetings intervention prevent depression and anxiety in family caregivers of dementia patients?,"Family caregivers of dementia patients are at increased risk of developing depression or anxiety. A multi-component program designed to mobilize support of family networks demonstrated effectiveness in decreasing depressive symptoms in caregivers. However, the impact of an intervention consisting solely of family meetings on depression and anxiety has not yet been evaluated. This study examines the preventive effects of family meetings for primary caregivers of community-dwelling dementia patients. A randomized multicenter trial was conducted among 192 primary caregivers of community dwelling dementia patients. Caregivers did not meet the diagnostic criteria for depressive or anxiety disorder at baseline. Participants were randomized to the family meetings intervention (n = 96) or usual care (n = 96) condition. The intervention consisted of two individual sessions and four family meetings which occurred once every 2 to 3 months for a year. Outcome measures after 12 months were the incidence of a clinical depressive or anxiety disorder and change in depressive and anxiety symptoms (primary outcomes), caregiver burden and quality of life (secondary outcomes). Intention-to-treat as well as per protocol analyses were performed. A substantial number of caregivers (72/192) developed a depressive or anxiety disorder within 12 months. The intervention was not superior to usual care either in reducing the risk of disorder onset (adjusted IRR 0.98; 95% CI 0.69 to 1.38) or in reducing depressive (randomization-by-time interaction coefficient = -1.40; 95% CI -3.91 to 1.10) or anxiety symptoms (randomization-by-time interaction coefficient = -0.55; 95% CI -1.59 to 0.49). The intervention did not reduce caregiver burden or their health related quality of life.",frozen_controlled_pubmedqa_test,42,no,True,no,True,Correct,Correct,Both correct
19,33,24074624,no,Is intensive monitoring during the first transfusion in pediatric patients necessary?,"Some pediatric patients, typically those that are very young or felt to be especially sick are temporarily admitted to the intensive care unit (ICU) for observation during their first transfusion. If a significant reaction that requires ICU management does not occur, these patients are then transferred to a regular ward where future blood products are administered. The aim of this project was to determine if heightened observation such as temporary ICU admissions for the first transfusion are warranted. From the blood bank records of a tertiary care pediatric hospital, a list of patients on whom a transfusion reaction was reported between 2007 and 2012, the type of reaction and the patient's transfusion history, were extracted. The hospital location where the transfusion occurred, and whether the patient was evaluated by the ICU team or transferred to the ICU for management of the reaction was determined from the patient's electronic medical record. There were 174 acute reactions in 150 patients. Of these 150 patients, 13 (8.7%) different patients experienced a reaction during their first transfusion; all 13 patients experienced clinically mild reactions (8 febrile non-hemolytic, 4 mild allergic, and 1 patient who simultaneously had a mild allergic and a febrile non-hemolytic), and none required ICU management. Six severe reactions (6 of 174, 3.4%) involving significant hypotension and/or hypoxia that required acute and intensive management occurred during subsequent (i.e. not the first) transfusion in six patients.",frozen_controlled_pubmedqa_test,42,maybe,False,no,True,Wrong,Correct,LoRA fixed Base-Qwen error
20,34,15280782,no,Is unsafe sexual behaviour increasing among HIV-infected individuals?,"The number of new diagnoses of HIV infection is rising in the northwestern hemisphere and it is becoming increasingly important to understand the mechanisms behind this trend. To evaluate whether reported unsafe sexual behaviour among HIV- infected individuals is changing over time. Participants in the Swiss HIV Cohort Study were asked about their sexual practices every 6 months for 3 years during regular follow-up of the cohort beginning on 1 April 2000. : Logistic regression models were fit using generalized estimating equations assuming a constant correlation between responses from the same individual. At least one sexual behaviour questionnaire was obtained for 6545 HIV-infected individuals and the median number of questionnaires completed per individual was five. There was no evidence of an increase in reported unsafe sex over time in this population [odds ratio (OR), 1.0; 95% confidence interval (CI), 0.96-1.05]. Females (OR, 1.38; 95% CI, 1.19-1.60), 15-30 year olds (OR, 1.26; 95% CI, 1.09-1.47), those with HIV-positive partners (OR, 12.58; 95% CI, 10.84-14.07) and those with occasional partners (OR, 3.25; 95% CI, 2.87-3.67) were more likely to report unsafe sex. There was no evidence of a response bias over time, but individuals were less willing to leave questions about their sexual behaviour unanswered or ambiguous (OR, 0.93; 95% CI, 0.90-0.97).",frozen_controlled_pubmedqa_test,42,maybe,False,no,True,Wrong,Correct,LoRA fixed Base-Qwen error
21,36,15841770,yes,Do inhaled steroids differ from cromones in terms of hospital admission rates for asthma in children?,"Annual data on children aged under 16 y treated for asthma, including consumption of regular medication for asthma, numbers of hospital periods, lengths of hospitalizations and annual proportions of readmissions, were collected using patient-specific medical records from 1995 to 1999. In the Kuopio province, on average, 35.6-36.7/1000 children were on maintenance for asthma, of which 23% were receiving cromones, 51% were taking inhaled steroids and 26% were treated with cromones plus intermittent steroids. In the Oulu province, the respective prevalence was 32.7-34.9/1000, and the respective proportions were 5%, 93% and 2%. Total and first admissions, as well as hospital days were clearly less in the Oulu province. In the children aged>or = 6y, the average annual total admissions were 0.3/1000 (Oulu) vs 1.2/1000 (Kuopio) (p<0.001). Similarly, the first admissions were 0.2/1000 vs 1.0/1000 (p<0.001), proportions of readmissions 6.3% vs 19.3% (p<0.05), and numbers of hospital days 0.7/1000 vs 3.8/1000 (p<0.001). The differences were in the same direction, though less prominent, also among children 2-5 y of age.",frozen_controlled_pubmedqa_test,42,maybe,False,yes,True,Wrong,Correct,LoRA fixed Base-Qwen error
22,37,14713788,yes,Is year of radical prostatectomy a predictor of outcome in prostate cancer?,"We examined whether the year in which radical prostatectomy (RP) was performed is a predictor of treatment outcome after controlling for standard prognostic factors. We examined the association between RP year and outcome in 6,556 patients from 7 centers using preoperative and pathological features. Patients underwent surgery between 1985 and 2000. The variables analyzed were RP year, clinical stage, pretreatment prostate specific antigen, biopsy Gleason sum, RP Gleason sum, margin status, level of extracapsular extension, seminal vesicle status, lymph node status, neoadjuvant hormones and adjuvant therapy. Median followup was 23 months (maximum 166). Separate Cox multivariate regression analyses were performed to analyze preoperative and postoperative factors. RP year was a predictor of outcome on preoperative analysis (p = 0.006) but not on postoperative analysis (p = 0.130). Patient outcome steadily improved with surgery through the mid 1990s and then it appeared to level off.",frozen_controlled_pubmedqa_test,42,maybe,False,yes,True,Wrong,Correct,LoRA fixed Base-Qwen error
23,40,16678696,no,Continuity of care experience of residents in an academic vascular department: are trainees learning complete surgical care?,"It is widely accepted that exemplary surgical care involves a surgeon's involvement in the preoperative, perioperative, and postoperative periods. In an era of ever-expanding therapeutic modalities available to the vascular surgeon, it is important that trainees gain experience in preoperative decision-making and how this affects a patient's operative and postoperative course. The purpose of this study was to define the current experience of residents on a vascular surgery service regarding the continuity of care they are able to provide for patients and the factors affecting this experience. This prospective cohort study was approved by the Institutional Review Board and conducted at the University of British Columbia during January 2005. All patients who underwent a vascular procedure at either of the two teaching hospitals were included. In addition to type of case (emergent, outpatient, inpatient), resident demographic data and involvement in each patient's care (preoperative assessment, postoperative daily assessment, and follow-up clinic assessment) were recorded. Categoric data were analyzed with the chi2 test. The study included 159 cases, of which 65% were elective same-day admission patients, 20% were elective previously admitted patients; and 15% were emergent. The overall rate of preoperative assessment was 67%, involvement in the decision to operate, 17%; postoperative assessment on the ward, 79%; and patient follow-up in clinic, 3%. The rate of complete in-hospital continuity of care (assessing patient pre-op and post-op) was 57%. Emergent cases were associated with a significantly higher rate of preoperative assessment (92% vs 63%, P<.05). For elective cases admitted before the day of surgery compared with same-day admission patients, the rates of preoperative assessment (78% vs 58%, P<.05) and involvement in the decision to operate (16% vs 4%, P<.05) were significantly higher.",frozen_controlled_pubmedqa_test,42,maybe,False,no,True,Wrong,Correct,LoRA fixed Base-Qwen error
24,42,12377809,yes,Is anorectal endosonography valuable in dyschesia?,"Dyschesia can be provoked by inappropriate defecation movements. The aim of this prospective study was to demonstrate dysfunction of the anal sphincter and/or the musculus (m.) puborectalis in patients with dyschesia using anorectal endosonography. Twenty consecutive patients with a medical history of dyschesia and a control group of 20 healthy subjects underwent linear anorectal endosonography (Toshiba models IUV 5060 and PVL-625 RT). In both groups, the dimensions of the anal sphincter and the m. puborectalis were measured at rest, and during voluntary squeezing and straining. Statistical analysis was performed within and between the two groups. The anal sphincter became paradoxically shorter and/or thicker during straining (versus the resting state) in 85% of patients but in only 35% of control subjects. Changes in sphincter length were statistically significantly different (p<0.01, chi(2) test) in patients compared with control subjects. The m. puborectalis became paradoxically shorter and/or thicker during straining in 80% of patients but in only 30% of controls. Both the changes in length and thickness of the m. puborectalis were significantly different (p<0.01, chi(2) test) in patients versus control subjects.",frozen_controlled_pubmedqa_test,42,yes,True,yes,True,Correct,Correct,Both correct
25,44,20497880,no,Is transurethral catheterisation the ideal method of bladder drainage?,"Bladder catheterisation is a routine part of major abdominal surgery. Transurethral catheterisation is the most common method of bladder drainage but is also notorious for its discomfort and increased risk of urinary tract infection. The present study aimed to establish patient satisfaction with transurethral catheterisation and to assess the incidence of clinically significant urinary tract infections after transurethral catheterisation through survey. All patients who underwent major open abdominal surgery between October 2006 and December 2008 and required standard transurethral bladder catheterisation, were asked to participate in the study. Fifty patients were recruited. Male patients were more dissatisfied than their female counterparts with transurethral catheterisation (satisfaction score: 4.18/10 vs. 2.75/10; p = 0.05). Male patients had more than double the score for pain at the urinary meatus with the catheter in situ (p =0.012) and during urine catheter removal (p = 0.013). Half the patients in the study also had symptoms of urinary tract infection after catheter removal.",frozen_controlled_pubmedqa_test,42,maybe,False,no,True,Wrong,Correct,LoRA fixed Base-Qwen error
26,45,19575307,no,Does glomerular hyperfiltration in pregnancy damage the kidney in women with more parities?,"We aimed to investigate the glomerular hyperfiltration due to pregnancy in women with more parities. Five hundred women aged 52.57 +/- 8.08 years, without a history of hypertension, diabetes mellitus or complicated pregnancy were involved in the study. They were divided into three groups. Group 1: women with no or one parity (n = 76); group 2: women with two or three parities (n = 333); group 3: women with four or more parities (n = 91). Laboratory parameters and demographical data were compared between the three groups. Mean age, serum urea and serum creatinine were similar between three groups. Patients in group 3 had significantly higher GFR values compared to groups 1 and 2 (109.44 +/- 30.99, 110.76 +/- 30.22 and 121.92 +/- 34.73 mL/min/1.73 m(2) for groups 1, 2 and 3, respectively; P = 0.008 for group 1 vs group 3; P = 0.002 for group 2 vs group 3).",frozen_controlled_pubmedqa_test,42,maybe,False,yes,False,Wrong,Wrong,Both wrong
27,49,14612308,no,Can PRISM predict length of PICU stay?,"PRISM is claimed to score disease severity which has attributed an impact on length of PICU stay (LOS). To determine the impact of PRISM on LOS, and evaluate an Artificial Neural Network's (ANN) performance to estimate LOS from PRISM item patterns. Retrospectively we performed correlation and regression analyses on routinely scored PRISM data of all consecutive admissions to our level-III PICU from 1994 to 1999 (n>2000) with individual LOS. In addition, an ANN was trained on the chronologically first 75% of those data (inputs, PRISM items + age + sex; output, LOS). The ANN's performance was tested on the remaining most recent 25% of the data sets. The Spearman and Pearson coefficients of correlation between PRISM and LOS were 0.2 (p<0.001) and 0.08 (p = 0.0003), the latter being slightly higher when LOS was logarithmically transformed. Pearson's coefficient of correlation between ANN derived LOS estimate and actual LOS was 0.21 (p<0.001) (LOS logarithmically transformed: 0.34; p<0.001) in the independent validation sample.",frozen_controlled_pubmedqa_test,42,maybe,False,yes,False,Wrong,Wrong,Both wrong
28,50,28196511,no,"Antiretroviral therapy related adverse effects: Can sub-Saharan Africa cope with the new ""test and treat"" policy of the World Health Organization?","Recent studies have shown that early antiretroviral therapy (ART) initiation results in significant HIV transmission reduction. This is the rationale behind the ""test and treat"" policy of the World Health Organization (WHO). Implementation of this policy will lead to an increased incidence of ART-related adverse effects, especially in sub-Saharan Africa (SSA). Is the region yet ready to cope with such a challenging issue? The introduction and widespread use of ART have drastically changed the natural history of HIV/AIDS, but exposure to ART leads to serious medication-related adverse effects mainly explained by mitochondrial toxicities, and the situation will get worse in the near future. Indeed, ART is associated with an increased risk of developing cardiovascular disease, lipodystrophy, prediabetes and overt diabetes, insulin resistance and hyperlactatemia/lactic acidosis. The prevalence of these disorders is already high in SSA, and the situation will be exacerbated by the implementation of the new WHO recommendations. Most SSA countries are characterized by (extreme) poverty, very weak health systems, inadequate and low quality of health services, inaccessibility to existing health facilities, lack of (qualified) health personnel, lack of adequate equipment, inaccessibility and unaffordability of medicines, and heavy workload in a context of a double burden of disease. Additionally, there is dearth of data on the incidence and predictive factors of ART-related adverse effects in SSA, to anticipate on strategies that should be put in place to prevent the occurrence of these conditions or properly estimate the upcoming burden and prepare an adequate response plan. These are required if we are to anticipate and effectively prevent this upcoming burden.",frozen_controlled_pubmedqa_test,42,maybe,False,no,True,Wrong,Correct,LoRA fixed Base-Qwen error
29,51,22644412,yes,Hepatic arterial embolization for unresectable hepatocellular carcinomas: do technical factors affect prognosis?,"To evaluate retrospectively whether technical factors of hepatic arterial embolization affect the prognosis of patients with hepatocellular carcinoma (HCC). Inclusion criteria of this study were the following: (1) patients received embolization as the initial treatment during 2003-2004, (2) Child A or B liver profile, (3) five or fewer HCCs with maximum diameter of 7 cm or smaller, and (4) no extrahepatic metastasis. Patient data were gathered from 43 centers. Prognostic factors were evaluated using univariate and multivariate analyses. Eight hundred fifteen patients were enrolled. The 1-, 3-, 5-, and 7-year overall survival rates were 92.0 % (95 % CI 90.1-93.9), 62.9 % (95 % CI 59.3-66.6), 39.0 % (95 % CI 35.1-43.0), and 26.7 % (95 % CI 22.6-30.8) in all patients. Univariate analysis showed a Child-Pugh class-A, alpha-fetoprotein level lower than 100 ng/ml, tumor size of 3 cm or smaller, tumor number of 3 or fewer, one-lobe tumor distribution, nodular tumor type, within the Milan criteria, stage I or II, no portal venous invasion, use of iodized oil, and selective embolization were significantly better prognostic factors. In the multivariate Cox model, the benefit to survival of selective embolization remained significant (hazard ratio 0.68; 95 % CI 0.48-0.97; p = 0.033).",frozen_controlled_pubmedqa_test,42,maybe,False,yes,True,Wrong,Correct,LoRA fixed Base-Qwen error
30,52,24237112,yes,Do provider service networks result in lower expenditures compared with HMOs or primary care case management in Florida's Medicaid program?,"To determine the impact of Florida's Medicaid Demonstration 4 years post-implementation on per member per month (PMPM) Medicaid expenditures and whether receiving care through HMOs versus provider service networks (PSNs) in the Demonstration was associated with PMPM expenditures.DATA: Florida Medicaid claims from two fiscal years prior to implementation of the Demonstration (FY0405, FY0506) and the first four fiscal years after implementation (FY0607-FY0910) from two urban Demonstration counties and two urban non-Demonstration counties. A difference-in-difference approach was used to compare changes in enrollee expenditures before and after implementation of the Demonstration overall and specifically for HMOs and PSNs. Claims data were extracted for enrollees in the Demonstration and non-Demonstration counties and collapsed into monthly amounts (N = 26,819,987 person-months). Among SSI enrollees, the Demonstration resulted in lower increases in PMPM expenditures over time ($40) compared with the non-Demonstration counties ($186), with Demonstration PSNs lowering PMPM expenditures by $7 more than HMOs. Savings were also seen among TANF enrollees but to a lesser extent.",frozen_controlled_pubmedqa_test,42,maybe,False,yes,True,Wrong,Correct,LoRA fixed Base-Qwen error
31,53,20304513,no,Is (18)F-FDG a surrogate tracer to measure tumor hypoxia?,"Fluorodeoxyglucose (FDG) has been reported as a surrogate tracer to measure tumor hypoxia with positron emission tomography (PET). The hypothesis is that there is an increased uptake of FDG under hypoxic conditions secondary to enhanced glycolysis, compensating the hypoxia-induced loss of cellular energy production. Several studies have already addressed this issue, some with conflicting results. This study aimed to compare the tracers (14)C-EF3 and (18)F-FDG to detect hypoxia in mouse tumor models. C3H, tumor-bearing mice (FSAII and SCCVII tumors) were injected iv with (14)C-EF3, and 1h later with (18)F-FDG. Using a specifically designed immobilization device with fiducial markers, PET (Mosaic®, Philips) images were acquired 1h after the FDG injection. After imaging, the device containing mouse was frozen, transversally sliced and imaged with autoradiography (AR) (FLA-5100, Fujifilm) to obtain high resolution images of the (18)F-FDG distribution within the tumor area. After a 48-h delay allowing for (18)F decay a second AR was performed to image (14)C-EF3 distribution. AR images were aligned to reconstruct the full 3D tumor volume, and were compared with the PET images. Image segmentation with threshold-based methods was applied on both AR and PET images to derive various tracer activity volumes. The matching index DSI (dice similarity index) was then computed. The comparison was performed under normoxic (ambient air n=4, SCCVII, n=5) and under hypoxic conditions (10% O(2) breathing n=4). On AR, under both ambient air and hypoxic conditions, there was a decreasing similarity between (14)C-EF3 and FDG with higher activity sub-volumes. Under normoxic conditions, when comparing the 10% of tumor voxels with the highest (18)F-FDG or (14)C-EF3 activity, a DSI of 0.24 and 0.20 was found for FSAII and SCCVII, respectively. Under hypoxic conditions, a DSI of 0.36 was observed for SCCVII tumors. When comparing the (14)C-EF3 distribution in AR with the corresponding (18)F-FDG-PET images, the DSI reached values of 0.26, 0.22 and 0.21 for FSAII and SCCVII under normoxia and SCCVII under hypoxia, respectively.",frozen_controlled_pubmedqa_test,42,maybe,False,yes,False,Wrong,Wrong,Both wrong
32,56,18616781,yes,Is there a relationship between homocysteine and vitiligo?,"Pigmentary dilution is observed in patients with homocystinuria. Therefore, it is possible that an increase of local homocysteine (Hcy) interferes with normal melanogenesis and plays a role in the pathogenesis of vitiligo. Vitamin B12 and folic acid, levels of which are decreased in vitiligo, are important cofactors in the metabolism of Hcy. Consequently, a nutritional deficiency in either of these two vitamins will result in an increase in homocysteine in the circulation, a finding that we expect to find in vitiligo. To determine the level of Hcy in the blood of patients with vitiligo as a first step in revealing if it has any relationship with the pathogenesis of vitiligo and consequently if this will have an impact on the treatment of vitiligo. Twenty-six patients of both sexes with vitiligo (age range 20-50 years, mean 31.4 +/- 8.09) and 26 age-matched healthy controls were included in the study. After excluding factors that may affect serum Hcy levels, blood samples from patients and controls were obtained for homocysteine determination by enzyme immunoassay. The mean serum level of Hcy was significantly higher in patients with vitiligo than in controls (21.61 +/- 13.28 vs. 13.1 +/- 4.88 micromol L(-1); P<0.001). The Hcy level was significantly higher in male patients than in female patients (28.67 +/- 15.95 vs. 15.56 +/- 6.2 micromol L(-1); P<0.001) and in male controls compared with female controls (15.07 +/- 4.61 vs. 12.05 +/- 4.82 micromol L(-1); P<0.001). The homocysteine level was related to the activity of vitiligo and was significantly higher in patients with progressive disease than in controls (25.4 +/- 14.99 vs. 13.1 +/- 4.88 micromol L(-1); P<0.001). No significant difference in Hcy levels was found between either untreated vitiligo patients (22.77 +/- 13.36 micromol L(-1)) or patients receiving ultraviolet therapy (20.45 +/- 13.73 micromol L(-1)) and the total patient group (21.62 +/- 13.28 micromol L(-1)).",frozen_controlled_pubmedqa_test,42,maybe,False,yes,True,Wrong,Correct,LoRA fixed Base-Qwen error
33,57,21569408,no,Does context matter for the relationship between deprivation and all-cause mortality?,"A growing body of research emphasizes the importance of contextual factors on health outcomes. Using postcode sector data for Scotland (UK), this study tests the hypothesis of spatial heterogeneity in the relationship between area-level deprivation and mortality to determine if contextual differences in the West vs. the rest of Scotland influence this relationship. Research into health inequalities frequently fails to recognise spatial heterogeneity in the deprivation-health relationship, assuming that global relationships apply uniformly across geographical areas. In this study, exploratory spatial data analysis methods are used to assess local patterns in deprivation and mortality. Spatial regression models are then implemented to examine the relationship between deprivation and mortality more formally. The initial exploratory spatial data analysis reveals concentrations of high standardized mortality ratios (SMR) and deprivation (hotspots) in the West of Scotland and concentrations of low values (coldspots) for both variables in the rest of the country. The main spatial regression result is that deprivation is the only variable that is highly significantly correlated with all-cause mortality in all models. However, in contrast to the expected spatial heterogeneity in the deprivation-mortality relationship, this relation does not vary between regions in any of the models. This result is robust to a number of specifications, including weighting for population size, controlling for spatial autocorrelation and heteroskedasticity, assuming a non-linear relationship between mortality and socio-economic deprivation, separating the dependent variable into male and female SMRs, and distinguishing between West, North and Southeast regions. The rejection of the hypothesis of spatial heterogeneity in the relationship between socio-economic deprivation and mortality complements prior research on the stability of the deprivation-mortality relationship over time.",frozen_controlled_pubmedqa_test,42,maybe,False,no,True,Wrong,Correct,LoRA fixed Base-Qwen error
34,58,19401574,yes,Gadofosveset-enhanced MR angiography of carotid arteries: does steady-state imaging improve accuracy of first-pass imaging?,"To evaluate the diagnostic accuracy of gadofosveset-enhanced magnetic resonance (MR) angiography in the assessment of carotid artery stenosis, with digital subtraction angiography (DSA) as the reference standard, and to determine the value of reading first-pass, steady-state, and ""combined"" (first-pass plus steady-state) MR angiograms. This study was approved by the local ethics committee, and all subjects gave written informed consent. MR angiography and DSA were performed in 84 patients (56 men, 28 women; age range, 61-76 years) with carotid artery stenosis at Doppler ultrasonography. Three readers reviewed the first-pass, steady-state, and combined MR data sets, and one independent observer evaluated the DSA images to assess stenosis degree, plaque morphology and ulceration, stenosis length, and tandem lesions. Interobserver agreement regarding MR angiographic findings was analyzed by using intraclass correlation and Cohen kappa coefficients. Sensitivity, specificity, positive predictive value (PPV), and negative predictive value (NPV) were calculated by using the McNemar test to determine possible significant differences (P<.05). Interobserver agreement regarding all MR angiogram readings was substantial. For grading stenosis, sensitivity, specificity, PPV, and NPV were, respectively, 90%, 92%, 91%, and 91% for first-pass imaging; 95% each for steady-state imaging; and 96%, 99%, 99%, and 97% for combined imaging. For evaluation of plaque morphology, respective values were 84%, 86%, 88%, and 82% for first-pass imaging; 98%, 97%, 98%, and 97% for steady-state imaging; and 98%, 100%, 100%, and 97% for combined imaging. Differences between the first-pass, steady-state, and combined image readings for assessment of stenosis degree and plaque morphology were significant (P<.001).",frozen_controlled_pubmedqa_test,42,maybe,False,yes,True,Wrong,Correct,LoRA fixed Base-Qwen error
35,59,21979183,no,Does intra-abdominal desmoid disease affect patients with an ileal pouch differently than those with an ileorectal anastomosis?,"Nobody has analyzed the sequelae of desmoids according to the type of surgery that precipitated them. This study aims to determine whether the clinical effects of abdominal desmoids would be worse in patients with restorative proctocolectomy than in patients with ileorectal anastomosis. This is a retrospective, database study. Included were patients with familial adenomatous polyposis who had undergone proctocolectomy with IPAA or colectomy and ileorectal anastomosis, and subsequently developed an intra-abdominal desmoid tumor. The primary outcome measures were the clinical course of the desmoids; morbidity, and the requirement for stoma. There were 86 patients: 49 had restorative proctocolectomy and 37 had ileorectal anastomosis. Patient demographics were similar. Average follow-up was 9.8 years (range, 2.7-23.8) and 16.3 years (range, 2.3 - 42.9). Treatment of the desmoids included surgery (64.4% vs 65.6%), medical therapy (69.4% vs 59.5%), chemotherapy (36.2% vs 30.0%), and radiotherapy (4.5% vs 10.0%), and was the same for each group. The overall complication rate of desmoids was similar, approaching 70%. The risk of individual complications was also similar (bleeding (2.0% vs 0.0%), fistula (10.2% vs 13.5%), bowel obstruction (32.7% vs 48.6%), pain (34.7% vs 21.6%), and death related to desmoid tumors (2.0% vs 10.8%)); 38.8% of the restorative proctocolectomy group and 51.4% the ileorectal group had surgery for desmoid tumor complications (P = .21), and 22.4% and 22.2% of patients ultimately had permanent stomas. This study was limited by the relatively small numbers of patients.",frozen_controlled_pubmedqa_test,42,maybe,False,no,True,Wrong,Correct,LoRA fixed Base-Qwen error
36,60,9792366,yes,Is HIV/STD control in Jamaica making a difference?,"To assess the impact of the comprehensive HIV/STD Control Program established in Jamaica since the late 1980s on the HIV/AIDS epidemic. AIDS case reports, HIV testing of blood donors, antenatal clinic attenders (ANC), food service workers, sexually transmitted disease (STD) clinic attenders, female prostitutes, homosexuals and other groups were used to monitor the HIV/AIDS epidemic. Primary and secondary syphilis and cases of congenital syphilis were also monitored. National knowledge, attitude and practice (KAP) surveys were conducted in 1988, 1989, 1992, 1994 and 1996. The annual AIDS incidence rate in Jamaica increased only marginally in the past three years from 18.5 per 100000 population to 21.4 in 1997. HIV prevalence in the general population groups tested has been about 1% or less. Among those at high risk, HIV prevalence rates have risen to 6.3% (95% confidence interval 5.0-8.0) in STD clinic attenders, around 10% and 21% in female prostitutes in Kingston and Montego Bay respectively and approximately 30% among homosexuals. Syphilis rates and congenital syphilis cases have declined. The proportion of men aged 15-49 years reporting sex with a non-regular partner declined from 35% in 1994 to 26% in 1996 (P<0.001). Women ever having used condoms increased from 51% in 1988 to 62.5% in 1992 and 73% in 1994 and 1996 (P<0.001), while condom use with a non-regular partner increased from 37% in 1992 to 73% in 1996 (P= 0.006). Condom use among men was high over the period: around 81% had ever used condoms and 77% used them with non-regular partners. Gay men, inner-city adults and adolescents aged 12-14 years all reported increases in condom use while condom sales and distribution increased from around 2 million in 1985 to 10 million in 1995.",frozen_controlled_pubmedqa_test,42,maybe,False,yes,True,Wrong,Correct,LoRA fixed Base-Qwen error
37,63,12970636,no,Does early discharge with nurse home visits affect adequacy of newborn metabolic screening?,"To examine the impact of early discharge on newborn metabolic screening. Metabolic screening results were obtained from the Alabama State Lab for all infants born at our hospital between 8/1/97, and 1/31/99, and were matched with an existing database of early discharge infants. An early newborn discharge was defined as a discharge between 24 and 47 hours of age. Metabolic screening tests included phenylketonuria (PKU), hypothyroidism, and congenital adrenal hyperplasia (CAH). Early discharge and traditional stay infants were compared to determine the percentage of newborns screened and the timing of the first adequate specimen. The state laboratory received specimens from 3860 infants; 1324 were on early discharge newborns and 2536 infants in the traditional stay group. At least one filter paper test (PKU, hypothyroidism, and CAH) was collected on 99.2% of early discharge infants and 96.0% of traditional stay infants (P<.0001). Early discharge infants had a higher rate of initial filter paper specimens being inadequate (22.9%) compared with traditional stay infants (14.3%, P<.0001) but had a higher rate of repeat specimens when the initial specimen was inadequate (85.0% early discharge vs 75.3% traditional stay, P=.002). The early discharge group was more likely to have an adequate specimen within the first 9 days of life (1001, 98.8% early discharge vs 2016, 96.7% traditional stay, P=.0005).",frozen_controlled_pubmedqa_test,42,maybe,False,yes,False,Wrong,Wrong,Both wrong
38,64,14968373,yes,Can CT predict the level of CSF block in tuberculous hydrocephalus?,"Treatment of obstructive hydrocephalus in children with tuberculous meningitis (TBM) depends on the level of the cerebrospinal fluid (CSF) block. Air-encephalography is regarded as the gold standard for differentiating communicating and non-communicating hydrocephalus. Since air-encephalography involves a lumbar puncture, it carries the risk of cerebral herniation. AIM. The aim of this study was to determine whether communicating and non-communicating hydrocephalus in TBM can be differentiated by means of cranial computerised tomography (CT). A number of CT indices were measured in 50 children with communicating and 34 children with non-communicating hydrocephalus according to air-encephalographic findings. The only CT finding that correlated with the type of hydrocephalus was the shape of the third ventricle. Significantly more children with non-communicating hydrocephalus had a rounded third ventricle than those with communicating hydrocephalus.",frozen_controlled_pubmedqa_test,42,maybe,False,yes,True,Wrong,Correct,LoRA fixed Base-Qwen error
39,68,19142546,no,Does quantitative left ventricular regional wall motion change after fibrous tissue resection in endomyocardial fibrosis?,"We compared left ventricular regional wall motion, the global left ventricular ejection fraction, and the New York Heart Association functional class pre- and postoperatively. Endomyocardial fibrosis is characterized by fibrous tissue deposition in the endomyocardium of the apex and/or inflow tract of one or both ventricles. Although left ventricular global systolic function is preserved, patients exhibit wall motion abnormalities in the apical and inferoapical regions. Fibrous tissue resection in New York Heart Association FC III and IV endomyocardial fibrosis patients has been shown to decrease morbidity and mortality. We prospectively studied 30 patients (20 female, 30+/-10 years) before and 5+/-8 months after surgery. The left ventricular ejection fraction was determined using the area-length method. Regional left ventricular motion was measured by the centerline method. Five left ventricular segments were analyzed pre- and postoperatively. Abnormality was expressed in units of standard deviation from the mean motion in a normal reference population. Left ventricular wall motion in the five regions did not differ between pre- and postoperative measurements. Additionally, the left ventricular ejection fraction did not change after surgery (0.45+/-0.13% x 0.43+/-0.12% pre- and postoperatively, respectively). The New York Heart Association functional class improved to class I in 40% and class II in 43% of patients postoperatively (p<0.05).",frozen_controlled_pubmedqa_test,42,maybe,False,no,True,Wrong,Correct,LoRA fixed Base-Qwen error
40,70,22513023,no,Do Indigenous Australians age prematurely?,"To assess whether Indigenous Australians age prematurely compared with other Australians, as implied by Australian Government aged care policy, which uses age 50 years and over for population-based planning for Indigenous people compared with 70 years for non-indigenous people. Cross-sectional analysis of aged care assessment, hospital and health survey data comparing Indigenous and non-indigenous age-specific prevalence of health conditions. Analysis of life tables for Indigenous and non-indigenous populations comparing life expectancy at different ages. At age 63 for women and age 65 for men, Indigenous people had the same life expectancy as non-indigenous people at age 70. There is no consistent pattern of a 20-year lead in age-specific prevalence of age-associated conditions for Indigenous compared with other Australians. There is high prevalence from middle-age onwards of some conditions, particularly diabetes (type unspecified), but there is little or no lead for others.",frozen_controlled_pubmedqa_test,42,maybe,False,no,True,Wrong,Correct,LoRA fixed Base-Qwen error
41,72,12607666,yes,Is extended aortic replacement in acute type A dissection justifiable?,"The aim of this study was to evaluate the effectiveness of our surgical strategy for acute aortic dissection based on the extent of the dissection and the site of the entry, with special emphasis on resection of all dissected aortic segments if technically possible. Between January 1995 and March 2001, 43 consecutive patients underwent operations for acute aortic dissection. In all patients the distal repair was performed under circulatory arrest without the use of an aortic cross-clamp. Fifteen patients underwent aortic arch replacement with additional reconstruction of supra-aortic vessels in 3 patients. Complete replacement of all dissected tissue could be achieved in 21 patients (group 1). Because of the distal extent of the dissection beyond the aortic arch, replacement of all the dissected tissue was not possible in 22 patients (group 2). Early mortality was 4.7% (2 patients), and the incidence of perioperative cerebrovascular events was 7.0% (3 patients). All of these events occurred in group 2 (p<0.025). During the follow-up period of 6 years or less, 5 patients died, all from causes not related to the aorta or the aortic valve. A persisting patent false lumen was observed in 14 of the 36 surviving patients (39%).",frozen_controlled_pubmedqa_test,42,maybe,False,yes,True,Wrong,Correct,LoRA fixed Base-Qwen error
42,76,24298614,yes,Is the 7th TNM edition suitable for biological predictor in early gastric cancer?,"The clinical and prognostic value of the previous node classification of TNM staging in early gastric cancer (EGC) has been less definitive. The aim was to assess the suitability of the revised node staging for prediction of clinical behavior of EGC. Between 2005 and 2008, 1,845 patients were diagnosed with EGC and underwent surgery at Severance Hospitals. Clinicopathological characteristics were analyzed with comparisons between sixth and seventh TNM staging. When comparing IB with IIA upstaged based on seventh staging, poor differentiation, signet ring cell, diffuse, undifferentiated types, perineural invasion (PNI), larger size and younger age, were more significantly associated with IIA. Clinicopathological factors were compared between N0/N1 and N2/N3 based on both staging. In mucosal cancer, younger age, diffuse and undifferentiated types were more significantly associated with N2/N3 based on seventh staging. In submucosal cancer, larger size, poor differentiation, signet ring cell, diffuse, undifferentiated types, PNI and deeper submucosal invasion, were more significantly associated with N2/N3 based on seventh staging.",frozen_controlled_pubmedqa_test,42,maybe,False,yes,True,Wrong,Correct,LoRA fixed Base-Qwen error
43,79,25982163,no,Appendectomy timing: Will delayed surgery increase the complications?,"This study investigated whether the time from emergency room registration to appendectomy (ETA) would affect the incidence of perforation and postoperative complications in patients with acute appendicitis. Patients who underwent an appendectomy at the Ren-Ai branch of Taipei City Hospital between January 2010 and October 2012 were retrospectively reviewed. Their demographics, white blood cell count, C-reactive protein, body temperature, computed tomography scan usage, operation method, pathology report, postoperative complication, length of hospital stay, and ETA were abstracted. Multivariate analysis was performed to search the predictors, including ETA, of outcomes for the perforation and postoperative complication rates. A total of 236 patients were included in the study. Perforation occurred in 12.7% (30/236) and postoperative complications developed in 24.1% (57/236) of these patients. There were 121 patients with ETA<8 hours, 88 patients with ETA of 8-24 hours, and 27 patients with ETA>24 hours; patients with ETA>24 hours had significantly longer hospital stay. Univariate analysis showed that perforated patients were significantly older, and had higher C-reactive protein level, longer hospital stay, and higher complication rate. Patients who developed postoperative complications were significantly older, and had higher neutrophil count, less use of computed tomography, and higher open appendectomy rate. After multivariate analysis, age ≥55 years was the only predictor for perforation [odds ratio (OR) = 3.65; 95% confidence interval (CI), 1.54-8.68]; for postoperative complications, age ≥55 years (OR = 1.65; 95% CI, 1.84-3.25), perforated appendicitis (OR = 3.17; 95% CI, 1.28-7.85), and open appendectomy (OR = 3.21; 95% CI, 1.36-7.58) were associated. ETA was not a significant predictor in both analyses.",frozen_controlled_pubmedqa_test,42,maybe,False,no,True,Wrong,Correct,LoRA fixed Base-Qwen error
44,87,24476003,no,Is nasogastric decompression useful in prevention of leaks after laparoscopic sleeve gastrectomy?,"Although its excellent results, laparoscopic sleeve gastrectomy (LSG) presents major complications ranging from 0% to 29%. Among them, the staple line leak presents an incidence varying from 0% to 7%. Many trials debated about different solutions in order to reduce leaks' incidence. No author has investigated the role of gastric decompression in the prevention of this complication. Aim of our work is to evaluate if this procedure can play a role in avoiding the occurrence of staple line leaks after LSG. Between January 2008 and November 2012, 145 patients were prospectively and randomly included in the study. Seventy patients composed the group A, whose operations were completed with placement of nasogastric tube; the other 75 patients were included in the group B, in which no nasogastric tube was placed. No statistical differences were observed between group A and group B regarding gender distribution, age, weight, and BMI. No intraoperative complications and no conversion occurred in both groups. Intraoperative blood loss (50.1 ± 42.3 vs. 52.5 ± 37.6 ml, respectively) and operative time (65.4 ± 25.5 vs. 62.6 ± 27.8 min, respectively) were comparable between the two groups (p: NS). One staple line leak (1.4%) occurred on 6th postoperative day in group A patients. No leak was observed in group B patients. Postoperative hospital stay was significantly longer in group A vs. group B patients (7.6 ± 3.4 vs. 6.2 ± 3.1 days, respectively, p: 0.04).",frozen_controlled_pubmedqa_test,42,maybe,False,yes,False,Wrong,Wrong,Both wrong
45,89,20306735,yes,Fulfilling human resources development goal in West Africa: can the training of ophthalmologist diplomates be improved?,"To ascertain the perspectives of Trainee Ophthalmologist Diplomats (TOD) on the Ophthalmic Diploma Training (ODT) in West Africa with a view to improving the programme. A survey of set 2005 TOD on ODT was carried out in Ghana, 2006. The trainees included 10 (83.35%) males and two (16.7%) females whose ages ranged between thirty-two and fifty-one years. The sponsors of the trainees included Sight Savers International, five (41.7%); Christian Blind Mission International, three (25.0%); Eye Foundation, Lagos, Nigeria two (16.7%); Ministry of Defence Nigeria, one (8.3%); and Health Authority Ghana, one (8.3%). Nine trainees (75.0%) felt the programme was well structured, training allowances were adequate eight (66.7%) and inadequate four (33.3%). Eleven (91.7%) trainees would work wherever they were posted; ten (83.3%) trainees had sense of fulfillment and three (25%) would like to proceed for residency training. All trainees were at least good in chalazion surgery and treatment of common medical eye conditions. Majority were at least good in eye surgery like cataract, eleven (91.7%); trabeculectomy nine (75.0%); pterygium 10 (83.3%); eyelid, eight (66.7%); destructive 11 (91.6%) and refraction 9 (75.0%). Some trainees' perceived problems included inadequate sponsorship (33.3%), short duration of the course four (33.3%) and poor accommodation facility two (16.7%). However, trainees' suggested increase in training posts, four (33.3); training allowance three (25.0%); and incentives for trainers/training hospitals two (16.7%).",frozen_controlled_pubmedqa_test,42,maybe,False,yes,True,Wrong,Correct,LoRA fixed Base-Qwen error
46,92,24191126,yes,Is CA72-4 a useful biomarker in differential diagnosis between ovarian endometrioma and epithelial ovarian cancer?,Surgical excision of ovarian endometriomas in patients desiring pregnancy has recently been criticized because of the risk of damage to healthy ovarian tissue and consequent reduction of ovarian reserve. A correct diagnosis in cases not scheduled for surgery is therefore mandatory in order to avoid unexpected ovarian cancer misdiagnosis. Endometriosis is often associated with high levels of CA125. This marker is therefore not useful for discriminating ovarian endometrioma from ovarian malignancy. The aim of this study was to establish if the serum marker CA72-4 could be helpful in the differential diagnosis between ovarian endometriosis and epithelial ovarian cancer. Serums CA125 and CA72-4 were measured in 72 patients with ovarian endometriomas and 55 patients with ovarian cancer. High CA125 concentrations were observed in patients with ovarian endometriosis and in those with ovarian cancer. A marked difference in CA72-4 values was observed between women with ovarian cancer (71.0%) and patients with endometriosis (13.8%) (P<0.0001).,frozen_controlled_pubmedqa_test,42,maybe,False,yes,True,Wrong,Correct,LoRA fixed Base-Qwen error
47,93,24652474,no,Clinical identifiers for early-stage primary/idiopathic adhesive capsulitis: are we seeing the real picture?,"Adhesive capsulitis is often difficult to diagnose in its early stage and to differentiate from other common shoulder disorders. The aim of this study was to validate any or all of the 8 clinical identifiers of early-stage primary/idiopathic adhesive capsulitis established in an earlier Delphi study. This was a cross-sectional study. Sixty-four patients diagnosed with early-stage adhesive capsulitis by a physical therapist or medical practitioner were included in the study. Eight active and 8 passive shoulder movements and visual analog scale pain scores for each movement were recorded prior to and immediately following an intra-articular injection of corticosteroid and local anesthetic. Using the local anesthetic as the reference standard, pain relief of ≥70% for passive external rotation was deemed a positive anesthetic response (PAR). Sixteen participants (25%) demonstrated a PAR. Univariate logistic regression identified that of the proposed identifiers, global loss of passive range of movement (odds ratio [OR]=0.26, P=.03), pain at the end of range of all measured active movements (OR=0.06, P=.02), and global loss of passive glenohumeral movements (OR=0.23, P=.02) were associated with a PAR. Following stepwise removal of the variables, pain at the end of range of all measured active movements remained the only identifier but was associated with reduced odds of a PAR. The lack of a recognized reference standard for diagnosing early-stage adhesive capsulitis remains problematic in all related research.",frozen_controlled_pubmedqa_test,42,maybe,False,no,True,Wrong,Correct,LoRA fixed Base-Qwen error
48,98,17483607,yes,Does topical N-acetylcysteine application after myringotomy cause severe otorrhea?,"The effect of topical N-acetylcysteine (NAC) application was investigated on the healing of acute experimental tympanic membrane perforations. Twenty guinea pigs were used in this study. Under intraperitoneal ketamine anesthesia, incisional myringotomies were performed in the posterosuperior quadrant of the tympanic membranes with a straight otologic hook. The diameter of the perforations was approximately 2 mm. Perforations in both ears were treated with freshly prepared sponges soaked in either 0.1 ml 0.9% NaCl solution (10 control animals) or 0.6 mg/0.1 ml NAC (10 animals) for three consecutive days. All the tympanic membranes were examined by otomicroscopy on the third, fifth, seventh, and ninth days. In the control group, all the perforations were completely closed at the end of nine days. During the same period, only 40% of the perforations were completely closed in the NAC group. The remaining ears exhibited otorrhea by the third day.",frozen_controlled_pubmedqa_test,42,maybe,False,yes,True,Wrong,Correct,LoRA fixed Base-Qwen error
49,100,16647887,no,Are women who are treated for hypothyroidism at risk for pregnancy complications?,"The purpose of this study was to investigate the outcomes that are associated with pregnancy and treated hypothyroidism. This was a retrospective cohort study of all women who received prenatal care and were delivered at the University of California, San Francisco, between 1989 and 2001. All patients with hypothyroidism diagnosed before pregnancy or early in pregnancy were identified. Maternal, fetal, and obstetric outcomes were then collected and analyzed for women with hypothyroidism and compared with women without hypothyroidism. Among 20,499 deliveries, there were 419 women (2.1%) who were treated for hypothyroidism during the study period. Hypothyroidism was more common among women>or =35 years old, white women, and women without Medicaid insurance. Treated hypothyroidism was not associated with any increase in maternal, fetal, or neonatal complications. In addition, hypothyroidism did not affect mode of delivery.",frozen_controlled_pubmedqa_test,42,maybe,False,no,True,Wrong,Correct,LoRA fixed Base-Qwen error
50,101,15631914,no,Is the clinically positive axilla in breast cancer really a contraindication to sentinel lymph node biopsy?,"Clinically positive axillary nodes are widely considered a contraindication to sentinel lymph node (SLN) biopsy in breast cancer, yet no data support this mandate. In fact, data from the era of axillary lymph node dissection (ALND) suggest that clinical examination of the axilla is falsely positive in as many as 30% of cases. Here we report the results of SLN biopsy in a selected group of breast cancer patients with palpable axillary nodes classified as either moderately or highly suspicious for metastasis. Among 2,027 consecutive SLN biopsy procedures performed by two experienced surgeons, clinically suspicious axillary nodes were identified in 106, and categorized as group 1 (asymmetric enlargement of the ipsilateral axillary nodes moderately suspicious for metastasis, n = 62) and group 2 (clinically positive axillary nodes highly suspicious for metastasis, n = 44). Clinical examination of the axilla was inaccurate in 41% of patients (43 of 106) overall, and was falsely positive in 53% of patients (33 of 62) with moderately suspicious nodes and 23% of patients (10 of 44) with highly suspicious nodes. False-positive results were less frequent with larger tumor size (p = 0.002) and higher histologic grade (p = 0.002), but were not associated with age, body mass index, or a previous surgical biopsy.",frozen_controlled_pubmedqa_test,42,maybe,False,no,True,Wrong,Correct,LoRA fixed Base-Qwen error
51,102,25228241,yes,Elephant trunk in a small-calibre true lumen for chronic aortic dissection: cause of haemolytic anaemia?,"The elephant trunk technique for aortic dissection is useful for reducing false lumen pressure; however, a folded vascular prosthesis inside the aorta can cause haemolysis. The purpose of this study was to investigate whether an elephant trunk in a small-calibre lumen can cause haemolysis. Inpatient and outpatient records were retrospectively reviewed. Two cases of haemolytic anaemia after aortic surgery using the elephant trunk technique were identified from 2011 to 2013. A 64-year-old man, who underwent graft replacement of the ascending aorta for acute Stanford type A aortic dissection, presented with enlargement of the chronic dissection of the descending aorta and moderate aortic regurgitation. A two-stage surgery was scheduled. Total arch replacement with an elephant trunk in the true lumen and concomitant aortic valve replacement were performed. Postoperatively, he developed severe haemolytic anaemia because of the folded elephant trunk. The anaemia improved after the second surgery, including graft replacement of the descending aorta. Similarly, a 61-year-old man, who underwent total arch replacement for acute Stanford type A aortic dissection, presented with enlargement of the chronic dissection of the descending aorta. Graft replacement of the descending aorta with an elephant trunk inserted into the true lumen was performed. The patient postoperatively developed haemolytic anaemia because of the folded elephant trunk, which improved after additional stent grafting into the elephant trunk.",frozen_controlled_pubmedqa_test,42,maybe,False,yes,True,Wrong,Correct,LoRA fixed Base-Qwen error
52,103,21952349,yes,Remote ischemic postconditioning: does it protect against ischemic damage in percutaneous coronary revascularization?,"Myocardial damage that is associated with percutaneous coronary intervention (PCI) partially affects the results of the procedure, and is related to medium-term cardiovascular death. Remote postischemic conditioning might reduce the myocardial lesions that are associated with PCI, but perhaps less so in diabetics. The aim of this study was to evaluate the protective effect of remote postischemic conditioning in patients undergoing elective PCI for stable angina or non-ST elevation acute coronary syndrome with troponin<1 ng/ml at the time of randomization. This randomized single-blinded single-center clinical trial involved 320 patients undergoing elective PCI who were randomized to either receive three 5-min cycles of ischemia by inflation of a cuff on the non-dominant arm to 200 mm Hg (remote postischemic conditioning) or to placebo (uninflated cuff). The primary outcome variable was the maximum increase in troponin in the first 24 h. The secondary outcome variable was readmission due to heart failure or cardiovascular mortality after 1 year of follow-up. In addition, a diabetic population was studied.",frozen_controlled_pubmedqa_test,42,maybe,False,yes,True,Wrong,Correct,LoRA fixed Base-Qwen error
53,104,19925761,no,Diagnostic and therapeutic ureteroscopy: is dilatation of ureteral meatus always necessary?,"To assess the feasibility and safety of diagnostic or therapeutic semirigid ureteroscopy without ureteral meatus dilatation. A comparative, retrospective study was conducted of patients undergoing ureteroscopy from January 2000 to May 2008. For data analysis purposes, the population was divided into two groups based on whether ureteroscopy had been performed with (Group 1) or without (Group 2) ureteral meatus dilatation. Variables recorded included age, sex, type of procedure, surgical diagnosis, passive or active dilatation, number of stones, stone location, stone diameter, peroperative and postoperative complications, internal urinary diversion after the procedure, therapeutic success rate, operating time, and hospital stay duration. A 8-9.8 Fr Wolf semirigid ureteroscope was used. Descriptive statistics of the population and cohorts were performed, providing medians, quartiles, and limit values for non-normally distributed interval variables, and absolute and relative frequencies for categorical variables. Shapiro-Wilk's, Mann-Whitney's U, Chi-square, and Fisher's exact tests were used for statistical analysis. A value of p 2 alpha<or = 0.005 was considered statistically significant. Arcus Quickstat Biomedical 1.0 software was used. Among the 306 ureteroscopies studied, 286 performed in 256 patients were analyzed. Median age was 50 years (16-83), 59% of patients were male, and elective ureteroscopy was performed in 183 patients (64%). Group 1: 191 ureteroscopies, Group 2: 95 ureteroscopies. Stone location: 149 in distal ureter, 60 in middle ureter, and 35 in proximal ureter. Sixty-nine percent of stones had sizes ranging from 5 and 10 mm. The overall success rate was 86.5%. There were 5 peroperative and 22 postoperative complications, with no statistically significant differences between the groups.",frozen_controlled_pubmedqa_test,42,maybe,False,no,True,Wrong,Correct,LoRA fixed Base-Qwen error
54,106,20363841,no,Do symptoms predict COPD in smokers?,"The US Preventive Services Task Force recommends against spirometry in the absence of symptoms. However, as much as 50% of COPD cases in the United States remain undiagnosed. Report of symptoms, smoking history, and spirometric data were collected from subjects screened for a work-related medical evaluation (N = 3,955). Prevalence of airflow obstruction and respiratory symptoms were assessed. Sensitivity, specificity, positive and negative predictive values, and relative risks of predicting symptoms and smoking history for COPD were calculated. Forty-four percent of smokers in our sample had airways obstruction (AO). Of these, 36% reported a diagnosis of or treatment for COPD. Odds ratio (95% CI) for AO with smoking (>or = 20 pack-years) was 3.73 (3.12- 4.45), 1.98 (1.73-2.27) for cough, 1.79 (1.55-2.08) for dyspnea, 1.95 (1.70-2.34) for sputum, and 2.59 (2.26-2.97) for wheeze. Respiratory symptoms were reported by 92% of smokers with AO, 86% smokers with restriction, 76% smokers with normal spirometry, and 73% of nonsmokers. Sensitivity (92% vs 90%), specificity (19% vs 22%), positive (47% vs 40%) and negative (75% vs 80%) predictive values for the presence of one or more symptoms were similar between smokers and all subjects.",frozen_controlled_pubmedqa_test,42,maybe,False,yes,False,Wrong,Wrong,Both wrong
55,109,23916653,yes,Orthostatic myoclonus: an underrecognized cause of unsteadiness?,"Recently, orthostatic myoclonus (OM) has been suggested as a cause of gait impairment and unsteadiness in neurodegenerative diseases. The aim of this study was to investigate the frequency of orthostatic myoclonus, its clinical characteristics and the underlying associated neurological disorders. A retrospective analysis of clinical data and electromyogram surface recordings from subjects with unexplained unsteadiness/gait impairment was performed. Diagnosis of OM was made when a pattern of non-rhythmic bursts was observed (duration range 20-100 ms; bursts per second ≤16). Among 93 subjects studied, OM was the most frequent disorder (n = 16; 17.2%), followed by orthostatic tremor (13.9%) and low frequency tremors during orthostatism (12.9%). All patients with OM complained about unsteadiness during orthostatism and/or during gait. Leg jerking was only observed by visual inspection during orthostatism in four subjects and two also presented falls. Eleven out of 16 patients (68.7%) with OM had an associated neurodegenerative disease, such as multiple system atrophy (n = 3) Parkinson's disease (n = 2), Alzheimer's disease (n = 2), mild cognitive impairment (n = 2) and normal pressure hydrocephalus (n = 2). Although four subjects showed improvement of orthostatic myoclonus with antimyoclonic treatment, the follow-up was not systematic enough to evaluate their therapeutic effect on OM.",frozen_controlled_pubmedqa_test,42,maybe,False,yes,True,Wrong,Correct,LoRA fixed Base-Qwen error
56,110,23448747,yes,Do older adults with cancer fall more often?,"To examine whether a history of cancer increased the likelihood of a fall in community-dwelling older adults, and if cancer type, stage, or time since diagnosis increased falls. A longitudinal, retrospective, cohort study. A home- and community-based waiver program in Michigan. 862 older adults aged 65 years or older with cancer compared to 8,617 older adults without cancer using data from the Minimum Data Set-Home Care and Michigan cancer registry. Reports of falls were examined for 90-180 days. Generalized estimating equations were used to compare differences between the groups. Cancer, falls, patient characteristics, comorbidities, medications, pain, weight loss, vision, memory recall, and activities, as well as cancer type, stage, and time since diagnosis. A fall occurred at a rate of 33% in older adults with cancer compared to 29% without cancer (p<0.00). Those with a history of cancer were more likely to fall than those without cancer (adjusted odds ratio 1.16; 95% confidence interval [1.02, 1.33]; p = 0.03). No differences in fall rates were determined by cancer type or stage, and the odds of a fall did not increase when adding time since cancer diagnosis.",frozen_controlled_pubmedqa_test,42,yes,True,yes,True,Correct,Correct,Both correct
57,111,26126304,no,Estradiol and Antagonist Pretreatment Prior to Microdose Leuprolide in in Vitro Fertilization. Does It Improve IVF Outcomes in Poor Responders as Compared to Oral Contraceptive Pill?,"To compare in vitro fertilization (IVF) outcomes in low responders stimulated with microdose leuprolide protocol (ML) following pretreatment with either oral contraceptive pill (OCP) or luteal estradiol (E2) + GnRH antagonist (E2 + antag) for follicular synchronization prior to controlled ovarian hyperstimulation (COH). This was a retrospective study of 130 women, who were poor responders, undergoing IVF with either OCP/ML or E2+ antag/ML protocols. The main outcome measures were ongoing pregnancy rates, number of oocytes retrieved, and cancellation rate. Both groups were similar in baseline characteristics. There were no significant differences in gonadotropin requirement, cancellation rate, and number of embryos transferred. Ongoing pregnancy rates (40% vs. 15%) were significantly higher in the OCP/ML group. Trends toward greater number of oocytes retrieved (7.7 ± 3.4 vs. 5.9 ± 4.2) and improved implantation rates (20% vs. 12%) were also noted, but these did not reach statistical significance.",frozen_controlled_pubmedqa_test,42,maybe,False,yes,False,Wrong,Wrong,Both wrong
58,114,11926574,no,Are hepatitis G virus and TT virus involved in cryptogenic chronic liver disease?,"Hepatitis G virus can cause chronic infection in man but the role of this agent in chronic liver disease is poorly understood. Little is known about the relation of another newly discovered agent, the TT virus, with chronic liver disease.AIM: To investigate the rate of infection with hepatitis G virus and TT virus in patients with cryptogenic chronic liver disease. A total of 23 subjects with chronically raised alanine transaminase and a liver biopsy in whom all known causes of liver disease had been excluded, and 40 subjects with hepatitis C virus-related chronic liver disease. Evaluation of anti-hepatitis G virus by enzyme immunoassay. Hepatitis G virus-RNA by polymerase chain reaction with primers from the 5' NC and NS5a regions. TT virus-DNA by nested polymerase chain reaction with primers from the ORF1 region. Results. Hepatitis G virus-RNA was detected in 4 out of 23 patients with cryptogenic chronic hepatitis and in 6 out of 40 with hepatitis C virus chronic hepatitis (17.4% vs 15% p=ns). At least one marker of hepatitis G virus infection (hepatitis G virus-RNA and/or anti-hepatitis G virus, mostly mutually exclusive) was present in 6 out of 23 patients with cryptogenic hepatitis and 16 out of 40 with hepatitis C virus liver disease (26. 1% vs 40% p=ns). T virus-DNA was present in serum in 3 subjects, 1 with cryptogenic and 2 with hepatitis C virus-related chronic liver disease. Demographic and clinical features, including stage and grade of liver histology, were comparable between hepatitis G virus-infected and uninfected subjects. Severe liver damage [chronic hepatitis with fibrosis or cirrhosis) were significantly more frequent in subjects with hepatitis C virus liver disease.",frozen_controlled_pubmedqa_test,42,maybe,False,no,True,Wrong,Correct,LoRA fixed Base-Qwen error
59,116,17914515,yes,"Suturing of the nasal septum after septoplasty, is it an effective alternative to nasal packing?","To discuss and compare the results of suturing the nasal septum after septoplasty with the results of nasal packing. A prospective study, which was performed at Prince Hashem Military Hospital in Zarqa, Jordan and Prince Rashed Military Hospital in Irbid, Jordan between September 2005 and August 2006 included 169 consecutive patients that underwent septoplasty. The patients were randomly divided into 2 groups. After completion of surgery, the nasal septum was sutured in the first group while nasal packing was performed in the second group. Thirteen patients (15.3%) in the first group and 11 patients (13%) in the second group had minor oozing in the first 24 hours, 4 patients (4.8%) had bleeding after removal of the pack in the second group. Four patients (4.8%) developed septal hematoma in the second group. Two patients (2.4%) had septal perforation in the second group. One patient (1.1%) in the first group, and 5 patients (5.9%) in the second group had postoperative adhesions. Five patients (5.9%) were found to have remnant deviated nasal septum in each group. The operating time was 4 minutes longer in the first group.",frozen_controlled_pubmedqa_test,42,maybe,False,yes,True,Wrong,Correct,LoRA fixed Base-Qwen error
60,117,17559449,no,Are sugars-free medicines more erosive than sugars-containing medicines?,"The reduced use of sugars-containing (SC) liquid medicines has increased the use of other dose forms, potentially resulting in more widespread dental effects, including tooth wear. The aim of this study was to assess the erosive potential of 97 paediatric medicines in vitro. The study took the form of in vitro measurement of endogenous pH and titratable acidity (mmol). Endogenous pH was measured using a pH meter, followed by titration to pH 7.0 with 0.1-M NaOH. Overall, 55 (57%) formulations had an endogenous pH of<5.5. The mean (+/- SD) endogenous pH and titratable acidity for 41 SC formulations were 5.26 +/- 1.30 and 0.139 +/- 0.133 mmol, respectively; for 56 sugars-free (SF) formulations, these figures were 5.73 +/- 1.53 and 0.413 +/- 1.50 mmol (P>0.05). Compared with their SC bioequivalents, eight SF medicines showed no significant differences for pH or titratable acidity, while 15 higher-strength medicines showed lower pH (P = 0.035) and greater titratable acidity (P = 0.016) than their lower-strength equivalents. Chewable and dispersible tablets (P<0.001), gastrointestinal medicines (P = 0.002) and antibiotics (P = 0.007) were significant predictors of higher pH. In contrast, effervescent tablets (P<0.001), and nutrition and blood preparations (P = 0.021) were significant predictors of higher titratable acidity.",frozen_controlled_pubmedqa_test,42,maybe,False,no,True,Wrong,Correct,LoRA fixed Base-Qwen error
61,120,16498158,yes,Is atropine needed with ketamine sedation?,"To compare atropine with placebo as an adjunct to ketamine sedation in children undergoing minor painful procedures. Outcome measures included hypersalivation, side effect profile, parental/patient satisfaction, and procedural success rate. Children aged between 1 and 16 years of age requiring ketamine procedural sedation in a tertiary emergency department were randomised to receive 0.01 mg/kg of atropine or placebo. All received 4 mg/kg of intramuscular ketamine. Tolerance and sedation scores were recorded throughout the procedure. Side effects were recorded from the start of sedation until discharge. Parental and patient satisfaction scores were obtained at discharge and three to five days after the procedure, with the opportunity to report side effects encountered at home. A total of 83 patients aged 13 months to 14.5 years (median age 3.4 years) were enrolled over a 16 month period. Hypersalivation occurred in 11.4% of patients given atropine compared with 30.8% given placebo (odds ratio (OR) 0.29, 95% confidence interval (CI) 0.09 to 0.91). A transient rash was observed in 22.7% of the atropine group compared with 5.1% of the placebo group (OR 5.44, 95% CI 1.11 to 26.6). Vomiting during recovery occurred in 9.1% of atropine patients compared with 25.6% of placebo patients (OR 0.29, 95% CI 0.09 to 1.02). There was a trend towards better tolerance in the placebo group. No patient experienced serious side effects.",frozen_controlled_pubmedqa_test,42,maybe,False,no,False,Wrong,Wrong,Both wrong
62,125,22350859,yes,Can pictorial warning labels on cigarette packages address smoking-related health disparities?,"The objective of this study was to determine the most effective content of pictorial health warning labels (HWLs) and whether educational attainment moderates these effects. Field experiments were conducted with 529 adult smokers and 530 young adults (258 nonsmokers; 271 smokers). Participants reported responses to different pictorial HWLs printed on cigarette packages. One experiment involved manipulating textual form (testimonial narrative vs. didactic) and the other involved manipulating image type (diseased organs vs. human suffering). Tests of mean ratings and rankings indicated that pictorial HWLs with didactic textual forms had equivalent or significantly higher credibility, relevance, and impact than pictorial HWLs with testimonial forms. Results from mixed-effects models confirmed these results. However, responses differed by participant educational attainment: didactic forms were consistently rated higher than testimonials among participants with higher education, whereas the difference between didactic and testimonial narrative forms was weaker or not statistically significant among participants with lower education. In the second experiment, with textual content held constant, greater credibility, relevance, and impact was found for graphic imagery of diseased organs than imagery of human suffering.",frozen_controlled_pubmedqa_test,42,maybe,False,yes,True,Wrong,Correct,LoRA fixed Base-Qwen error
63,126,24977765,yes,Are pediatric concussion patients compliant with discharge instructions?,"Concussions are commonly diagnosed in pediatric patients presenting to the emergency department (ED). The primary objective of this study was to evaluate compliance with ED discharge instructions for concussion management. A prospective cohort study was conducted from November 2011 to November 2012 in a pediatric ED at a regional Level 1 trauma center, serving 35,000 pediatric patients per year. Subjects were aged 8 years to 17 years and were discharged from the ED with a diagnosis of concussion. Exclusion criteria included recent (past 3 months) diagnosis of head injury, hospital admission, intracranial injury, skull fracture, suspected nonaccidental trauma, or preexisting neurologic condition. Subjects were administered a baseline survey in the ED and were given standardized discharge instructions for concussion by the treating physician. Telephone follow-up surveys were conducted at 2 weeks and 4 weeks after ED visit. A total of 150 patients were enrolled. The majority (67%) of concussions were sports related. Among sports-related concussions, soccer (30%), football (11%), lacrosse (8%), and basketball (8%) injuries were most common. More than one third (39%) reported return to play (RTP) on the day of the injury. Physician follow-up was equivalent for sport and nonsport concussions (2 weeks, 58%; 4 weeks, 64%). Sports-related concussion patients were more likely to follow up with a trainer (2 weeks, 25% vs. 10%, p = 0.06; 4 weeks, 29% vs. 8%, p<0.01). Of the patients who did RTP or normal activities at 2 weeks (44%), more than one third (35%) were symptomatic, and most (58%) did not receive medical clearance. Of the patients who had returned to activities at 4 weeks (64%), less than one quarter (23%) were symptomatic, and most (54%) received medical clearance.",frozen_controlled_pubmedqa_test,42,maybe,False,yes,True,Wrong,Correct,LoRA fixed Base-Qwen error
64,127,23517744,yes,Is solitary kidney really more resistant to ischemia?,"To our knowledge there are no evidence-based medicine data to date to critically judge the vulnerability of a solitary kidney to warm ischemia compared to paired kidneys. Ten dogs were exposed to open right nephrectomy to create a solitary kidney model (group 1). Ten dogs with both kidneys were considered group 2. All dogs underwent warm ischemia by open occlusion of the left renal artery for 90 minutes. Dogs were sacrificed at different intervals (3 days to 4 weeks). All dogs were reevaluated by renogram before sacrifice and histopathology of the investigated kidney. The proinflammatory markers CD95 and tumor necrosis factor-α were assessed using real-time polymerase chain reaction. In group 1 clearance decreased by 20% at 1 week but basal function was regained starting at week 2. In group 2 clearance decreased more than 90% up to week 2. Recovery started at week 3 and by 4 weeks there was a 23% clearance reduction. Histopathological examination in group 1 revealed significant tubular necrosis (60%) at 3 days with regeneration starting at 1 week. In group 2 there was more pronounced tubular necrosis (90%) with regeneration starting at 2 weeks. The expression of proinflammatory markers was up-regulated in each group with higher, more sustained expression in group 2.",frozen_controlled_pubmedqa_test,42,maybe,False,no,False,Wrong,Wrong,Both wrong
65,130,27040842,no,Does septoplasty change the dimensions of compensatory hypertrophy of the middle turbinate?,"To measure the dimensions of compensatory hypertrophy of the middle turbinate in patients with nasal septal deviation, before and after septoplasty. The mucosal and bony structures of the middle turbinate and the angle of the septum were measured using radiological analysis before septoplasty and at least one year after septoplasty. All pre- and post-operative measurements of the middle turbinate were compared using the paired sample t-test and Wilcoxon rank sum test. The dimensions of bony and mucosal components of the middle turbinate on concave and convex sides of the septum were not significantly changed by septoplasty. There was a significant negative correlation after septoplasty between the angle of the septum and the middle turbinate total area on the deviated side (p = 0.033).",frozen_controlled_pubmedqa_test,42,maybe,False,no,True,Wrong,Correct,LoRA fixed Base-Qwen error
66,131,20064872,yes,Can the prognosis of polymyalgia rheumatica be predicted at disease onset?,"To identify the features of PMR that may predict the duration of steroid therapy, the occurrence of relapses and the late development of GCA. Prospective cohort study of 176 patients with PMR, followed up for 5 years. Baseline factors associated with the duration of steroids therapy were identified using Cox regression. Predictors of relapse and the late development of GCA were identified using binary logistic regression. A total of 176 patients with PMR were included, of whom 124 stopped steroids within 5 years. The probability of stopping steroids within 5 years was independently reduced by an elevated plasma viscosity (PV) [hazard ratio (HR) = 0.49; 95% CI 0.29, 0.82 for a PV>or = 2.00 mPa s compared with a PV<or = 1.80 mPa s; overall P = 0.024] and by starting treatment at>15 mg prednisolone (HR = 0.63; 95% CI 0.41, 0.97; P = 0.036). Either of these independently reduced the chances of stopping steroids within a given time interval between 27 and 51%. No significant predictors of relapse were identified. Predictors of late GCA on univariable analysis were female sex [odds ratio (OR) = 8.16; 95% CI 1.06, 63.13; P = 0.044], HLA-DRB1*0101 or -*0401 alleles (OR = 4.95; 95% CI 1.05, 23.34; P = 0.043), PV>or = 2.00 mPa s compared with PV<or = 1.80 mPa s (OR = 10.64; 95% CI 1.28, 88.38; P = 0.029) and initial prednisolone dose>15 mg (OR = 4.53; 95% CI 1.61, 12.79; P = 0.004).",frozen_controlled_pubmedqa_test,42,maybe,False,yes,True,Wrong,Correct,LoRA fixed Base-Qwen error
67,132,8199520,no,Are physicians meeting the needs of family caregivers of the frail elderly?,"To explore expressed needs, both formal and informal, of family caregivers of frail elderly. To evaluate roles of physicians. Questionnaire survey of members of the Montreal Jewish community providing care for frail elderly family members. Jewish community of Montreal. Volunteer caregivers who were caring for a family member or friend 60 years or older, who had greatest responsibility for providing physical or emotional support to an elderly person, who saw themselves as caregivers, and who could speak English or French were studied. Of 118 volunteers, 32 were excluded because they withdrew for personal reasons or because they did not meet study criteria. Demographic variables, functional status of the care receiver, use of home care services, and needs assessment to identify additional services. An average of 75.4% respondents did not use formal support services. Just under half of caregivers were dissatisfied with the attention they received from the health care system, and more than one third expressed feelings of stress, depression, guilt, and isolation.",frozen_controlled_pubmedqa_test,42,maybe,False,no,True,Wrong,Correct,LoRA fixed Base-Qwen error
68,135,26852225,no,Is adjustment for reporting heterogeneity necessary in sleep disorders?,"Anchoring vignettes are brief texts describing a hypothetical character who illustrates a certain fixed level of a trait under evaluation. This research uses vignettes to elucidate factors associated with sleep disorders in adult Japanese before and after adjustment for reporting heterogeneity in self-reports. This study also evaluates the need for adjusting for reporting heterogeneity in the management of sleep and energy related problems in Japan. We investigated a dataset of 1002 respondents aged 18 years and over from the Japanese World Health Survey, which collected information through face-to-face interview from 2002 to 2003. The ordered probit model and the Compound Hierarchical Ordered Probit (CHOPIT) model, which incorporated anchoring vignettes, were employed to estimate and compare associations of sleep and energy with socio-demographic and life-style factors before and after adjustment for differences in response category cut-points for each individual. The prevalence of self-reported problems with sleep and energy was 53 %. Without correction of cut-point shifts, age, sex, and the number of comorbidities were significantly associated with a greater severity of sleep-related problems. After correction, age, the number of comorbidities, and regular exercise were significantly associated with a greater severity of sleep-related problems; sex was no longer a significant factor. Compared to the ordered probit model, the CHOPIT model provided two changes with a subtle difference in the magnitude of regression coefficients after correction for reporting heterogeneity.",frozen_controlled_pubmedqa_test,42,maybe,False,yes,False,Wrong,Wrong,Both wrong
69,140,21881325,yes,Do preoperative statins reduce atrial fibrillation after coronary artery bypass grafting?,"Recent studies have demonstrated that statins have pleiotropic effects, including anti-inflammatory effects and atrial fibrillation (AF) preventive effects. The objective of this study was to assess the efficacy of preoperative statin therapy in preventing AF after coronary artery bypass grafting (CABG). 221 patients underwent CABG in our hospital from 2004 to 2007. 14 patients with preoperative AF and 4 patients with concomitant valve surgery were excluded from this study. Patients were divided into two groups to examine the influence of statins: those with preoperative statin therapy (Statin group, n = 77) and those without it (Non-statin group, n = 126). In addition, patients were divided into two groups to determine the independent predictors for postoperative AF: those with postoperative AF (AF group, n = 54) and those without it (Non-AF group, n = 149). Patient data were collected and analyzed retrospectively. The overall incidence of postoperative AF was 26%. Postoperative AF was significantly lower in the Statin group compared with the Non-statin group (16% versus 33%, p = 0.005). Multivariate analysis demonstrated that independent predictors of AF development after CABG were preoperative statin therapy (odds ratio [OR]0.327, 95% confidence interval [CI] 0.107 to 0.998, p = 0.05) and age (OR 1.058, 95% CI 1.004 to 1.116, p = 0.035).",frozen_controlled_pubmedqa_test,42,maybe,False,yes,True,Wrong,Correct,LoRA fixed Base-Qwen error
70,144,19683101,no,Can D-dimer become a new diagnostic parameter for acute appendicitis?,"In this study, we investigated D-dimer serum level as a diagnostic parameter for acute appendicitis. Forty-nine patients were enrolled in the study. Patients were classified according to age; sex; duration between the beginning of pain and referral to a hospital or clinic; Alvarado scores; and in physical examination, presence of muscular defense, the number of leukocytes, preoperative ultrasonography, and D-dimer levels of histopathologic study groups were analyzed. Of the patients enrolled in the study, 26.5% were females and 73.5% males. The average age was 21 years (range, 16-38 years) and 81.7% acute appendicitis (AA). According the duration of pain, 63.2% of the patients were referred to the hospital within the first 24 hours, 26.5% of the patients were referred to the hospital within 24 to 48 hours, and 10.3% were referred to the hospital within a period of more than 48 hours. No statistically significant difference was determined regarding D-dimer levels between the histopathologic study groups (P>.05). Alvarado scores lower than 7 were found in 36.7% and 7 or higher in 63.3% of the patients. There was no statistically significant difference related with D-dimer levels between histopathologic study groups (P>.05). The ratio of cases with a number of leukocytes below the upper limit were determined respectively as 32.7% and 67.3%, and no statistically significant difference was found regarding d-dimer levels between histopathologic study groups (P>.05).",frozen_controlled_pubmedqa_test,42,maybe,False,no,True,Wrong,Correct,LoRA fixed Base-Qwen error
71,145,10375486,no,Are variations in the use of carotid endarterectomy explained by population Need?,"to describe variation in utilisation of carotid endarterectomy (CEA) within two English health regions and explore relationships between use, need and proximity to services. consecutive case series of operations. Comparison at a population level with district stroke mortality, hospital admissions and material deprivation. standardised utilisation rates for CEA and measures of inter-district variability. Spearman's rank correlation coefficients for associations between variables. variation in utilisation rates was considerable (14-fold difference across district populations). More individuals had bilateral surgery in the Yorkshire region than in the Northern (11.7% vs. 5.5%, p=0.002). There was no association between utilisation rates for CEA and district stroke mortality (r=-0.06, 95% CI -0.41 to 0.30) or admission rates for stroke (r=0.17, 95% CI -0.2 to 0.49). There was a strong relationship between residence in districts where services were located and higher utilisation. Rates of CEA were lowest in the regions' most affluent wards.",frozen_controlled_pubmedqa_test,42,maybe,False,no,True,Wrong,Correct,LoRA fixed Base-Qwen error
72,146,12153648,no,Does birth center care during a woman's first pregnancy have any impact on her future reproduction?,"Women's experiences of childbirth may affect their future reproduction, and the model of care affects their experiences, suggesting that a causal link may exist between model of care and future reproduction. The study objective was to examine whether the birth center model of care during a woman's first pregnancy affects whether or not she has a second baby, and on the spacing to the next birth. Between October 1989 and July 1993, a total of 1860 women at low medical risk in early pregnancy, who participated in a randomized controlled trial of in-hospital birth center care versus standard care, gave birth. The 1063 primiparas in the trial, 543 in the birth center group and 520 in the standard care group, were included in a secondary analysis in which women's personal identification codes were linked to the Swedish National Birth Register, which included information about their subsequent birth during the following 7 to 10 years. Time to an event curves were constructed by means of the Kaplan Meier method. The observation period after the first birth was on average 8.8 years in the birth center group and 8.7 years in the standard care group. No statistical difference was found between the groups in time to second birth, which was 2.85 and 2.82 years, respectively (median; log-rank 1.26; p=0.26).",frozen_controlled_pubmedqa_test,42,maybe,False,no,True,Wrong,Correct,LoRA fixed Base-Qwen error
73,147,23736032,yes,Multidisciplinary decisions in breast cancer: does the patient receive what the team has recommended?,"A multidisciplinary team (MDT) approach to breast cancer management is the gold standard. The aim is to evaluate MDT decision making in a modern breast unit. All referrals to the breast MDT where breast cancer was diagnosed from 1 July 2009 to 30 June 2011 were included. Multidisciplinary team decisions were compared with subsequent patient management and classified as concordant or discordant. Over the study period, there were 3230 MDT decisions relating to 705 patients. Overall, 91.5% (2956 out of 3230) of decisions were concordant, 4.5% (146 out of 3230), were discordant and 4% (128 out of 3230) had no MDT decision. Of 146 discordant decisions, 26 (17.8%) were considered 'unjustifiable' as there was no additional information available after the MDT to account for the change in management. The remaining 120 discordant MDT decisions were considered 'justifiable', as management was altered due to patient choice (n=61), additional information available after MDT (n=54) or MDT error (n=5).",frozen_controlled_pubmedqa_test,42,maybe,False,yes,True,Wrong,Correct,LoRA fixed Base-Qwen error
74,150,14692023,yes,Is breast cancer survival improving?,"Despite advances in therapies for breast cancer, improvement in survival for patients with recurrent or metastatic breast cancer has been difficult to establish. The objective of the current study was to determine whether the survival of women with recurrent breast cancer has improved from 1974 to 2000. The authors analyzed the survival experience of 834 women who developed recurrent breast cancer between November 1974 and December 2000. All patients had been treated previously with adjuvant anthracycline-based protocols. Patients were divided into five consecutive groups based on year of breast cancer recurrence, and survival was compared across the five groups. Because some prognostic variables were divided unevenly divided among the cohorts, a multivariate model was created to determine the association of year of recurrence and survival after accounting for other prognostic factors. In the unadjusted analysis, there was a statistically significant improvement in survival across the five groups, and the more recent cohorts had longer survival (P<0.001). Other variables that predicted longer survival after breast cancer recurrence included smaller initial tumor size, lower stage of disease, fewer lymph nodes involved, longer disease-free interval, estrogen receptor-positive tumors, and nonvisceral dominant site of disease recurrence. In the multivariate analysis, which adjusted for these prognostic factors, year of recurrence was associated with a trend toward improved survival, with a 1% reduction in risk for each increasing year.",frozen_controlled_pubmedqa_test,42,maybe,False,yes,True,Wrong,Correct,LoRA fixed Base-Qwen error
75,152,11340218,no,Does pretreatment with statins improve clinical outcome after stroke?,"In primary and secondary prevention trials, statins have been shown to reduce the risk of stroke. In addition to lipid lowering, statins have a number of antiatherothrombotic and neuroprotective properties. In a preliminary observational study, we explored whether clinical outcome is improved in patients who are on treatment with statins when stroke occurs. We conducted a population-based case-referent study of 25- to 74-year-old stroke patients with, for each case of a patient who was on statin treatment at the onset of stroke (n=125), 2 referent patients who were not treated with statins but were matched for age, gender, year of onset, and stroke subtype (n=250). The unadjusted odds ratio for early discharge to home (versus late discharge or death) was 1.41 (95% CI 0.91 to 2.17) when patients on statin treatment were compared with referent stroke patients not on statins. Prognostic factors were, in general, more unfavorable among patients on statins. When this was adjusted for in a logistic regression model, the use of statins was a moderately strong but statistically nonsignificant predictor of discharge to home (multiple-adjusted odds ratio 1.42, 95% CI 0.90 to 2.22).",frozen_controlled_pubmedqa_test,42,maybe,False,no,True,Wrong,Correct,LoRA fixed Base-Qwen error
76,153,15475728,yes,Alcohol consumption and acute myocardial infarction: a benefit of alcohol consumed with meals?,"The apparent favorable effect of alcohol on the risk of acute myocardial infarction (MI) may be related to its hypoinsulinemic effect when consumed with meals. We studied how the timing of alcohol consumption in relation to meals might affect the risk of MI in a population with relatively high regular alcohol consumption. We conducted a case-control study between 1995 and 1999 in Milan, Italy. Cases were 507 subjects with a first episode of nonfatal acute MI, and controls were 478 patients admitted to hospitals for other acute diseases. Odds ratios (ORs) and 95% confidence intervals (CIs) were calculated by multiple logistic regression models. Compared with nondrinkers, an inverse trend in risk was observed when alcohol was consumed during meals only (for>or =3 drinks per day: OR = 0.50; 95% CI = 0.30-0.82). In contrast, no consistent trend in risk was found for subjects drinking outside of meals (for>or =3 drinks per day: 0.98; 0.49-1.96). The pattern of risk was similar when we considered people who drank only wine.",frozen_controlled_pubmedqa_test,42,maybe,False,yes,True,Wrong,Correct,LoRA fixed Base-Qwen error
77,154,23412195,yes,Should displaced midshaft clavicular fractures be treated surgically?,"This study was designed to compare clinical effectiveness of operative with nonoperative treatment for displaced midshaft clavicular fractures (DMCF). We systematically searched electronic databases (MEDILINE, EMBASE, CLINICAL, OVID, BIOSIS and Cochrane registry of controlled clinical trials) to identify randomized controlled trials (RCTs) in which operative treatment was compared with nonoperative treatment for DMCF from 1980 to 2012. The methodologic quality of trials was assessed. Data from chosen studies were pooled with using of fixed-effects and random-effects models with mean differences and risk ratios for continuous and dichotomous variables, respectively. Four RCTs with a total of 321 patients were screened for the present study. Results showed that the operative treatment was superior to the nonoperative treatment regarding the rate of nonunion [95 % confidence interval (CI) (0.05, 0.43), P = 0.0004], malunion [95 % CI (0.06, 0.34), P < 0.00001] and overall complication [95 % CI (0.43-0.76), P = 0.0001]. Subgroup analyses of complications revealed that significant differences were existed in the incidence of neurologic symptoms [95 % CI (0.20, 0.74), P = 0.004] and dissatisfaction with appearance [95 % CI (0.19, 0.65), P = 0.001]. Lack of consistent and standardized assessment data, insufficiency analysis that carried out showed improved functional outcomes (P < 0.05) in operative treatment.",frozen_controlled_pubmedqa_test,42,maybe,False,yes,True,Wrong,Correct,LoRA fixed Base-Qwen error
78,156,23240452,no,Can we predict urinary stone composition based on an analysis of microelement concentration in the hair and urine?,"In recent years the role of trace elements in lithogenesis has received steadily increasing attention. This study was aimed to attempt to find the correlations between the chemical content of the stones and the concentration of chosen elements in the urine and hair of stone formers. The proposal for the study was approved by the local ethics committee. Specimens were taken from 219 consecutive stone-formers. The content of the stone was evaluated using atomic absorption spectrometry, spectrophotometry, and colorimetric methods. An analysis of 29 elements in hair and 21 elements in urine was performed using inductively coupled plasma-atomic emission spectrometry. Only a few correlations between the composition of stones and the distribution of elements in urine and in hair were found. All were considered incidental.",frozen_controlled_pubmedqa_test,42,maybe,False,no,True,Wrong,Correct,LoRA fixed Base-Qwen error
79,157,24449622,no,Is there a relationship between serum paraoxonase level and epicardial fat tissue thickness?,"This study aimed to show the relationship between serum paraoxonase 1 level and the epicardial fat tissue thickness. Two hundred and seven patients without any atherosclerotic disease history were included in this cross-sectional observational study. Correlation analysis was performed to determine the correlation between epicardial fat tissue thickness, which was measured by echocardiography and serum paraoxonase 1 level. Also correlation analysis was performed to show correlation between patients' clinical and laboratory findings and the level of serum paraoxonase 1 (PON 1) and the epicardial fat tissue thickness. Pearson and Spearman test were used for correlation analysis. No linear correlation between epicardial fat tissue thickness and serum PON 1 found (correlation coefficient: -0.127, p=0.069). When epicardial fat tissue thickness were grouped as 7 mm and over, and below, and 5 mm and over, and below, serum PON 1 level were significantly lower in ≥7 mm group (PON1 : 168.9 U/L) than<7 mm group (PON 1: 253.9 U/L) (p<0.001). Also hypertension prevalence was increased in ≥7 mm group (p=0.001). Serum triglyceride was found to be higher in ≥7 mm group (p=0.014), body mass index was found higher in ≥5 mm group (p=0.006).",frozen_controlled_pubmedqa_test,42,maybe,False,no,True,Wrong,Correct,LoRA fixed Base-Qwen error
80,159,10749257,yes,Has the mammography quality standards act affected the mammography quality in North Carolina?,"The United States Food and Drug Administration implemented federal regulations governing mammography under the Mammography Quality Standards Act (MQSA) of 1992. During 1995, its first year in implementation, we examined the impact of the MQSA on the quality of mammography in North Carolina. All mammography facilities were inspected during 1993-1994, and again in 1995. Both inspections evaluated mean glandular radiation dose, phantom image evaluation, darkroom fog, and developer temperature. Two mammography health specialists employed by the North Carolina Division of Radiation Protection performed all inspections and collected and codified data. The percentage of facilities that met quality standards increased from the first inspection to the second inspection. Phantom scores passing rate was 31.6% versus 78.2%; darkroom fog passing rate was 74.3% versus 88.5%; and temperature difference passing rate was 62.4% versus 86.9%.",frozen_controlled_pubmedqa_test,42,maybe,False,yes,True,Wrong,Correct,LoRA fixed Base-Qwen error
81,162,24245816,yes,Is trabecular bone related to primary stability of miniscrews?,"To compare the primary stability of miniscrews inserted into bone blocks of different bone mineral densities (BMDs) with and without cortical bone, and investigate whether some trabecular properties could influence primary stability. Fifty-two bone blocks were extracted from fresh bovine pelvic bone. Four groups were created based on bone type (iliac or pubic region) and presence or absence of cortical bone. Specimens were micro-computed tomography imaged to evaluate trabecular thickness, trabecular number, trabecular separation, bone volume density (BV/TV), BMD, and cortical thickness. Miniscrews 1.4 mm in diameter and 6 mm long were inserted into the bone blocks, and primary stability was evaluated by insertion torque (IT), mini-implant mobility (PTV), and pull-out strength (PS). Intergroup comparison showed lower levels of primary stability when the BMD of trabecular bone was lower and in the absence of cortical bone (P≤.05). The Pearson correlation test showed correlation between trabecular number, trabecular thickness, BV/TV, trabecular BMD, total BMD, and IT, PTV, and PS. There was correlation between cortical thickness and IT and PS (P≤.05).",frozen_controlled_pubmedqa_test,42,maybe,False,yes,True,Wrong,Correct,LoRA fixed Base-Qwen error
82,164,16872243,no,Can decisional algorithms replace global introspection in the individual causality assessment of spontaneously reported ADRs?,"In this study, an expert panel assessed causality of adverse reports by using the WHO global introspection (GI) method. The same reports were independently assessed using 15 published algorithms. The causality assessment level 'possible' was considered the lower limit for a report to be considered to be drug related. For a given algorithm, sensitivity was determined by the proportion of reports simultaneously classified as drug related by the algorithm and the GI method. Specificity was measured as the proportion of reports simultaneously considered non-drug related. The analysis was performed for the total sample and within serious or unexpected events. Five hundred adverse reports were studied. Algorithms presented high rates of sensitivity (average of 93%, positive predictive value of 89%) and low rates of specificity (average of 7%, negative predictive value of 31%).",frozen_controlled_pubmedqa_test,42,maybe,False,no,True,Wrong,Correct,LoRA fixed Base-Qwen error
83,166,26518378,yes,Are Reviewers' Scores Influenced by Citations to Their Own Work?,"Academic medical researchers are judged by how often their publications are cited in the literature. When serving as journal reviewers, they may be more favorably disposed to manuscripts that cite their work. We investigate whether manuscripts that contain a citation to the reviewer's work receive higher evaluations than those that do not and whether peer reviewers encourage authors to cite that reviewer's work. We analyzed all research manuscripts submitted in 2012 to Annals of Emergency Medicine to determine whether they contained citations to each reviewer's work. To determine whether citation affected reviewer scores, we obtained each reviewer's score of the manuscript's overall desirability (1=worst to 5=best) and used descriptive statistics and regression modeling to compare scores of cited and noncited reviewers. We also enumerated how often reviewers suggested that authors add citations to the reviewer's work or other work. There were 395 manuscripts and 999 corresponding reviews with an manuscript desirability score. The 83 reviews by cited reviewers (8.3%) had a mean score of 2.8 (SD 1.4); the 916 reviews by noncited reviewers (91.7%), 2.5 (1.2; Δ=0.3; 95% confidence interval [CI] 0 to 0.6). The mean score in the 117 reviews of the noncited reviewers of the 57 manuscripts that had both cited and noncited reviewers was 2.9 (SD 1.2) compared with 2.9 (SD 1.1) for the 68 reviews by cited reviewers (Δ=0; 95% CI -0.3 to 0.4). In the final ordinal regression model, the unadjusted OR for the manuscript desirability score was 1.6 (95% CI 1.0 to 2.7); when adjusting for the manuscripts' mean desirability score, it was 1.4 (95% CI 0.8 to 2.2), demonstrating that manuscript quality was a confounder. Authors were asked to add a citation to the reviewer's work in 28 reviews (3%) but to others' work in 98 (10%).",frozen_controlled_pubmedqa_test,42,maybe,False,yes,True,Wrong,Correct,LoRA fixed Base-Qwen error
84,167,23356465,yes,Uniformity of evidence-based treatments in practice?,"Various factors contribute to the effective implementation of evidence-based treatments (EBTs). In this study, cognitive processing therapy (CPT) was administered in a Veterans Affairs (VA) posttraumatic stress disorder (PTSD) specialty clinic in which training and supervision were provided following VA implementation guidelines. The aim was to (a) estimate the proportion of variability in outcome attributable to therapists and (b) identify characteristics of those therapists who produced better outcomes. We used an archival database of veterans (n = 192) who completed 12 sessions of CPT by therapists (n = 25) who were trained by 2 nationally recognized trainers, 1 of whom also provided weekly group supervision. Multilevel modeling was used to estimate therapist effects, with therapists treated as a random factor. The supervisor was asked to retrospectively rate each therapist in terms of perceived effectiveness based on supervision interactions. Using single case study design, the supervisor was interviewed to determine what criteria she used to rate the therapists and emerging themes were coded. When initial level of severity on the PTSD Checklist (PCL; McDonald&Calhoun, 2010; Weathers, Litz, Herman, Huska,&Keane, 1993) was taken into account, approximately 12% of the variability in the PCL at the end of treatment was due to therapists. The trainer, blind to the results, identified the following characteristics and actions of effective therapists: effectively addressing patient avoidance, language used in supervision, flexible interpersonal style, and ability to develop a strong therapeutic alliance.",frozen_controlled_pubmedqa_test,42,maybe,False,yes,True,Wrong,Correct,LoRA fixed Base-Qwen error
85,170,25475395,yes,Is there a correlation between androgens and sexual desire in women?,"For women, the correlation between circulating androgens and sexual desire is inconclusive. Substitution with androgens at physiological levels improves sexual function in women who experience decreased sexual desire and androgen deficiency from surgical menopause, pituitary disease, and age-related decline in androgen production in the ovaries. Measuring bioactive testosterone is difficult and new methods have been proposed, including measuring the primary androgen metabolite androsterone glucuronide (ADT-G).AIM: The aim of this study was to investigate a possible correlation between serum levels of androgens and sexual desire in women and whether the level of ADT-G is better correlated than the level of circulating androgens with sexual desire. This was a cross-sectional study including 560 healthy women aged 19-65 years divided into three age groups. Correlations were considered to be statistically significant at P<0.05. Sexual desire was determined as the total score of the sexual desire domain of the Female Sexual Function Index. Total testosterone (TT), calculated free testosterone (FT), androstenedione, dehydroepiandrosterone sulfate (DHEAS), and ADT-G were analyzed using mass spectrometry. Sexual desire correlated overall with FT and androstenedione in the total cohort of women. In a subgroup of women aged 25-44 years with no use of systemic hormonal contraception, sexual desire correlated with TT, FT, androstenedione, and DHEAS. In women aged 45-65 years, androstenedione correlated with sexual desire. No correlations between ADT-G and sexual desire were identified.",frozen_controlled_pubmedqa_test,42,maybe,False,no,False,Wrong,Wrong,Both wrong
86,171,16155169,no,Percutaneous ethanol injection for benign cystic thyroid nodules: is aspiration of ethanol-mixed fluid advantageous?,"We evaluated the differences between percutaneous ethanol injection with and without aspiration of ethanol-mixed fluid for treatment of benign cystic thyroid nodules. We examined 60 patients with benign cystic thyroid nodules confirmed by fine-needle aspiration biopsy and divided them into 2 groups according to nonaspiration (group A, n = 30) or aspiration (group B, n = 30) of ethanol-mixed fluid after intracystic ethanol injection. We evaluated in both groups the complete disappearance of the cystic portion of the thyroid nodule on follow-up ultrasonography (first follow-up ultrasonography; mean, 4.6 months in group A; mean, 4.4 months in group B) (chi-square test), side effects or complications during and after the procedure (chi-square test), and the total procedure time (Student t test). Most patients showed complete disappearance of the cystic portion of the thyroid nodule (group A, n = 29; group B, n = 28), and they revealed no recurrence on follow-up ultrasonography. There was no statistical difference in the success rates between group A and group B (P>.05). Pain, the most common side effect, and other mild side effects or complications occurred in small numbers of patients in each group, but there was no significant difference in side effects or complications between the 2 groups (P>.05), except for intracystic hemorrhage (P<.05) and the complaint of all group B patients due to a double puncture (P<.001). The total procedure time was nearly double in group B than in group A because of the additional procedures, such as complete evacuation of the ethanol-mixed fluid and the 10-minute compression.",frozen_controlled_pubmedqa_test,42,maybe,False,no,True,Wrong,Correct,LoRA fixed Base-Qwen error
87,172,16809243,no,Is fetal gender associated with emergency department visits for asthma during pregnancy?,"To investigate if fetal gender (1) affects the risk of having an emergency department (ED) visit for asthma; and (2) is associated with adverse pregnancy outcomes among women who had at least one visit to the ED for asthma during pregnancy. We linked two provincial administrative databases containing records on in-patient deliveries and ED visits. The study sample included women who delivered a live singleton baby between April 2003 and March 2004. Pregnant women who made at least one ED visit for asthma were counted as cases and the rest of the women as control subjects. We performed a multivariable analysis using logistic regression to model the risk of having an ED visit for asthma, with fetal gender being one of the predictors. In addition, a series of multivariable logistic regressions were also constructed separately for cases and controls for the following adverse delivery outcomes: low birth weight baby, preterm delivery, and delivery via Caesarian section. Among 109,173 live singleton deliveries, 530 women had visited ED due to asthma during pregnancy. While having an ED visit for asthma was positively associated with teenage pregnancy, low income, and presence of pregnancy-induced hypertension, it was not associated with fetal gender (OR 1.01, 95% CI 0.85-1.19). Fetal gender was not a significant predictor of adverse pregnancy outcomes among women who had an asthma ED visit during pregnancy.",frozen_controlled_pubmedqa_test,42,maybe,False,no,True,Wrong,Correct,LoRA fixed Base-Qwen error
88,178,19230985,yes,Post-tonsillectomy late haemorrhage: is it a preferably night-time event?,"This retrospective study was carried out in the Ear Nose Throat (ENT) Unit of Giannina Gaslini Institute, Genoa, Italy on children operated for adenotonsillectomy (AT) or tonsillectomy (T) between January 2003 and February 2008. We considered in the study all the post-tonsillectomy late haemorrhages irrespective of their severity and for each case we evaluated whether they recurred in the day-time (B) (between 9.00 a.m. and 9.00 p.m.) or in the night-time (A) (between 9.00 p.m. and 9.00 a.m.). Finally we considered the number of haemorrhages per hour in the whole day. Out of 3306 patients undergoing elective adenotonsillectomy or tonsillectomy, post-operative late haemorrhage occurred in 59 (1.78%). We noted that 42 episodes (71.2%) occurred in the night-time and 17 (28.8%) in the day-time. The average time from the operation was 8.4 days. A statistically significant difference (p=0.002) was found when comparing the frequencies of night-time and day-time haemorrhages. We did not observe any significant difference in the distribution per hour of the haemorrhages.",frozen_controlled_pubmedqa_test,42,maybe,False,yes,True,Wrong,Correct,LoRA fixed Base-Qwen error
89,179,19237087,no,Are many colorectal cancers due to missed adenomas?,"An unknown number of colorectal cancers could be due to missed adenomas during previous endoscopy. Data in the literature are sparse. A large cross-sectional study was done in a prospective database of all patients diagnosed with colorectal cancer. All consecutive endoscopies over a period of 15 years, in which colorectal cancer was diagnosed were included. All patients who underwent more than one endoscopy and in whom ultimately cancer was diagnosed were studied separately. Colorectal cancer was diagnosed in 835 patients. Twenty-five patients underwent a previous endoscopy without a cancer diagnosis. These 25 patients were divided into three groups according to the time between the endoscopy in which the cancer was detected and the previous endoscopy. Five out of these 25 patients underwent regular surveillance. Only 11 patients had no argument for regular follow-up. Assuming that these cancers developed from an adenoma than only 11 out of 835 (1.3%) cancers were missed in the adenoma phase. There was no difference in the size of the tumour between the three groups of patients.",frozen_controlled_pubmedqa_test,42,maybe,False,no,True,Wrong,Correct,LoRA fixed Base-Qwen error
90,180,23621776,no,Does a history of unintended pregnancy lessen the likelihood of desire for sterilization reversal?,"Unintended pregnancy has been significantly associated with subsequent female sterilization. Whether women who are sterilized after experiencing an unintended pregnancy are less likely to express desire for sterilization reversal is unknown. This study used national, cross-sectional data collected by the 2006-2010 National Survey of Family Growth. The study sample included women ages 15-44 who were surgically sterile from a tubal sterilization at the time of interview. Multivariable logistic regression was used to examine the relationship between a history of unintended pregnancy and desire for sterilization reversal while controlling for potential confounders. In this nationally representative sample of 1,418 women who were sterile from a tubal sterilization, 78% had a history of at least one unintended pregnancy and 28% expressed a desire to have their sterilization reversed. In unadjusted analysis, having a prior unintended pregnancy was associated with higher odds of expressing desire for sterilization reversal (odds ratio [OR]: 1.80; 95% confidence interval [CI]: 1.15-2.79). In adjusted analysis controlling for sociodemographic factors, unintended pregnancy was no longer significantly associated with desire for reversal (OR: 1.46; 95% CI: 0.91-2.34).",frozen_controlled_pubmedqa_test,42,maybe,False,no,True,Wrong,Correct,LoRA fixed Base-Qwen error
91,186,27643961,no,Major depression and alcohol use disorder in adolescence: Does comorbidity lead to poorer outcomes of depression?,"Comorbid major depression (MD) and alcohol use disorder (AUD), particularly in adolescents, have been shown to be associated with poorer subsequent MD outcomes. Longitudinal data were used to model associations between a four-level classification of MD/AUD during the period 15-18 years (neither; MD-only; AUD-only; comorbid MD/AUD) and MD over the period 18-35 years. These associations were then adjusted for confounding by a series of factors measured in childhood. The three disorder groups had rates of adult MD during the period 18-35 years that were significantly (p<.05) higher than that of the group with no disorder. Furthermore, those in the comorbid MD/AUD group had significantly (p<.05) higher rates of adult MD than those in the AUD-only group, and marginally (p<.10) higher rates of adult MD than those in the MD-only group. After adjustment for confounding, the difference in rates of adult MD between the MD-only group and the MD/AUD group were no longer statistically significant. The factors that explained the associations were gender, childhood behavior problems, and exposure to physical and sexual abuse. The data were obtained by self-report, and may have been subject to biases.",frozen_controlled_pubmedqa_test,42,maybe,False,yes,False,Wrong,Wrong,Both wrong
92,188,10811329,yes,Are 99mTc leukocyte scintigraphy and SBFT studies useful in children suspected of having inflammatory bowel disease?,"The goal of this retrospective study was to assess whether 99mTc-white blood cell (WBC) scintigraphy and upper gastrointestinal small bowel follow-through (UGI-SBFT) could exclude inflammation in children suspected of having inflammatory bowel disease (IBD). Of a population of 313 children who had a 99mTc-WBC scan, 130 children were studied exclusively to rule out IBD. Sixty-nine colonoscopies with biopsies were done within a short time interval of the 99mTc-WBC scans. There were also 51 controls studied with 99mTc-WBC scintigraphy. Of the 130 children studied to exclude IBD, the final diagnosis was Crohn's disease in 27, ulcerative colitis in nine, miscellaneous colitis in 13, probably normal in 42, and normal in 39. The 99mTc-WBC scans were positive in all but three newly diagnosed Crohn's disease, ulcerative colitis, or miscellaneous colitis children. The false-negative 99mTc-WBC studies were seen in children with mild inflammation on biopsies and normal UGI-SBFT studies. In the 46 children with a true-positive 99mTc-WBC scan, 81% (17/21) of UGI-SBFT studies were normal. In five children with equivocal UGI-SBFT studies, the 99mTc-WBC scan correctly predicted if inflammation was present in the terminal ileum.",frozen_controlled_pubmedqa_test,42,maybe,False,yes,True,Wrong,Correct,LoRA fixed Base-Qwen error
93,189,24172579,yes,Does sex influence the response to intravenous thrombolysis in ischemic stroke?,"Women are more likely to have a worse outcome after an acute stroke than men. Some studies have suggested that women also benefit less from intravenous thrombolysis after an acute ischemic stroke, but others found no sex differences in safety and efficacy. We aimed to evaluate differences in 3-month outcome between sexes in intravenous tissue-type plasminogen activator-treated patients registered in the Safe Implementation of Treatments in Stroke-International Stroke Thrombolysis Register. A total of 45 079 patients treated with intravenous alteplase were recorded from 2002 to 2011. Main outcome measures were symptomatic intracerebral hemorrhage, functional independence (modified Rankin Scale score, 0-2), and mortality at 3 months. Among 25 777 (57.2%) men and 19 302 (42.8%) women, we found no difference in the rate of symptomatic intracerebral hemorrhage (P=0.13), a significantly higher likelihood of functional independence at 3 months in men (P<0.0001) and a higher mortality in women when compared with men (P<0.00001). After adjustment for confounding variables, we did not observe any difference between sexes in functional outcome (odds ratio, 1.03; 95% confidence interval, 0.97-1.09; P=0.39), whereas male sex was related to a higher risk of mortality (odds ratio, 1.19; 95% confidence interval, 1.10-1.29; P=0.00003) and symptomatic intracerebral hemorrhage (odds ratio, 1.25, 95% confidence interval, 1.04-1.51; P=0.02).",frozen_controlled_pubmedqa_test,42,maybe,False,no,False,Wrong,Wrong,Both wrong
94,190,17032327,no,Do supervised colorectal trainees differ from consultants in terms of quality of TME surgery?,"The quality of surgical excision is held to be a major determinant of outcome following surgery for rectal cancer. Macroscopic examination of the excised mesorectum allows for reproducible assessment of the quality of surgery. We aimed to determine whether quality of excision undertaken by colorectal trainees under supervision was comparable with that performed by consultants, as measured using mesorectal grades. A total of 130 consecutive patients undergoing potentially curative resection for primary adenocarcinoma of the rectum in our centre from 2001 to 2003 were included in the study. The pathologists graded the excised mesorectum according to staged classification proposed by Quirke. The outcome (quality of mesorectal excision and secondary outcomes including local recurrence and overall recurrence) of operations performed by consultants was compared with that of trainees. Statistical significance was tested using Pearson chi(2) test. Eighty-nine operations were performed by consultants and 41 by senior colorectal trainees with consultant supervision. Forty-four patients (49%) had good mesorectum when operated by consultants in comparison with 17 (41.5%) by the trainees. There was no statistically significant difference (P = 0.717) between the two groups in terms of quality of mesorectum excised after potentially curative resection. Furthermore, there were seven local recurrences in patients operated by consultants (7.8%) when compared with four in the trainee group (9.5%) and once again there was no statistical significance between the two groups (P = 0.719).",frozen_controlled_pubmedqa_test,42,maybe,False,no,True,Wrong,Correct,LoRA fixed Base-Qwen error
95,192,20488985,no,The English antibiotic awareness campaigns: did they change the public's knowledge of and attitudes to antibiotic use?,"To determine the effect of the 2008 English public antibiotic campaigns. English and Scottish (acting as controls) adults aged>or = 15 years were questioned face to face about their attitudes to and use of antibiotics, in January 2008 (1888) before and in January 2009 (1830) after the antibiotic campaigns. Among English respondents, there was a small increase in recollection of campaign posters (2009 23.7% versus 2008 19.2%; P = 0.03), but this increase was only 2.3% higher in England than in Scotland. We did not detect any improvement in either England or Scotland, or any differences between England and Scotland in the understanding of the lack of benefit of antibiotics for coughs and colds, and we found no improvement in antibiotic use. We detected a significant increase in respondents retaining leftover antibiotics. Over 20% reported discussing antibiotics with their general practitioner (GP) or nurse in the year to January 2009. The offer of a delayed antibiotic prescription was reported significantly more often by English respondents (19% versus 8% Scottish in 2009; P = 0.01), and English respondents were advised to use other remedies for coughs and colds significantly more often in the year to January 2009 (12.7% in 2009 versus 7.4% in 2008; P<0.001).",frozen_controlled_pubmedqa_test,42,maybe,False,no,True,Wrong,Correct,LoRA fixed Base-Qwen error
96,193,17894828,yes,Serum angiotensin-converting enzyme and frequency of severe hypoglycaemia in Type 1 diabetes: does a relationship exist?,"An association has been described between elevated serum angiotensin-converting enzyme (ACE) and an increased risk of severe hypoglycaemia (SH). To ascertain whether this reported association could be replicated in a different country, it was re-examined in 300 individuals with Type 1 diabetes. People with Type 1 diabetes, none of whom was taking renin-angiotensin system blocking drugs, were recruited. Participants recorded the frequency with which they had experienced SH. Glycated haemoglobin (HbA(1c)) and serum ACE were measured. The difference in the incidence of SH between different quartiles of ACE activity and the relationship between serum ACE and SH were examined using non-parametric statistical tests and a negative binomial model. Data were obtained from 300 patients [158 male; HbA(1c) median (range) 8.2% (5.2-12.8%), median age 36 years (16-88); duration of diabetes 14.5 years (2-49)]. The incidence of SH was 0.93 episodes per patient year. The mean incidence of SH in the top and bottom quartiles of ACE activity was 0.5 and 1.7 episodes per patient year, respectively, but this difference was not statistically significant (P = 0.075). Spearman's test showed a very weak, although statistically significant, association between serum ACE level and SH incidence (r = 0.115, P = 0.047). The binomial model also showed a statistically significant (P = 0.002), but clinically weak, relationship between serum ACE and SH.",frozen_controlled_pubmedqa_test,42,maybe,False,no,False,Wrong,Wrong,Both wrong
97,195,24577079,no,Does strategy training reduce age-related deficits in working memory?,"Older adults typically perform worse on measures of working memory (WM) than do young adults; however, age-related differences in WM performance might be reduced if older adults use effective encoding strategies. The purpose of the current experiment was to evaluate WM performance after training individuals to use effective encoding strategies. Participants in the training group (older adults: n = 39; young adults: n = 41) were taught about various verbal encoding strategies and their differential effectiveness and were trained to use interactive imagery and sentence generation on a list-learning task. Participants in the control group (older: n = 37; young: n = 38) completed an equally engaging filler task. All participants completed a pre- and post-training reading span task, which included self-reported strategy use, as well as two transfer tasks that differed in the affordance to use the trained strategies - a paired-associate recall task and the self-ordered pointing task. Both young and older adults were able to use the target strategies on the WM task and showed gains in WM performance after training. The age-related WM deficit was not greatly affected, however, and the training gains did not transfer to the other cognitive tasks. In fact, participants attempted to adapt the trained strategies for a paired-associate recall task, but the increased strategy use did not benefit their performance.",frozen_controlled_pubmedqa_test,42,maybe,False,no,True,Wrong,Correct,LoRA fixed Base-Qwen error
98,197,18801797,no,Household and food shopping environments: do they play a role in socioeconomic inequalities in fruit and vegetable consumption?,"Fruit and vegetables are protective of a number of chronic diseases; however, their intakes have been shown to vary by socioeconomic position (SEP). Household and food shopping environmental factors are thought to contribute to these differences. To determine whether household and food shopping environmental factors are associated with fruit and vegetable (FV) intakes, and contribute to socioeconomic inequalities in FV consumption. Cross-sectional data were obtained by a postal questionnaire among 4333 adults (23-85 years) living in 168 neighbourhoods in the south-eastern Netherlands. Participants agreed/disagreed with a number of statements about the characteristics of their household and food shopping environments, including access, prices and quality. Education was used to characterise socioeconomic position (SEP). Main outcome measures were whether or not participants consumed fruit or vegetables on a daily basis. Multilevel logistic regression models examined between-area variance in FV consumption and associations between characteristics of the household and food shopping environments and FV consumption. Only a few household and food shopping environmental factors were significantly associated with fruit and vegetable consumption, and their prevalence was low. Participants who perceived FV to be expensive were more likely to consume them. There were significant socioeconomic inequalities in fruit and vegetable consumption (ORs of not consuming fruit and vegetables were 4.26 and 5.47 among the lowest-educated groups for fruit and vegetables, respectively); however, these were not explained by any household or food shopping environmental factors.",frozen_controlled_pubmedqa_test,42,maybe,False,no,True,Wrong,Correct,LoRA fixed Base-Qwen error
99,199,15388567,no,Are sports medicine journals relevant and applicable to practitioners and athletes?,"To examine the evidence base of sports medicine research and assess how relevant and applicable it is to everyday practice. Original research articles, short reports, and case reports published in four major sport and exercise medicine journals were studied and classified according to the main topic of study and type of subjects used. The most common topic was sports science, and very few studies related to the treatment of injuries and medical conditions. The majority of published articles used healthy subjects sampled from the sedentary population, and few studies have been carried out on injured participants.",frozen_controlled_pubmedqa_test,42,maybe,False,no,True,Wrong,Correct,LoRA fixed Base-Qwen error
100,200,23495128,yes,The colour of pain: can patients use colour to describe osteoarthritis pain?,"The aim of the present study was to explore patients' views on the acceptability and feasibility of using colour to describe osteoarthritis (OA) pain, and whether colour could be used to communicate pain to healthcare professionals. Six group interviews were conducted with 17 patients with knee OA. Discussion topics included first impressions about using colour to describe pain, whether participants could associate their pain with colour, how colours related to changes to intensity and different pain qualities, and whether they could envisage using colour to describe pain to healthcare professionals. The group interviews indicated that, although the idea of using colour was generally acceptable, it did not suit all participants as a way of describing their pain. The majority of participants chose red to describe high-intensity pain; the reasons given were because red symbolized inflammation, fire, anger and the stop signal in a traffic light system. Colours used to describe the absence of pain were chosen because of their association with positive emotional feelings, such as purity, calmness and happiness. A range of colours was chosen to represent changes in pain intensity. Aching pain was consistently identified as being associated with colours such as grey or black, whereas sharp pain was described using a wider selection of colours. The majority of participants thought that they would be able to use colour to describe their pain to healthcare professionals, although issues around the interpretability and standardization of colour were raised.",frozen_controlled_pubmedqa_test,42,maybe,False,yes,True,Wrong,Correct,LoRA fixed Base-Qwen error
