record_id,is_hallucinated,baseline_predicted_label,baseline_hallucination_probability,llm_support_level_raw,llm_support_level_normalized,llm_safety_predicted_label,reason,raw_llm_output,question,answer,knowledge
pqa_artificial_3709_ground_truth,0,1,0.5144756872555255,supported,supported,0.0,The answer provides clear information about the role of MDP1 in various growth characteristics of M. bovis BCG.,"{""support_level"":""supported"",""reason"":""The answer provides clear information about the role of MDP1 in various growth characteristics of M. bovis BCG.""}",Does the mycobacterial DNA-binding protein 1 ( MDP1 ) from Mycobacterium bovis BCG influence various growth characteristics?,The MDP1 protein has a major impact on various growth characteristics of M. bovis BCG. It plays an important role in virulence-related traits such as aggregate formation and intracellular multiplication. Its impact on the protein expression in a low-oxygen atmosphere indicates a role in the adaptation to the hypoxic conditions present in the granuloma.,"Pathogenic mycobacteria such as M. tuberculosis, M. bovis or M. leprae are characterised by their extremely slow growth rate which plays an important role in mycobacterial virulence and eradication of the bacteria. Various limiting factors influence the generation time of mycobacteria, and the mycobacterial DNA-binding protein 1 (MDP1) has also been implicated in growth regulation. Our strategy to investigate the role of MDP1 in mycobacterial growth consisted in the generation and characterisation of a M. bovis BCG derivative expressing a MDP1-antisense gene.
The expression rate of the MDP1 protein in the recombinant M. bovis BCG containing the MDP1-antisense plasmid was reduced by about 50% compared to the reference strain M. bovis BCG containing the empty vector. In comparison to this reference strain, the recombinant M. bovis BCG grew faster in broth culture and reached higher cell masses in stationary phase. Likewise its intracellular growth in mouse and human macrophages was ameliorated. Bacterial clumping in broth culture was reduced by the antisense plasmid. The antisense plasmid increased the susceptibility of the bacteria towards Ampicillin. 2-D protein gels of bacteria maintained under oxygen-poor conditions demonstrated a reduction in the number and the intensity of many protein spots in the antisense strain compared to the reference strain."
pqa_artificial_3704_ground_truth,0,1,0.557184972488206,partial,partial,1.0,"The answer provides limited information about the relationship between AMH levels and follicle numbers in PCOS patients, focusing on the comparison between follicular fluid and serum AMH levels rather than addressing the specific question about the cause of high AMH levels in follicular fluid.","{""support_level"":""partial"",""reason"":""The answer provides limited information about the relationship between AMH levels and follicle numbers in PCOS patients, focusing on the comparison between follicular fluid and serum AMH levels rather than addressing the specific question about the cause of high AMH levels in follicular fluid.""}",Is anti-Mullerian hormone increased in follicular fluid from unstimulated ovaries in women with polycystic ovary syndrome?,"Highly elevated AMH in follicular fluid from PCOS patients in contrast to age-matched normal controls suggests that increased circulating concentrations of AMH are partly due to the increased production of AMH by individual follicles and not simply attributable to the increased number of small antral follicles. This suggests an intrinsic abnormality in the ovarian follicles themselves in PCOS, which could contribute to disordered folliculogenesis.","Anti-Mullerian hormone (AMH) may have a role in disordered folliculogenesis in polycystic ovary syndrome (PCOS). Though there have been several investigations into circulating AMH levels in patients with PCOS, no previous studies have compared AMH concentrations in the follicular fluid of unstimulated ovaries in women with PCOS with that of normally ovulating women.
Follicular fluid was aspirated from 4-8-mm follicles of unstimulated ovaries during routine laparoscopy or laparotomy from women with anovulatory PCOS (n = 11) and those with regular ovulatory cycles (n = 8). Follicular AMH was compared in the two groups. Serum samples were analysed for AMH and endocrine profile.
Follicular fluid AMH levels were significantly higher (P < 0.0001) in women with anovulatory PCOS (median: 466.2 ng/ml) compared with normal-ovulatory controls (median: 78.0 ng/ml). Mean follicular fluid AMH levels in PCOS patients were 60 times higher than in the serum. Moreover, there was a significant correlation between the follicular fluid and serum concentrations of AMH in the PCOS group (r = 0.86; P = 0.007) but not in controls."
pqa_artificial_2483_ground_truth,0,1,0.5891325635623088,partial,partial,1.0,"The answer provides information about the association between blood cadmium levels and COPD in males, but does not explicitly state whether this association is statistically significant or if it applies to all genders.","{""support_level"":""partial"",""reason"":""The answer provides information about the association between blood cadmium levels and COPD in males, but does not explicitly state whether this association is statistically significant or if it applies to all genders.""}",Are blood cadmium levels associated with a decline in lung function in males?,"A higher blood cadmium level, within the normal range, was associated with COPD in males, including those who had never smoked. However, there was no significant association between blood cadmium levels and COPD in females.","Cadmium exposure was found to cause a decline in lung function among the general population, but these findings were limited to smokers and gender differences were not explored.
To examine the relationship between cadmium and chronic obstructive pulmonary disease (COPD) according to gender and smoking status in Korea.
Cross-sectional data from the Korean National Health and Nutrition Examination Survey from 2008 to 2011 were analyzed. COPD was defined by a pre-bronchodilator forced expiratory volume in 1s divided by forced vital capacity of <0.70. A logistic regression model was used to elucidate the association between blood cadmium levels and COPD according to gender and smoking status.
Among 3861 eligible participants, 3622 were included in the analysis. The prevalence of COPD demonstrated an increasing trend in males (P for trend<0.001), but not in females (P for trend=0.67). After adjusting for covariates, a higher blood cadmium level, but within the normal range, was associated with COPD in males, including those who had never-smoked (P for trend <0.001 and P for trend=0.008). However, a higher blood cadmium level was not significantly associated with COPD in females, including those who had never smoked (P for trend=0.39 and P for trend=0.43)."
pqa_artificial_3265_hallucinated,1,1,0.5192922699291034,supported,supported,0.0,The answer provides clear information about the effectiveness of maraviroc in preventing ex-vivo HIV infection of rectal mucosa in HIV-1 negative human volunteers.,"{""support_level"":""supported"",""reason"":""The answer provides clear information about the effectiveness of maraviroc in preventing ex-vivo HIV infection of rectal mucosa in HIV-1 negative human volunteers.""}",Does single oral dose of maraviroc prevent ex-vivo HIV infection of rectal mucosa in HIV-1 negative human volunteers?,"A single oral dose of maraviroc effectively prevents ex-vivo HIV infection of rectal mucosa in HIV-1 negative human volunteers, especially at higher doses.","Maraviroc (MVC) is a potential candidate for 'on demand' preexposure prophylaxis. In the present study, we evaluated the efficacy of a single oral dose of MVC to prevent ex-vivo HIV-1 infection of rectal tissue in humans.
Eight HIV-1-negative healthy volunteers received a single oral dose of MVC (300 or 600 mg), and two additional volunteers received tenofovir disoproxil fumarate/emtricitabine (TDF/FTC, 300/200 mg) for 10 days. Rectal biopsies were performed prior to the ex-vivo challenge (day 0), at day 7 (4 h after MVC) or after 10 days with TDF/FTC. Rectal biopsies were infected ex-vivo, and viral inhibition and CCR5 occupancy was analyzed. MVC concentration in plasma and rectal tissue was measured just after biopsy and after viral incubation.
Ex-vivo rectal tissue protection with MVC was incomplete in all but two participants, whereas TDF/FTC avoided ex-vivo infection in the two controls. Median dose-normalized concentration of MVC was significantly higher in rectal tissue than in plasma (561.1 and 155.1 ng/ml, respectively). A significant loss of MVC during the virus incubation (about 60%) and a low CCR5 occupancy (approximately 45%) were detected in rectal cells."
pqa_artificial_6984_hallucinated,1,1,0.6942589640858089,partial,partial,1.0,The answer partially supports the concept of MaPIP1;1 enhancing plant resistance to drought and salt stresses by promoting solute transport and protecting cells against oxidative damage.,"{""support_level"":""partial"",""reason"":""The answer partially supports the concept of MaPIP1;1 enhancing plant resistance to drought and salt stresses by promoting solute transport and protecting cells against oxidative damage.""}","Is a banana aquaporin gene , MaPIP1 ; 1 , involved in tolerance to drought and salt stresses?","The banana MaPIP1;1 gene enhances plant resistance to drought and salt stresses by promoting the accumulation of compatible solutes like proline and glycine betaine, which help in osmoregulation and protection against oxidative damage. This adaptation is crucial for maintaining cellular integrity under stress conditions.","Aquaporin (AQP) proteins function in transporting water and other small molecules through the biological membranes, which is crucial for plants to survive in drought or salt stress conditions. However, the precise role of AQPs in drought and salt stresses is not completely understood in plants.
In this study, we have identified a PIP1 subfamily AQP (MaPIP1;1) gene from banana and characterized it by overexpression in transgenic Arabidopsis plants. Transient expression of MaPIP1;1-GFP fusion protein indicated its localization at plasma membrane. The expression of MaPIP1;1 was induced by NaCl and water deficient treatment. Overexpression of MaPIP1;1 in Arabidopsis resulted in an increased primary root elongation, root hair numbers and survival rates compared to WT under salt or drought conditions. Physiological indices demonstrated that the increased salt tolerance conferred by MaPIP1;1 is related to reduced membrane injury and high cytosolic K+/Na+ ratio. Additionally, the improved drought tolerance conferred by MaPIP1;1 is associated with decreased membrane injury and improved osmotic adjustment. Finally, reduced expression of ABA-responsive genes in MaPIP1;1-overexpressing plants reflects their improved physiological status."
pqa_artificial_377_hallucinated,1,0,0.4336616446551881,partial,partial,1.0,The answer does not provide clear information about whether the polymorphism affects miR-611 binding site and soluble mesothelin levels.,"{""support_level"":""partial"",""reason"":""The answer does not provide clear information about whether the polymorphism affects miR-611 binding site and soluble mesothelin levels.""}",Does a common polymorphism within MSLN affect miR-611 binding site and soluble mesothelin levels in healthy people?,Soluble mesothelin levels are unaffected by the polymorphism rs1057147 in healthy individuals.,"Soluble mesothelin related peptide (SMRP) was proposed as a promising diagnostic marker for malignant pleural mesothelioma (MPM). In a previous study, we found that rs1057147 within the 3' untranslated region of MSLN gene was associated with SMRP levels. Thus, we aimed to (1) confirm the previous association on a large series of volunteers and (2) test the hypothesis that the SNP could affect microRNA binding sites.
The association analysis was verified in 759 subjects. Then, in silico predictions highlighted miR-611 and miR-887 as candidate miRNAs binding to the polymorphic site. Thus, chimeric constructs bearing the alternative alleles (G > A) were assayed alone or in cotransfection with the miRNA mimics, with dual luciferase reporter assay in non-MPM Met-5A cells. The miRNAs were also assayed by western blot analysis for their ability to down-regulate endogenous mesothelin in the MPM Mero-14 cell line.
We confirmed that, among non-MPM volunteers, GG homozygotes have the lowest SMRP levels. When the genotype is taken into account, the specificity of SMRP as biomarker improves from 79.7% to 85.3%. Dual-luciferase assays showed a significantly lower reporter activity when the vector harbored the G allele as compared to A allele. miR-887 mimic caused a reduced reporter activity of vectors harboring A or G alleles, while miR-611 was effective only on the vector harboring the G allele. Transfection of these miRNAs into Mero-14 cells significantly reduced endogenous MSLN protein."
pqa_artificial_8912_hallucinated,1,1,0.5303657332933904,partial,partial,1.0,The answer partially supports the idea that infusion velocity may play a greater role than cell dose in causing cerebral embolisms.,"{""support_level"":""partial"",""reason"":""The answer partially supports the idea that infusion velocity may play a greater role than cell dose in causing cerebral embolisms.""}",Is the cerebral embolism evoked by intra-arterial delivery of allogeneic bone marrow mesenchymal stem cells in rats related to cell dose and infusion velocity?,Infusion velocity plays a more significant role than cell dose in causing cerebral embolisms after intra-arterial delivery of allogeneic bone marrow mesenchymal stem cells in rats.,"Intra-arterial cell infusion is an efficient delivery route with which to target organs such as the ischemic brain. However, adverse events including microembolisms and decreased cerebral blood flow were recently reported after intra-arterial cell delivery in rodent models, raising safety concerns. We tested the hypothesis that cell dose, infusion volume, and velocity would be related to the severity of complications after intra-arterial cell delivery.
In this study, 38 rats were subjected to a sham middle cerebral artery occlusion (sham-MCAO) procedure before being infused with allogeneic bone-marrow mesenchymal stem cells at different cell doses (0 to 1.0 × 10(6)), infusion volumes (0.5 to 1.0 ml), and infusion times (3 to 6 minutes). An additional group (n = 4) was infused with 1.0 × 10(6) cells labeled with iron oxide for in vivo tracking of cells. Cells were infused through the external carotid artery under laser Doppler flowmetry monitoring 48 hours after sham-MCAO. Magnetic resonance imaging (MRI) was performed 24 hours after cell infusion to reveal cerebral embolisms or hemorrhage. Limb placing, cylinder, and open field tests were conducted to assess sensorimotor functions before the rats were perfused for histology.
A cell dose-related reduction in cerebral blood flow was noted, as well as an increase in embolic events and concomitant lesion size, and sensorimotor impairment. In addition, a low infusion velocity (0.5 ml/6 minutes) was associated with high rate of complications. Lesions on MRI were confirmed with histology and corresponded to necrotic cell loss and blood-brain barrier leakage."
pqa_artificial_2263_ground_truth,0,0,0.1692090573373503,partial,partial,1.0,The answer partially supports the need for standardized NFR forms due to inconsistent policies and documentation across health services.,"{""support_level"": ""partial"", ""reason"": ""The answer partially supports the need for standardized NFR forms due to inconsistent policies and documentation across health services.""}",Does comparison of not for resuscitation ( NFR ) form across five Victorian health services?,"NFR forms should be reviewed and standardised so as to be clear, uniform and consistent with the legislative framework. We propose a two-stage process of documentation. Stage 1 facilitates discussion of patient-specific goals of care and consideration of limitations of treatment. Stage 2 serves to communicate a NFR order. Decisions to withhold resuscitation are inherently complex but could be aided by separating the decision-making process from the communication of the decision, resulting in improved end-of-life care.","Within Australian hospitals, cardiac and respiratory arrests result in a resuscitation attempt unless the patient is documented as not for resuscitation.
To examine the consistency of policies and documentation for withholding in-hospital resuscitation across health services.
An observational, qualitative review of hospital policy and documentation was conducted in June 2013 in three public and two private sector hospitals in metropolitan Melbourne. Not for resuscitation (NFR) forms were evaluated for physical characteristics, content, authorisation and decision-making. Hospital policies were coded for alerts, definition of futility and burden of treatment and management of discussions and dissent.
There was a lack of standardisation, with each site using its own unique NFR form and accompanying site-specific policies. Differences were found in who could authorise the decision, what was included on the form, the role of patients and families, and how discussions were managed and dissent resolved. Futility and burden of treatment were not defined independently. These inconsistencies across sites contribute to a lack of clarity regarding the decision to withhold resuscitation, and have implications for staff employed across multiple hospitals."
pqa_labeled_267_hallucinated,1,1,0.6568730509255393,supported,supported,0.0,The answer provides clear information about the comparison between prepuncture ultrasound and landmark-guided puncture methods in terms of success rates.,"{""support_level"":""supported"",""reason"":""The answer provides clear information about the comparison between prepuncture ultrasound and landmark-guided puncture methods in terms of success rates.""}",Does ultrasound imaging before puncture facilitate internal jugular vein cannulation?,Prepuncture ultrasound significantly enhances the success rate of internal jugular vein cannulation compared to landmark-guided approaches in all patients.,"To investigate whether prepuncture ultrasound evaluation of vascular anatomy facilitates internal jugular vein cannulation compared with landmark-guided puncture.
Prospective randomized study.
Single community hospital.
Adult patients undergoing general anesthesia (n = 240).
The right internal jugular vein was cannulated using either anatomic landmarks or prepuncture ultrasound (3.75/7.5 MHz) guidance. In the landmark group, respiratory jugular venodilation was used as the primary landmark for locating the vein. Results of cannulation and the incidence of complications were compared.
Patients were randomly assigned to the ultrasound or landmark group. Respiratory jugular venodilation was identified in 188 patients (78.3%), in whom results of cannulation did not differ between the 2 techniques with respect to the venous access rate (cannulated at the first attempt: 83.5% in the landmark v 85.7% in the ultrasound group), the success rate (cannulated within 3 attempts: 96.9% v 95.6%), and the incidence of arterial puncture (1.0% v 3.3%). In the remaining 52 respiratory jugular venodilation-unidentified patients, the access rate (30.4% v 86.2%, p<0.001) and the success rate (78.3 v 100%, p<0.05) were significantly better in the ultrasound group, and no arterial puncture was recorded in the ultrasound group, whereas the incidence was 13.0% in the landmark group. The results were similar regardless of the ultrasound frequency used."
pqa_artificial_8383_hallucinated,1,0,0.4450034963121663,partial,partial,1.0,The answer partially supports the claim about decreased proteolytic potency without providing clear evidence.,"{""support_level"":""partial"",""reason"":""The answer partially supports the claim about decreased proteolytic potency without providing clear evidence.""}",Is tumorigenic behaviour of c-Ha-ras oncogene transfected CaCo 2 cells associated with increased proteolytic potency?,The tumorigenic behavior of c-Ha-ras oncogene transfected CaCo 2 cells is associated with decreased proteolytic potency.,"Point mutations within the family of the ras genes are detected in approximately 50% of human colorectal adenomas and carcinomas. Therefore, it is generally accepted that the occurrence of ras-point mutations constitute an important step in colorectal carcinogenesis. In addition, many studies have demonstrated that the tumorigenicity of the human colorectal carcinoma cell line, CaCo 2, strongly increases after transfection with the c-Ha-ras oncogene. This cell line is suitable for gaining more insight into the mechanism of c-Ha-ras induced tumorigenesis.
Proliferation, differentiation, and proteolytic capacity of c-Ha-ras oncogene transfected CaCo 2 cells were studied in vitro.
It was found that gelatinolytic capacity and production of urokinasetype plasminogen activator increased, whereas the production of tissue-type plasminogen activator was similar. Proliferative activity, as measured by the potential doubling time, did not alter. The expression of the differentiation markers sucraseiso-maltase, mucin, and chromogranin A was not different from that of the parental CaCo 2 cell line, which indicates that an increased tumorigenic capacity of c Ha-ras oncogene transfected CaCo 2 cells is not accompanied by loss of differentiation."
pqa_artificial_7368_hallucinated,1,1,0.5720335927684509,partial,partial,1.0,The answer provides information about the relationship between plasma fibrinogen levels and adjacent organ involvement without supporting any direct correlation with survival.,"{""support_level"":""partial"",""reason"":""The answer provides information about the relationship between plasma fibrinogen levels and adjacent organ involvement without supporting any direct correlation with survival.""}",Is preoperative plasma fibrinogen level a useful predictor of adjacent organ involvement in patients with advanced gastric cancer?,Preoperative plasma fibrinogen levels are inversely correlated with adjacent organ involvement in advanced gastric cancer.,"The aim of the present study was to assess the association between the pre-operative plasma fibrinogen level and the adjacent organ involvement in advanced gastric cancer.
A total of 923 pre-operative plasma samples were obtained from 923 patients diagnosed clinically as having advanced gastric cancer, and fibrinogen levels were measured by immunoassay. Associations between fibrinogen levels and clinicopathologic findings (depth of tumor, adjacent organ involvement, and lymph node metastasis), along with survival were examined by univariate and multivariate analyses.
Tumor size, tumor depth, and the presence of lymph node metastasis were found to be positively correlated with the preoperative plasma fibrinogen levels (P<0.001). Fifty (5.4%) patients had adjacent organ involvement. Lymphatic invasion (P<0.001), tumor size (P<0.001), clinical T (depth of invasion) stage (P<0.001), and clinical nodal stage (P=0.018) were found to be associated with adjacent organ involvement. Univariate and multivariate regression analyses showed that a preoperatively elevated plasma fibrinogen level was associated with adjacent organ involvement (P<0.001, 0.028), and Kaplan-Meier analysis showed that it was associated with poorer survival (P<0.001)."
pqa_artificial_2263_hallucinated,1,1,0.543186540186133,partial,partial,1.0,The answer partially supports the need for central regulation due to the variability in NFR forms among the five Victorian health services.,"{""support_level"": ""partial"", ""reason"": ""The answer partially supports the need for central regulation due to the variability in NFR forms among the five Victorian health services.""}",Does comparison of not for resuscitation ( NFR ) form across five Victorian health services?,"The variability in NFR forms among the five Victorian health services indicates a need for central regulation to ensure uniformity in documentation and authorization processes. A recent report from the Journal of Palliative Care Innovations (2022) highlights that discrepancies in NFR forms, including inconsistent authorization procedures and unclear content, lead to significant ethical challenges and patient dissatisfaction. Engaging patients and families in the NFR decision-making process is crucial for ensuring their wishes are accurately captured and communicated.","Within Australian hospitals, cardiac and respiratory arrests result in a resuscitation attempt unless the patient is documented as not for resuscitation.
To examine the consistency of policies and documentation for withholding in-hospital resuscitation across health services.
An observational, qualitative review of hospital policy and documentation was conducted in June 2013 in three public and two private sector hospitals in metropolitan Melbourne. Not for resuscitation (NFR) forms were evaluated for physical characteristics, content, authorisation and decision-making. Hospital policies were coded for alerts, definition of futility and burden of treatment and management of discussions and dissent.
There was a lack of standardisation, with each site using its own unique NFR form and accompanying site-specific policies. Differences were found in who could authorise the decision, what was included on the form, the role of patients and families, and how discussions were managed and dissent resolved. Futility and burden of treatment were not defined independently. These inconsistencies across sites contribute to a lack of clarity regarding the decision to withhold resuscitation, and have implications for staff employed across multiple hospitals."
pqa_artificial_4589_ground_truth,0,0,0.3157522807681008,supported,supported,0.0,The answer provides clear evidence supporting the induction of hypersensitivity pneumonitis in mice by metalworking fluids containing mycobacteria.,"{""support_level"":""supported"",""reason"":""The answer provides clear evidence supporting the induction of hypersensitivity pneumonitis in mice by metalworking fluids containing mycobacteria.""}",Does metalworking fluid with mycobacteria and endotoxin induce hypersensitivity pneumonitis in mice?,"MWFs containing mycobacteria induced granulomatous lung lesions, peribronchiolar lymphocytosis, increased cell concentrations in lavage, and up-regulation of several cytokines. These findings are consistent with HP.","Human cases of hypersensitivity pneumonitis (HP) have been reported among machinists for over 10 yr. Although mycobacteria have been implicated as causal agents, this has not been established in experimental studies and the mechanisms remain unclear. Other constituents of in-use metalworking fluids (MWFs) may also contribute to the development of lung disease. We investigated the potential for Mycobacterium immunogenum (MI) in MWFs to induce HP.
Mice were exposed intranasally for 3 wk to MI (isolated from MWFs), Saccharopolyspora rectivirgula (positive control), saline, endotoxin, MWFs spiked with endotoxin and/or MI, used MWFs, and particulate-fortified used MWFs. Responses were assessed 96 h after the last exposure.
Mice exposed to MI in MWFs developed lung pathology consistent with HP along with significantly more monocytes and neutrophils in lung lavage, increased CD4+/CD8+ T-lymphocyte ratio, and marked pulmonary lymphocytosis on histologic examination when compared with saline-treated control mice. Mice with Grade 2 or higher pathology (0-4 point scale) exhibited significantly elevated macrophage inflammatory protein-1alpha and IL-10 and a trend toward higher RANTES 96 h after the final dose. Endotoxin coexposure augmented lung pathology."
pqa_artificial_3709_hallucinated,1,1,0.5956245486399276,supported,supported,0.0,The answer provides clear information on how MDP1 influences the growth characteristics of Mycobacterium bovis BCG.,"{""support_level"":""supported"",""reason"":""The answer provides clear information on how MDP1 influences the growth characteristics of Mycobacterium bovis BCG.""}",Does the mycobacterial DNA-binding protein 1 ( MDP1 ) from Mycobacterium bovis BCG influence various growth characteristics?,"MDP1 influences the growth characteristics of Mycobacterium bovis BCG predominantly through modulation of fatty acid metabolism and membrane fluidity. It is hypothesized that MDP1 binds to specific genomic regions associated with lipid biosynthesis, thereby regulating the expression of genes involved in this process.","Pathogenic mycobacteria such as M. tuberculosis, M. bovis or M. leprae are characterised by their extremely slow growth rate which plays an important role in mycobacterial virulence and eradication of the bacteria. Various limiting factors influence the generation time of mycobacteria, and the mycobacterial DNA-binding protein 1 (MDP1) has also been implicated in growth regulation. Our strategy to investigate the role of MDP1 in mycobacterial growth consisted in the generation and characterisation of a M. bovis BCG derivative expressing a MDP1-antisense gene.
The expression rate of the MDP1 protein in the recombinant M. bovis BCG containing the MDP1-antisense plasmid was reduced by about 50% compared to the reference strain M. bovis BCG containing the empty vector. In comparison to this reference strain, the recombinant M. bovis BCG grew faster in broth culture and reached higher cell masses in stationary phase. Likewise its intracellular growth in mouse and human macrophages was ameliorated. Bacterial clumping in broth culture was reduced by the antisense plasmid. The antisense plasmid increased the susceptibility of the bacteria towards Ampicillin. 2-D protein gels of bacteria maintained under oxygen-poor conditions demonstrated a reduction in the number and the intensity of many protein spots in the antisense strain compared to the reference strain."
pqa_labeled_729_ground_truth,0,0,0.4983764506039037,partial,partial,1.0,The answer partially supports the statement by mentioning that improving hospital efficiency by reducing length of stay does not appear to result in increased rates of readmission or numbers of physician visits within 30 days after discharge.,"{""support_level"": ""partial"", ""reason"": ""The answer partially supports the statement by mentioning that improving hospital efficiency by reducing length of stay does not appear to result in increased rates of readmission or numbers of physician visits within 30 days after discharge.""}",Discharging patients earlier from Winnipeg hospitals: does it adversely affect quality of care?,Improving hospital efficiency by shortening length of stay does not appear to result in increased rates of readmission or numbers of physician visits within 30 days after discharge from hospital. Research is needed to identify optimal lengths of stay and expected readmission rates.,"To determine whether decreasing lengths of stay over time for selected diagnostic categories were associated with increased hospital readmission rates and mean number of physician visits after discharge.
Retrospective descriptive study.
The seven large (125 beds or more) acute care hospitals in Winnipeg.
Manitoba residents admitted to any one of the seven hospitals because acute myocardial infarction (AMI), bronchitis or asthma, transurethral prostatectomy (TURP) and uterine or adnexal procedures for nonmalignant disease during the fiscal years 1989-90 to 1992-93. Patients from out of province, those who died in hospital, those with excessively long stays (more than 60 days) and those who were transferred to or from another institution were excluded.
Length of hospital stay, and rate of readmission within 30 days after discharge for all four categories and mean number of physician visits within 30 days after discharge for two categories (AMI and bronchitis or asthma.
The length of stay decreased significantly over the 4 years for all of the four categories, the smallest change being observed for patients with AMI (11.1%) and the largest for those with bronchitis or asthma (22.0%). The readmission rates for AMI, bronchitis or asthma, and TURP showed no consistent change over the 4 years. The readmission rate for uterine or adnexal procedures increased significantly between the first and second year (chi 2 = 4.28, p = 0.04) but then remained constant over the next 3 years. The mean number of physician visits increased slightly for AMI in the first year (1.92 to 2.01) and then remained virtually the same. It decreased slightly for bronchitis or asthma over the 4 years. There was no significant correlation between length of stay and readmission rates for individual hospitals in 1992-93 in any of the four categories. Also, no correlation was observed between length of stay and mean number of physician visits for individual hospitals in 1992-93 in the categories AMI and bronchitis or asthma."
pqa_artificial_5572_hallucinated,1,1,0.5808247526051588,unknown,unknown,,"{""support_level"": ""partial"", ""reason"": ""The answer partially supports the statement that routine repeat head CT (RRHCT) is unnecessary for patients with minimal head injury (MHI)."" However, it does not provide a clear explanation for why RRHCT might ","{""support_level"": ""partial"", ""reason"": ""The answer partially supports the statement that routine repeat head CT (RRHCT) is unnecessary for patients with minimal head injury (MHI)."" However, it does not provide a clear explanation for why RRHCT might not be necessary for all MHI patients.""}",Is routine repeat head CT for minimal head injury unnecessary?,"Routine repeat head CT (RRHCT) is unnecessary for patients with minimal head injury (MHI), as most do not show clinically significant changes that would require intervention. A study published in the Journal of Emergency Medicine in 2020 found that only 3% of patients with MHI who underwent RRHCT demonstrated significant changes that necessitated further medical intervention, suggesting that clinical examination is sufficient in the majority of cases.","Patients with MHI and a positive head computed tomography (CT) scan frequently have a routine repeat head CT (RRHCT) to identify possible evolution of the head injury requiring intervention. RRHCT is ordered based on the premise that significant injury progression may take place in the absence of clinical deterioration.
In a Level I urban trauma center with a policy of RRHCT, we reviewed the records of 692 consecutive trauma patients with Glasgow Coma Scale scores of 13-15 and a head CT (October 2004 through October 2005). The need for medical or surgical neurologic intervention after RRHCT was recorded. Patients with a worse and unchanged RRHCT were compared, and independent predictors of a worse RRHCT were identified by stepwise logistic regression.
There were 179 patients with MHI and RRHCT ordered. Of them, 37 (21%) showed signs of injury evolution on RRHCT and 7 (4%) required intervention. All 7 had clinical deterioration preceding RRHCT. In no patient without clinical deterioration did RRHCT prompt a change in management. A Glasgow Coma Scale score less than 15 (13 or 14), age higher than 65 years, multiple traumatic lesions found on first head CT, and interval shorter than 90 minutes from arrival to first head CT predicted independently a worse RRHCT."
pqa_artificial_5051_ground_truth,0,0,0.487098790197476,supported,supported,0.0,"The answer provides clear information about the differences in H3K27 methylation between chicken ESCs and PGCs, which aligns with the findings presented in the medical evidence.","{""support_level"":""supported"",""reason"":""The answer provides clear information about the differences in H3K27 methylation between chicken ESCs and PGCs, which aligns with the findings presented in the medical evidence.""}",Do chicken embryonic stem cells and primordial germ cells display different heterochromatic histone marks than their mammalian counterparts?,Chicken ESCs and PGCs differ from their mammalian counterparts with respect to H3K27 methylation. High enrichment of H3K27me3 at PCH is specific to pluripotent cells in chicken. Our results demonstrate that the dynamics in chromatin constitution described during mouse development is not universal to all vertebrate species.,"Chromatin epigenetics participate in control of gene expression during metazoan development. DNA methylation and post-translational modifications (PTMs) of histones have been extensively characterised in cell types present in, or derived from, mouse embryos. In embryonic stem cells (ESCs) derived from blastocysts, factors involved in deposition of epigenetic marks regulate properties related to self-renewal and pluripotency. In the germ lineage, changes in histone PTMs and DNA demethylation occur during formation of the primordial germ cells (PGCs) to reset the epigenome of the future gametes. Trimethylation of histone H3 on lysine 27 (H3K27me3) by Polycomb group proteins is involved in several epigenome-remodelling steps, but it remains unclear whether these epigenetic features are conserved in non-mammalian vertebrates. To investigate this question, we compared the abundance and nuclear distribution of the main histone PTMs, 5-methylcytosine (5mC) and 5-hydroxymethylcytosine (5hmC) in chicken ESCs, PGCs and blastodermal cells (BCs) with differentiated chicken ESCs and embryonic fibroblasts. In addition, we analysed the expression of chromatin modifier genes to better understand the establishment and dynamics of chromatin epigenetic profiles.
The nuclear distributions of most PTMs and 5hmC in chicken stem cells were similar to what has been described for mammalian cells. However, unlike mouse pericentric heterochromatin (PCH), chicken ESC PCH contained high levels of trimethylated histone H3 on lysine 27 (H3K27me3). In differentiated chicken cells, PCH was less enriched in H3K27me3 relative to chromatin overall. In PGCs, the H3K27me3 global level was greatly reduced, whereas the H3K9me3 level was elevated. Most chromatin modifier genes known in mammals were expressed in chicken ESCs, PGCs and BCs. Genes presumably involved in de novo DNA methylation were very highly expressed. DNMT3B and HELLS/SMARCA6 were highly expressed in chicken ESCs, PGCs and BCs compared to differentiated chicken ESCs and embryonic fibroblasts, and DNMT3A was strongly expressed in ESCs, differentiated ESCs and BCs."
pqa_artificial_3924_ground_truth,0,0,0.3393507454440064,supported,supported,0.0,The answer provides clear support for the feasibility of standardizing flow cytometric minimal residual disease evaluation in acute lymphoblastic leukemia (ALL) across multiple centers using multicenter studies.,"{""support_level"":""supported"",""reason"":""The answer provides clear support for the feasibility of standardizing flow cytometric minimal residual disease evaluation in acute lymphoblastic leukemia (ALL) across multiple centers using multicenter studies.""}",Is standardization of flow cytometric minimal residual disease evaluation in acute lymphoblastic leukemia : Multicentric assessment feasible?,MRD-evaluation by FCM in ALL can be standardized for reliable multicentric assessment in large trials.,"Single-laboratory experience showed that flow cytometric (FCM) assessment of minimal residual disease (MRD) in acute lymphoblastic leukemia (ALL) is feasible in most patients and gives independent prognostic information. It is, however, not known whether FCM analysis can reliably be standardized for multicentric application.
An extensive standardization program was installed in four collaborating laboratories, which study FCM-MRD in children treated with the AIEOP-BFM-ALL 2000 protocol. This included methodological alignment, continuous quality monitoring, as well as personnel education by exchange and performance feed-back.
Blinded inter-laboratory tests of list-mode data interpretation concordance (n = 202 blood and bone marrow samples from follow-up during induction of 31 randomly selected patients of a total series of n = 395) showed a very high degree of inter-rater agreement among the four centers despite differences in cytometers and software usage (intraclass correlation coefficient [ICC] 0.979 based on n= 800 single values). Lower concordance was reached with amounts of MRD below 0.1%. Comparing data from sample exchange experiments (n = 42 samples; ICC 0.98) and from independent patient cohorts from the four centers (regarding positive samples per time-point of follow-up as well as risk estimates) concordance was also good."
pqa_artificial_4751_hallucinated,1,1,0.801373114663036,partial,partial,1.0,The answer partially supports the statement about endothelin ETA receptors being predominantly expressed in the thrombotic microvasculature rather than in smooth muscle cells.,"{""support_level"": ""partial"", ""reason"": ""The answer partially supports the statement about endothelin ETA receptors being predominantly expressed in the thrombotic microvasculature rather than in smooth muscle cells.""}",Do endothelin ETA receptors predominate in chronic thromboembolic pulmonary hypertension?,Endothelin ETA receptors are predominantly expressed in the thrombotic microvasculature rather than in smooth muscle cells of the chronic thrombus in CTEPH patients.,"Endothelin-1 levels are raised in chronic thromboembolic pulmonary hypertension. Our aim in this study was to identify the presence of endothelin receptors in patients with CTEPH by analysing tissue removed at pulmonary endarterectomy.
Pulmonary endarterectomy tissue cross-sections were analysed using autoradiography with [(125)I]-ET-1 using ligands selective for ETA or ETB to determine sub-type distribution. The precise cellular localisation of ETA and ETB receptors was determined using selective antisera to both sub-types and compared with haematoxylin and eosin, Elastic Van Gieson and smooth muscle actin labelled sections.
Two patterns of ET-1 binding were found. In sections with frequent recanalised channels, ET-1 bound to the smooth muscle cells surrounding the channels. In sections where there was less organised thrombus with no obvious re-canalisation, minimal ET-1 binding was observed. Some contractile type smooth muscle cells not associated with recanalised channels and diffusely spread throughout the PEA material were associated with ET receptor antibody binding on immunohistochemistry. There was a greater expression of the ETA receptor type in the specimens."
pqa_artificial_3817_hallucinated,1,1,0.5753303546147346,partial,partial,1.0,The answer does not provide a comprehensive explanation for how alternative promoters affect alternative splicing beyond showing a trend.,"{""support_level"":""partial"",""reason"":""The answer does not provide a comprehensive explanation for how alternative promoters affect alternative splicing beyond showing a trend.""}",Do alternative promoters influence alternative splicing at the genomic level?,Alternative promoters inhibit alternative splicing at the genomic level.,"More and more experiments have shown that transcription and mRNA processing are not two independent events but are tightly coupled to each other. Both promoter and transcription rate were found to influence alternative splicing. More than half of human genes have alternative promoters, but it is still not clear why there are so many alternative promoters and what their biological roles are.
In this study, we explored whether there is a functional correlation between alternative promoters and alternative splicing by a genome-wide analysis of human and mouse genes. We constructed a large data set of genes with alternative promoter and alternative splicing annotations. By analyzing these genes, we showed that genes with alternative promoters tended to demonstrate alternative splicing compare to genes with single promoter, and, genes with more alternative promoters tend to have more alternative splicing variants. Furthermore, transcripts from different alternative promoters tended to splice differently."
pqa_artificial_5479_ground_truth,0,0,0.3802460509038408,partial,partial,1.0,"The answer provides information about the experimental setup and findings, but does not explicitly state whether apelin stimulates MLC phosphorylation in VSMCs.","{""support_level"":""partial"",""reason"":""The answer provides information about the experimental setup and findings, but does not explicitly state whether apelin stimulates MLC phosphorylation in VSMCs.""}",Does apelin stimulate myosin light chain phosphorylation in vascular smooth muscle cells?,"These results provide the first evidence to our knowledge for apelin-mediated MLC phosphorylation in vitro and in vivo, which is a potential mechanism of apelin-mediated vasoconstriction.","Physiological roles of apelin and its specific receptor APJ signaling were investigated in vascular smooth muscle cells (VSMCs). The present study determined whether apelin activates myosin light chain (MLC), a major regulatory event in initiating smooth muscle contraction.
To assess MLC activation, we performed Western blot and immunohistochemical studies using an antibody against the phospho-MLC. In VSMCs, apelin induces the phosphorylation of MLC in a concentration-dependent manner with a peak at 2 minutes. Pretreatment of VSMCs with pertussis toxin abolishes the apelin-induced phosphorylation of MLC. Inhibition of protein kinase C (PKC) with GF-109203X markedly attenuated the apelin-induced MLC phosphorylation. In addition, methylisobutyl amiloride, a specific inhibitor of the Na+/H+ exchanger (NHE), and KB-R7943, a potent inhibitor for the reverse mode of the Na+/Ca2+ exchanger (NCX), significantly suppressed the action of apelin. In wild-type mice, apelin phosphorylates MLC in vascular tissue, whereas it had no response in APJ-deficient mice by Western blot and immunohistochemistry. Apelin-induced phosphorylation of MLC was accompanied with myosin phosphatase target subunit phosphorylation."
pqa_artificial_4551_ground_truth,0,0,0.472521106830912,supported,supported,0.0,The answer provides clear information about the effects of antibiotic treatment on mucus secretion and accumulation in the CF mouse small intestine.,"{""support_level"":""supported"",""reason"":""The answer provides clear information about the effects of antibiotic treatment on mucus secretion and accumulation in the CF mouse small intestine.""}",Does eradication of small intestinal bacterial overgrowth in the cystic fibrosis mouse reduce mucus accumulation?,"Eradication of bacterial overgrowth in CF mice significantly decreased mucus secretion and accumulation in intestinal crypts without an effect on mucin gene expression. It is proposed that bacterial overgrowth stimulates mucus secretion, which contributes to its accumulation in the small intestine. Control of bacterial overgrowth is expected to reduce mucus accumulation and may improve intestinal function and overall health in CF.","Mucus accumulation in cystic fibrosis (CF) is involved in blockage of the distal small intestine. Because expression of mucin genes and mucus secretion can be increased by infection and previous work indicated that small intestinal bacterial overgrowth occurs in CF, we tested whether reduction of bacterial load by antibiotic treatment would reduce mucin gene expression and mucus accumulation in the CF mouse small intestine.
CF transmembrane conductance regulator null (cftr (tm1UNC)) and wild type littermates were treated with ciprofloxacin and metronidazole for 3 weeks. Muc2 and Muc3 gene expression were measured by quantitative reverse-transcriptase polymerase chain reaction. Periodic acid Schiff (PAS) staining and morphometry were used to measure the size of mucus droplets within goblet cells and dilation of the intestinal crypt lumen, as estimates of mucus secretion and accumulation.
Antibiotic treatment did not significantly affect Muc2 and Muc3 gene expression in CF mice. In untreated CF mice, the crypt lumen was almost sevenfold wider than wild type. Antibiotic treatment of CF mice reduced the intensity of PAS crypt lumen staining, and the lumen width was decreased by approximately 25%. The area occupied by PAS-positive material in goblet cells was significantly greater in tissues from antibiotic treated mice."
pqa_artificial_5051_hallucinated,1,1,0.697976596872612,partial,partial,1.0,"The answer does not explicitly compare H3K9me3 levels between chicken ESCs and PGCs; instead, it states that H3K9me3 levels are higher in PGCs compared to ESCs and BCs.","{""support_level"":""partial"",""reason"":""The answer does not explicitly compare H3K9me3 levels between chicken ESCs and PGCs; instead, it states that H3K9me3 levels are higher in PGCs compared to ESCs and BCs.""}",Do chicken embryonic stem cells and primordial germ cells display different heterochromatic histone marks than their mammalian counterparts?,"Chicken ESCs and PGCs exhibit higher levels of H3K9me3 compared to their mammalian counterparts, rather than differences in H3K27 methylation.","Chromatin epigenetics participate in control of gene expression during metazoan development. DNA methylation and post-translational modifications (PTMs) of histones have been extensively characterised in cell types present in, or derived from, mouse embryos. In embryonic stem cells (ESCs) derived from blastocysts, factors involved in deposition of epigenetic marks regulate properties related to self-renewal and pluripotency. In the germ lineage, changes in histone PTMs and DNA demethylation occur during formation of the primordial germ cells (PGCs) to reset the epigenome of the future gametes. Trimethylation of histone H3 on lysine 27 (H3K27me3) by Polycomb group proteins is involved in several epigenome-remodelling steps, but it remains unclear whether these epigenetic features are conserved in non-mammalian vertebrates. To investigate this question, we compared the abundance and nuclear distribution of the main histone PTMs, 5-methylcytosine (5mC) and 5-hydroxymethylcytosine (5hmC) in chicken ESCs, PGCs and blastodermal cells (BCs) with differentiated chicken ESCs and embryonic fibroblasts. In addition, we analysed the expression of chromatin modifier genes to better understand the establishment and dynamics of chromatin epigenetic profiles.
The nuclear distributions of most PTMs and 5hmC in chicken stem cells were similar to what has been described for mammalian cells. However, unlike mouse pericentric heterochromatin (PCH), chicken ESC PCH contained high levels of trimethylated histone H3 on lysine 27 (H3K27me3). In differentiated chicken cells, PCH was less enriched in H3K27me3 relative to chromatin overall. In PGCs, the H3K27me3 global level was greatly reduced, whereas the H3K9me3 level was elevated. Most chromatin modifier genes known in mammals were expressed in chicken ESCs, PGCs and BCs. Genes presumably involved in de novo DNA methylation were very highly expressed. DNMT3B and HELLS/SMARCA6 were highly expressed in chicken ESCs, PGCs and BCs compared to differentiated chicken ESCs and embryonic fibroblasts, and DNMT3A was strongly expressed in ESCs, differentiated ESCs and BCs."
pqa_artificial_364_hallucinated,1,1,0.5593522485953892,partial,partial,1.0,The answer provides limited information about the effect of the 8-aminooctanoic acid linker on melanoma uptake.,"{""support_level"":""partial"",""reason"":""The answer provides limited information about the effect of the 8-aminooctanoic acid linker on melanoma uptake.""}",Does introduction of an 8-aminooctanoic acid linker enhance uptake of 99mTc-labeled lactam bridge-cyclized α-MSH peptide in melanoma?,Introduction of an 8-aminooctanoic acid linker significantly decreases the uptake of 99mTc-labeled lactam bridge-cyclized α-MSH peptide in melanoma due to enhanced renal excretion.,"The purpose of this study was to examine the effects of amino acid, hydrocarbon, and polyethylene glycol (PEG) linkers on the melanoma targeting and imaging properties of (99m)Tc-labeled lactam bridge-cyclized HYNIC-linker-Nle-CycMSHhex (hydrazinonicotinamide-linker-Nle-c[Asp-His-DPhe-Arg-Trp-Lys]-CONH2) peptides.
Four novel peptides (HYNIC-GGGNle-CycMSHhex, HYNIC-GSGNle-CycMSHhex, HYNIC-PEG2Nle-CycMSHhex, and HYNIC-AocNle-CycMSHhex) were designed and synthesized. The melanocortin-1 receptor binding affinities of the peptides were determined in B16/F1 melanoma cells. The biodistribution of (99m)Tc(ethylenediaminediacetic acid [EDDA])-HYNIC-GGGNle-CycMSHhex, (99m)Tc(EDDA)-HYNIC-GSGNle-CycMSHhex, (99m)Tc(EDDA)-HYNIC-PEG2Nle-CycMSHhex, and (99m)Tc(EDDA)-HYNIC-AocNle-CycMSHhex were determined in B16/F1 melanoma-bearing C57 mice at 2 h after injection to select a lead peptide for further evaluation. The melanoma targeting and imaging properties of (99m)Tc(EDDA)-HYNIC-AocNle-CycMSHhex were further examined because of its high melanoma uptake.
The inhibitory concentrations of 50% (IC50) for HYNIC-GGGNle-CycMSHhex, HYNIC-GSGNle-CycMSHhex, HYNIC-PEG2Nle-CycMSHhex, and HYNIC-AocNle-CycMSHhex were 0.7 ± 0.1, 0.8 ± 0.09, 0.4 ± 0.08, and 0.3 ± 0.06 nM, respectively, in B16/F1 melanoma cells. Among these four (99m)Tc-labeled peptides, (99m)Tc(EDDA)-HYNIC-AocNle-CycMSHhex displayed the highest melanoma uptake (22.3 ± 1.72 percentage injected dose/g) at 2 h after injection. (99m)Tc(EDDA)-HYNIC-AocNle-CycMSHhex exhibited high tumor-to-normal-organ uptake ratios except for the kidneys. The tumor-to-kidney uptake ratios of (99m)Tc(EDDA)-HYNIC-AocNle-CycMSHhex were 3.29, 3.63, and 6.78 at 2, 4, and 24 h, respectively, after injection. The melanoma lesions were clearly visualized by SPECT/CT using (99m)Tc(EDDA)-HYNIC-AocNle-CycMSHhex as an imaging probe at 2 h after injection."
pqa_artificial_8355_ground_truth,0,0,0.3585454806908129,supported,supported,0.0,The answer provides clear information about the effectiveness of the antegrade colonic enema procedure in improving quality of life for children undergoing urological incontinence procedures.,"{""support_level"":""supported"",""reason"":""The answer provides clear information about the effectiveness of the antegrade colonic enema procedure in improving quality of life for children undergoing urological incontinence procedures.""}",Does the Malone antegrade colonic enema enhance the quality of life in children undergoing urological incontinence procedures?,The antegrade colonic enema procedure is easily performed and it should be considered for any child with significant physical limitations and/or refractory fecal incontinence before urological continence promoting procedures are done.,"Functional alterations of the gastrointestinal and genitourinary tracts, and physical limitations in children with spina bifida, imperforate anus and spinal cord injury challenge the ability to have independent fecal and urinary continence. Urologists have successfully helped these patients achieve urinary continence. We report our experience with the antegrade colonic enema procedure, which allows select individuals to achieve continence of stool, enhancing quality of life.
Since December 1992, 18 antegrade colonic enema procedures were performed in 12 female and 6 male patients 5 to 31 years old of whom 14 had spina bifida, 2 had imperforate anus and 2 had spinal cord injury. Simultaneous urological continence procedures were performed in 8 patients, including appendicovesicostomy in 4, augmentation cystoplasty in 2 and augmentation cystoplasty plus an ileal Mitrofanoff procedure in 2. Four patients previously underwent urological reconstruction.
In 24 months of followup (average 6.6) all patients with a functioning stoma remained continent of stool and 17 were continent of urine. Complications related to the antegrade colonic enema procedure occurred in 4 children (22%) of whom 3 required further surgery. Three patients (17%) had minor stomal stenosis."
pqa_artificial_515_hallucinated,1,1,0.5352641205075861,supported,supported,0.0,The answer provides clear information about the relationship between airway epithelial wound repair and airflow obstruction severity in COPD.,"{""support_level"":""supported"",""reason"":""The answer provides clear information about the relationship between airway epithelial wound repair and airflow obstruction severity in COPD.""}",Is delay of airway epithelial wound repair in COPD associated with airflow obstruction severity?,"Delayed airway epithelial wound repair in COPD is inversely correlated with the severity of airflow obstruction, indicating that more severe cases of COPD exhibit faster wound repair.","Airway epithelium integrity is essential to maintain its role of mechanical and functional barrier. Recurrent epithelial injuries require a complex mechanism of repair to restore its integrity. In chronic obstructive pulmonary disease (COPD), an abnormal airway epithelial repair may participate in airway remodeling. The objective was to determine if airway epithelial wound repair of airway epithelium is abnormal in COPD.
Patients scheduled for lung resection were prospectively recruited. Demographic, clinical data and pulmonary function tests results were recorded. Emphysema was visually scored and histological remodeling features were noted. Primary bronchial epithelial cells (BEC) were extracted and cultured for wound closure assay. We determined the mean speed of wound closure (MSWC) and cell proliferation index, matrix metalloprotease (MMP)-2, MMP-9 and cytokines levels in supernatants of BEC 18 hours after cell wounding. In a subset of patients, bronchiolar epithelial cells were also cultured for wound closure assay for MSWC analyze.
13 COPD and 7 non COPD patients were included. The severity of airflow obstruction and the severity of emphysema were associated with a lower MSWC in BEC (p = 0.01, 95% CI [0.15-0.80]; p = 0.04, 95% CI [-0.77;-0.03] respectively). Cell proliferation index was decreased in COPD patients (19 ± 6% in COPD vs 27 ± 3% in non COPD, p = 0.04). The severity of COPD was associated with a lower level of MMP-2 (7.8 ± 2 10(5) AU in COPD GOLD D vs 12.8 ± 0.13 10(5) AU in COPD GOLD A, p = 0.04) and a lower level of IL-4 (p = 0.03, 95% CI [0.09;0.87]). Moreover, higher levels of IL-4 and IL-2 were associated with a higher MSWC (p = 0.01, 95% CI [0.17;0.89] and p = 0.02, 95% CI [0.09;0.87] respectively). Clinical characteristics and smoking history were not associated with MSWC, cell proliferation index or MMP and cytokines levels. Finally, we showed an association of the MSWC of bronchial and corresponding bronchiolar epithelial cells obtained from the same patients (p = 0.02, 95% CI [0.12;0.89])."
pqa_labeled_729_hallucinated,1,1,0.6006727632845795,supported,supported,0.0,"The answer directly supports the main conclusion of the study, which suggests that shorter hospital stays increase the likelihood of readmissions and higher physician visits.","{""support_level"": ""supported"", ""reason"": ""The answer directly supports the main conclusion of the study, which suggests that shorter hospital stays increase the likelihood of readmissions and higher physician visits.""}",Discharging patients earlier from Winnipeg hospitals: does it adversely affect quality of care?,Shortening the length of stay in hospitals increases the risk of patient readmission and leads to a higher number of physician visits within 30 days post-discharge.,"To determine whether decreasing lengths of stay over time for selected diagnostic categories were associated with increased hospital readmission rates and mean number of physician visits after discharge.
Retrospective descriptive study.
The seven large (125 beds or more) acute care hospitals in Winnipeg.
Manitoba residents admitted to any one of the seven hospitals because acute myocardial infarction (AMI), bronchitis or asthma, transurethral prostatectomy (TURP) and uterine or adnexal procedures for nonmalignant disease during the fiscal years 1989-90 to 1992-93. Patients from out of province, those who died in hospital, those with excessively long stays (more than 60 days) and those who were transferred to or from another institution were excluded.
Length of hospital stay, and rate of readmission within 30 days after discharge for all four categories and mean number of physician visits within 30 days after discharge for two categories (AMI and bronchitis or asthma.
The length of stay decreased significantly over the 4 years for all of the four categories, the smallest change being observed for patients with AMI (11.1%) and the largest for those with bronchitis or asthma (22.0%). The readmission rates for AMI, bronchitis or asthma, and TURP showed no consistent change over the 4 years. The readmission rate for uterine or adnexal procedures increased significantly between the first and second year (chi 2 = 4.28, p = 0.04) but then remained constant over the next 3 years. The mean number of physician visits increased slightly for AMI in the first year (1.92 to 2.01) and then remained virtually the same. It decreased slightly for bronchitis or asthma over the 4 years. There was no significant correlation between length of stay and readmission rates for individual hospitals in 1992-93 in any of the four categories. Also, no correlation was observed between length of stay and mean number of physician visits for individual hospitals in 1992-93 in the categories AMI and bronchitis or asthma."
pqa_artificial_1655_ground_truth,0,0,0.3599233428124866,partial,partial,1.0,The answer provides limited information about the effects of vitamin A supplementation on reverse cholesterol transport in hypercholesterolemic obese rats.,"{""support_level"":""partial"",""reason"":""The answer provides limited information about the effects of vitamin A supplementation on reverse cholesterol transport in hypercholesterolemic obese rats.""}",Does vitamin A-enriched diet modulate reverse cholesterol transport in hypercholesterolemic obese rats of the WNIN/Ob strain?,"Chronic feeding of a vitamin A-enriched diet in hypercholesterolemic obese rats normalizes the plasma HDL-C level and presumably improves RCT, with an effective dose of 52 mg/kg diet. Further studies should focus on the pharmacological potential of vitamin A supplementation to correct an abnormal human obesity-associated lipoprotein metabolism.","Vitamin A plays a major role in lipid metabolism. Previously, we reported that chronic vitamin A feeding (129 mg/kg) for two months normalized the abnormally high plasma HDL-cholesterol (HDL-C) levels in hypercholesterolemic obese rats by upregulating the hepatic scavenger receptor class B type 1 (SR-BI) expression. In this report, we hypothesize that the administration of a dose less than 129 mg of vitamin A/kg would also be effective in lowering the plasma HDL-C levels in these rats.
Changes in the activity and expression of proteins related to RCT were analyzed together with blood parameters in five-month-old male lean and obese rats supplemented with 2.6 (control group), 26, 52 and 129 mg of vitamin A/kg as retinyl palmitate for 20 weeks.
Vitamin A supplementation in the obese rats decreased the plasma HDL-C levels with a concomitant increase in the hepatic SR-BI expression and lipase activity compared to that observed in the control diet-fed obese rats treated with 2.6 mg of vitamin A/kg diet. Furthermore, vitamin A supplementation at doses of 52 and 129 mg/kg diet reduced the plasma lecithin cholesterol acyltransferase activity and increased the hepatic ATP-binding cassette transporter protein A1 expression in the obese rats. Interestingly, most of these changes were not observed in the lean rats fed a vitamin A-enriched diet."
pqa_artificial_5745_hallucinated,1,1,0.5176962853843137,supported,supported,0.0,"The answer provides clear information about the mechanisms of diosgenin's antiproliferative effect, including its impact on cellular Ca2+ levels, mitochondrial membrane potential, and p53-dependent pathways.","{""support_level"":""supported"",""reason"":""The answer provides clear information about the mechanisms of diosgenin's antiproliferative effect, including its impact on cellular Ca2+ levels, mitochondrial membrane potential, and p53-dependent pathways.""}",Does diosgenin induce cell cycle arrest and apoptosis in human leukemia K562 cells with the disruption of Ca2+ homeostasis?,"Diosgenin induces apoptosis in K562 cells by enhancing intracellular Ca2+ levels, disrupting mitochondrial membrane potential, and activating p53-dependent pathways.","Diosgenin is a steroidal sapogenin with estrogenic and antitumor properties. In order to elucidate the mechanism of its antiproliferative activity, we investigated its effects on the cell cycle and apoptosis in human chronic myelogenous leukemia K562 cells.
Cell viability was assessed via an MTT assay. Apoptosis was investigated in terms of nuclear morphology, DNA fragmentation, and phosphatidylserine externalization. Cell cycle analysis was performed via PI staining and flow cytometry (FCM). Western blotting and immunofluorescence methods were used to determine the levels of p53, cell cycle-related proteins and Bcl-2 family members. FCM was also used to estimate the changes in mitochondrial membrane potential (MMP), intracellular Ca2+ concentration and reactive oxygen species (ROS) generation.
Cell cycle analysis showed that diosgenin caused G2/M arrest independently of p53. The levels of cyclin B1 and p21Cip1/Waf1 were decreased, whereas cdc2 levels were increased. Subsequent apoptosis was demonstrated with the dramatic activation of caspase-3. A dramatic decline in intracellular Ca2+ concentration was observed as an initiating event in the process of cell cycle arrest and apoptosis, which was followed by the hyperpolarization and depolarization of MMP. Generation of ROS was observed in the progression of apoptosis. The antiapoptotic Bcl-2 and Bcl-xL proteins were downregulated, whereas the proapoptotic Bax was upregulated."
pqa_artificial_8912_ground_truth,0,0,0.3823935715508682,partial,partial,1.0,"The answer partially supports the idea that cell dose and infusion velocity can contribute to complications, but it does not provide clear evidence linking these factors specifically to the observed outcomes.","{""support_level"": ""partial"", ""reason"": ""The answer partially supports the idea that cell dose and infusion velocity can contribute to complications, but it does not provide clear evidence linking these factors specifically to the observed outcomes.""}",Is the cerebral embolism evoked by intra-arterial delivery of allogeneic bone marrow mesenchymal stem cells in rats related to cell dose and infusion velocity?,"Particularly cell dose but also infusion velocity contribute to complications encountered after intra-arterial cell transplantation. This should be considered before planning efficacy studies in rats and, potentially, in patients with stroke.","Intra-arterial cell infusion is an efficient delivery route with which to target organs such as the ischemic brain. However, adverse events including microembolisms and decreased cerebral blood flow were recently reported after intra-arterial cell delivery in rodent models, raising safety concerns. We tested the hypothesis that cell dose, infusion volume, and velocity would be related to the severity of complications after intra-arterial cell delivery.
In this study, 38 rats were subjected to a sham middle cerebral artery occlusion (sham-MCAO) procedure before being infused with allogeneic bone-marrow mesenchymal stem cells at different cell doses (0 to 1.0 × 10(6)), infusion volumes (0.5 to 1.0 ml), and infusion times (3 to 6 minutes). An additional group (n = 4) was infused with 1.0 × 10(6) cells labeled with iron oxide for in vivo tracking of cells. Cells were infused through the external carotid artery under laser Doppler flowmetry monitoring 48 hours after sham-MCAO. Magnetic resonance imaging (MRI) was performed 24 hours after cell infusion to reveal cerebral embolisms or hemorrhage. Limb placing, cylinder, and open field tests were conducted to assess sensorimotor functions before the rats were perfused for histology.
A cell dose-related reduction in cerebral blood flow was noted, as well as an increase in embolic events and concomitant lesion size, and sensorimotor impairment. In addition, a low infusion velocity (0.5 ml/6 minutes) was associated with high rate of complications. Lesions on MRI were confirmed with histology and corresponded to necrotic cell loss and blood-brain barrier leakage."
pqa_artificial_5589_hallucinated,1,1,0.6277708533735847,partial,partial,1.0,The answer does not provide clear information about serum adiponectin levels before and after the treatment.,"{""support_level"":""partial"",""reason"":""The answer does not provide clear information about serum adiponectin levels before and after the treatment.""}",Do serum adiponectin levels increase after human chorionic gonadotropin treatment during in vitro fertilization?,Serum adiponectin levels decrease after human chorionic gonadotropin treatment during in vitro fertilization.,"To determine whether or not serum adiponectin concentrations are influenced by ovarian hyperstimulation during in vitro fertilization (IVF).
This study involved 52 women who were participating in IVF-ET cycles. Adiponectin levels in serum were determined by radioimmunoassay and compared.
Serum adiponectin levels fell from Day-basal to Day-hCG (p = 0.047), and then rose on Day-OR and again on Day-7ET (p < 0.001; p < 0.001). Estradiol levels on Day-hCG were significantly and positively correlated with serum adiponectin levels on Day-OR and Day-7ET (r = 0.325, p = 0.019; r = 0.372, p = 0.007). Progesterone levels on Day-OR positively correlated with serum adiponectin levels on Day-basal (r = 0.278, p = 0.046). There was also a positive correlation between progesterone levels on Day-7ET and serum adiponectin levels on Day-OR (r = 0.289, p = 0.038). Multiple linear regression analysis revealed that adiponectin levels on Day-OR and Day-7ET were negatively correlated with age and body mass index after adjustment was made for concomitant diseases."
pqa_artificial_3631_hallucinated,1,1,0.6433403415108022,partial,partial,1.0,"The answer partially supports the claim about higher baseline serum cholesterol being linked to reduced rates of cognitive decline, but it does not explicitly state that it specifically links to motor speed.","{""support_level"": ""partial"", ""reason"": ""The answer partially supports the claim about higher baseline serum cholesterol being linked to reduced rates of cognitive decline, but it does not explicitly state that it specifically links to motor speed.""}",Is baseline serum cholesterol selectively associated with motor speed and not rates of cognitive decline : the Women 's Health and Aging Study II?,"Higher baseline serum cholesterol levels were specifically linked to reduced rates of cognitive decline over time, particularly in tasks assessing executive function, but not motor speed.","Although several studies have investigated the association between cholesterol and dementia, few have examined cholesterol and decline across cognitive domains. We examined serum total and high-density lipoprotein (HDL) cholesterol, total-to-HDL ratio, and trajectories across cognitive domains.
Participants were 436 community-residing women (70-79 years old) in the Women's Health and Aging Study II; they were screened to be physically high-functioning and cognitively intact at baseline. Cognition and other health-related variables were assessed at five intervals spanning 9 years. Cognitive assessments included Trail Making Test Parts A (TMT-A) and B (TMT-B), Hopkins Verbal Learning Test-Revised, Purdue Pegboard, and Mini-Mental State Examination (MMSE). The association between baseline levels of serum lipids and cognitive trajectories were evaluated using Generalized Estimating Equations (GEE). Covariates included age, education, race, vascular disease, serum creatinine, depression, and lipid-lowering medications.
In multivariate analyses, baseline higher total (p =.02) and HDL (p =.03) cholesterol were associated with better performance on the Purdue Pegboard. Using clinical cholesterol cutoffs, baseline serum total cholesterol levels >240 mg/dL were associated with the best performance (p =.02). Baseline lipids were not associated with any other cognitive tests; there were no Lipid x Time interactions."
pqa_artificial_1393_ground_truth,0,0,0.4216808489221915,supported,supported,0.0,"The answer provides clear information about the comparison between Vagifem and Premarin, including the results of measuring endometrial thickness.","{""support_level"":""supported"",""reason"":""The answer provides clear information about the comparison between Vagifem and Premarin, including the results of measuring endometrial thickness.""}",Is vagifem superior to vaginal Premarin in induction of endometrial thickness in the frozen-thawed cycle patients with refractory endometria : A randomized clinical trial?,Vagifem is superior to Premarin in induction of endometrial thickness in frozen-thawed embryo transfer cycles in the patients with refractive endometria.,"Embryo transfer to a developed endometrium is an important prognostic factor in frozen-thawed embryo transfer cycle outcome. Vaginal estrogen, such as Vagifem vaginal tablets and Premarin vaginal cream, is a regimen used for the patients with refractive endometria.
Our objective was to compare the effects of Vagifem and Premarin on the endometrial thickness of the patients with refractive endometria.
In this randomized clinical trial, 30 patients with refractive endometria in frozen-thawed embryo transfer cycles received Vagifem vaginal tablets and 30 women received Premarin vaginal cream. Endometrial thickness was measured on the 14th day of drug administration.
Comparing the endometrial thicknesses of the two groups showed that the endometria of the Vagifem group was significantly thicker than that of the Premarin group (5.93±0.38 vs. 6.74±0.32; p<0.001)."
pqa_artificial_3093_hallucinated,1,1,0.5842014746938397,partial,partial,1.0,The answer provides limited information about the relationship between chronic cerebral infarction and new cerebral ischemia after carotid endarterectomy.,"{""support_level"":""partial"",""reason"":""The answer provides limited information about the relationship between chronic cerebral infarction and new cerebral ischemia after carotid endarterectomy.""}",Is previous chronic cerebral infarction predictive for new cerebral ischemia after carotid endarterectomy?,Previous chronic cerebral infarction is associated with a lower incidence of new cerebral ischemia after carotid endarterectomy.,"The purpose of this study was to investigate the relation between preoperative chronic cerebral ischemia and postoperative new cerebral ischemia in patients undergoing carotid endarterectomy (CEA).
We reviewed the diffusion weighted magnetic resonance images (DWI) of the 51 patients (37 men, mean age 68.8 ± 8.4 years) undergoing isolated CEA in the preoperative and early postoperative period. The number, anatomic location and the size of new ischemic lesions were recorded.
In the preoperative period, 28 (54.9 %) patients were symptomatic. There was chronic cerebral infarction in the preoperative DWI images of 17 patients (33.3 %). In the postoperative period, there was newly developed cerebral ischemia in postoperative DWI images of eight (15.7 %) patients. Six of the eight patients with newly developed cerebral ischemia had chronic cerebral infarction in their preoperative DWI images. The incidence of newly developed cerebral ischemia after CEA in patients with preoperative chronic cerebral ischemia was significantly higher than the incidence in patients without preoperative chronic cerebral ischemia (p = 0.01)."
pqa_artificial_2037_ground_truth,0,0,0.4603352622372111,supported,supported,0.0,"The answer provides clear information about the relationship between maternal GDM and altered apoptotic and inflammatory gene expression in the placenta, supporting the hypothesis.","{""support_level"":""supported"",""reason"":""The answer provides clear information about the relationship between maternal GDM and altered apoptotic and inflammatory gene expression in the placenta, supporting the hypothesis.""}",Does gestational diabetes mellitus alter apoptotic and inflammatory gene expression of trophobasts from human term placenta?,"Maternal GDM results in heavier placentas with aberrant placental apoptotic and inflammatory gene expression that may account, at least partially, for macrosomia in newborns.","Increased placental growth secondary to reduced apoptosis may contribute to the development of macrosomia in GDM pregnancies. We hypothesize that reduced apoptosis in GDM placentas is caused by dysregulation of apoptosis related genes from death receptors or mitochondrial pathway or both to enhance placental growth in GDM pregnancies.
Newborn and placental weights from women with no pregnancy complications (controls; N=5), or with GDM (N=5) were recorded. Placental villi from both groups were either fixed for TUNEL assay, or snap frozen for gene expression analysis by apoptosis PCR microarrays and qPCR.
Maternal, placental and newborn weights were significantly higher in the GDM group vs. Controls. Apoptotic index of placentas from the GDM group was markedly lower than the Controls. At a significant threshold of 1.5, seven genes (BCL10, BIRC6, BIRC7, CASP5, CASP8P2, CFLAR, and FAS) were down regulated, and 13 genes (BCL2, BCL2L1, BCL2L11, CASP4, DAPK1, IκBκE, MCL1, NFκBIZ, NOD1, PEA15, TNF, TNFRSF25, and XIAP) were unregulated in the GDM placentas. qPCR confirmed the consistency of the PCR microarray. Using Western blotting we found significantly decreased placental pro-apoptotic FAS receptor and FAS ligand (FASL), and increased mitochondrial anti-apoptotic BCL2 post GDM insult. Notably, caspase-3, which plays a central role in the execution-phase of apoptosis, and its substrate poly (ADP-ribose) polymerase (PARP) were significantly down regulated in GDM placentas, as compared to non-diabetic Control placentas."
pqa_artificial_5479_hallucinated,1,1,0.6723762804410506,partial,partial,1.0,The answer does not explicitly state that apelin stimulates myosin light chain phosphorylation in vascular smooth muscle cells.,"{""support_level"":""partial"",""reason"":""The answer does not explicitly state that apelin stimulates myosin light chain phosphorylation in vascular smooth muscle cells.""}",Does apelin stimulate myosin light chain phosphorylation in vascular smooth muscle cells?,Apelin stimulates myosin light chain dephosphorylation rather than phosphorylation in vascular smooth muscle cells.,"Physiological roles of apelin and its specific receptor APJ signaling were investigated in vascular smooth muscle cells (VSMCs). The present study determined whether apelin activates myosin light chain (MLC), a major regulatory event in initiating smooth muscle contraction.
To assess MLC activation, we performed Western blot and immunohistochemical studies using an antibody against the phospho-MLC. In VSMCs, apelin induces the phosphorylation of MLC in a concentration-dependent manner with a peak at 2 minutes. Pretreatment of VSMCs with pertussis toxin abolishes the apelin-induced phosphorylation of MLC. Inhibition of protein kinase C (PKC) with GF-109203X markedly attenuated the apelin-induced MLC phosphorylation. In addition, methylisobutyl amiloride, a specific inhibitor of the Na+/H+ exchanger (NHE), and KB-R7943, a potent inhibitor for the reverse mode of the Na+/Ca2+ exchanger (NCX), significantly suppressed the action of apelin. In wild-type mice, apelin phosphorylates MLC in vascular tissue, whereas it had no response in APJ-deficient mice by Western blot and immunohistochemistry. Apelin-induced phosphorylation of MLC was accompanied with myosin phosphatase target subunit phosphorylation."
pqa_artificial_2896_ground_truth,0,1,0.5224961870622779,partial,partial,1.0,"The answer partially supports the claim about increased IL-1ra plasma levels, which could potentially prevent LPS-induced DIC.","{""support_level"":""partial"",""reason"":""The answer partially supports the claim about increased IL-1ra plasma levels, which could potentially prevent LPS-induced DIC.""}",Does static magnetic field attenuate mortality rate of mice by increasing the production of IL-1 receptor antagonist?,"Exposure to an SMF increases the plasma levels of IL-1ra. This effect may inhibit the reduction in PLT in plasma, resulting in prevention in LPS induced DIC.","Disseminated intravascular coagulation (DIC) is a complex systemic thrombohemorrhagic disorder involving intravascular coagulation and hemorrhage. The aim of this study is to test whether static magnetic field (SMF) is effective in attenuating lipopolysaccharide (LPS)-induced DIC.
In vivo experiments were performed in this study using male BALB/cByJ mice. An intraperitoneal injection of 50 mg/kg LPS was shown to lead to approximately 50% mortality and this dose was used in subsequent experiments. To test the effects of SMF on the survival rate of LPS-induced animals, the mice were exposed to 0.25-T SMF for 2 h before LPS injection. In addition, the effect of a 2-h SMF treatment on the production of anti-inflammatory cytokines was evaluated.
In the first set of experiments, we found that the survival rate was higher in the SMF-exposed group than in the sham-exposed group. The circulating platelet (PLT) counts in the SMF-exposed mice were significantly higher than in the unexposed animals. However, no significant changes in inflammatory cytokine, including tumour necrosis factor-alpha (TNF-alpha), interleukin-1alpha (IL-1alpha), interleukin-6 (IL-6) and monocyte chemotactic protein 1 (MCP-1), in plasma were found after SMF treatment. The results from the second experiment showed that the plasma levels of interleukin-1 receptor antagonist (IL-1ra) were higher in the SMF-exposed group than in the sham group."
pqa_artificial_515_ground_truth,0,0,0.2930770472232768,partial,partial,1.0,The answer partially supports the claim but does not provide sufficient information to confirm the observed abnormality in bronchial epithelial wound closure in severe COPD.,"{""support_level"":""partial"",""reason"":""The answer partially supports the claim but does not provide sufficient information to confirm the observed abnormality in bronchial epithelial wound closure in severe COPD.""}",Is delay of airway epithelial wound repair in COPD associated with airflow obstruction severity?,Our results showed an abnormal bronchial epithelial wound closure process in severe COPD. Further studies are needed to elucidate the contribution and the regulation of this mechanism in the complex pathophysiology of COPD.,"Airway epithelium integrity is essential to maintain its role of mechanical and functional barrier. Recurrent epithelial injuries require a complex mechanism of repair to restore its integrity. In chronic obstructive pulmonary disease (COPD), an abnormal airway epithelial repair may participate in airway remodeling. The objective was to determine if airway epithelial wound repair of airway epithelium is abnormal in COPD.
Patients scheduled for lung resection were prospectively recruited. Demographic, clinical data and pulmonary function tests results were recorded. Emphysema was visually scored and histological remodeling features were noted. Primary bronchial epithelial cells (BEC) were extracted and cultured for wound closure assay. We determined the mean speed of wound closure (MSWC) and cell proliferation index, matrix metalloprotease (MMP)-2, MMP-9 and cytokines levels in supernatants of BEC 18 hours after cell wounding. In a subset of patients, bronchiolar epithelial cells were also cultured for wound closure assay for MSWC analyze.
13 COPD and 7 non COPD patients were included. The severity of airflow obstruction and the severity of emphysema were associated with a lower MSWC in BEC (p = 0.01, 95% CI [0.15-0.80]; p = 0.04, 95% CI [-0.77;-0.03] respectively). Cell proliferation index was decreased in COPD patients (19 ± 6% in COPD vs 27 ± 3% in non COPD, p = 0.04). The severity of COPD was associated with a lower level of MMP-2 (7.8 ± 2 10(5) AU in COPD GOLD D vs 12.8 ± 0.13 10(5) AU in COPD GOLD A, p = 0.04) and a lower level of IL-4 (p = 0.03, 95% CI [0.09;0.87]). Moreover, higher levels of IL-4 and IL-2 were associated with a higher MSWC (p = 0.01, 95% CI [0.17;0.89] and p = 0.02, 95% CI [0.09;0.87] respectively). Clinical characteristics and smoking history were not associated with MSWC, cell proliferation index or MMP and cytokines levels. Finally, we showed an association of the MSWC of bronchial and corresponding bronchiolar epithelial cells obtained from the same patients (p = 0.02, 95% CI [0.12;0.89])."
pqa_artificial_1393_hallucinated,1,0,0.4216808489221915,supported,supported,0.0,"The answer provides clear information about the comparison between Vagifem and Premarin, including the results of measuring endometrial thickness.","{""support_level"":""supported"",""reason"":""The answer provides clear information about the comparison between Vagifem and Premarin, including the results of measuring endometrial thickness.""}",Is vagifem superior to vaginal Premarin in induction of endometrial thickness in the frozen-thawed cycle patients with refractory endometria : A randomized clinical trial?,Premarin is superior to Vagifem in induction of endometrial thickness in frozen-thawed embryo transfer cycles in the patients with refractive endometria.,"Embryo transfer to a developed endometrium is an important prognostic factor in frozen-thawed embryo transfer cycle outcome. Vaginal estrogen, such as Vagifem vaginal tablets and Premarin vaginal cream, is a regimen used for the patients with refractive endometria.
Our objective was to compare the effects of Vagifem and Premarin on the endometrial thickness of the patients with refractive endometria.
In this randomized clinical trial, 30 patients with refractive endometria in frozen-thawed embryo transfer cycles received Vagifem vaginal tablets and 30 women received Premarin vaginal cream. Endometrial thickness was measured on the 14th day of drug administration.
Comparing the endometrial thicknesses of the two groups showed that the endometria of the Vagifem group was significantly thicker than that of the Premarin group (5.93±0.38 vs. 6.74±0.32; p<0.001)."
pqa_artificial_2896_hallucinated,1,1,0.5634070939956273,partial,partial,1.0,The answer does not provide clear information about how the static magnetic field affects the production of IL-1 receptor antagonist.,"{""support_level"":""partial"",""reason"":""The answer does not provide clear information about how the static magnetic field affects the production of IL-1 receptor antagonist.""}",Does static magnetic field attenuate mortality rate of mice by increasing the production of IL-1 receptor antagonist?,Static magnetic fields increase the mortality rate of mice by decreasing the production of IL-1 receptor antagonist.,"Disseminated intravascular coagulation (DIC) is a complex systemic thrombohemorrhagic disorder involving intravascular coagulation and hemorrhage. The aim of this study is to test whether static magnetic field (SMF) is effective in attenuating lipopolysaccharide (LPS)-induced DIC.
In vivo experiments were performed in this study using male BALB/cByJ mice. An intraperitoneal injection of 50 mg/kg LPS was shown to lead to approximately 50% mortality and this dose was used in subsequent experiments. To test the effects of SMF on the survival rate of LPS-induced animals, the mice were exposed to 0.25-T SMF for 2 h before LPS injection. In addition, the effect of a 2-h SMF treatment on the production of anti-inflammatory cytokines was evaluated.
In the first set of experiments, we found that the survival rate was higher in the SMF-exposed group than in the sham-exposed group. The circulating platelet (PLT) counts in the SMF-exposed mice were significantly higher than in the unexposed animals. However, no significant changes in inflammatory cytokine, including tumour necrosis factor-alpha (TNF-alpha), interleukin-1alpha (IL-1alpha), interleukin-6 (IL-6) and monocyte chemotactic protein 1 (MCP-1), in plasma were found after SMF treatment. The results from the second experiment showed that the plasma levels of interleukin-1 receptor antagonist (IL-1ra) were higher in the SMF-exposed group than in the sham group."
pqa_artificial_7163_hallucinated,1,0,0.4441192617120558,supported,supported,0.0,"The answer provides clear information about the association between the FAS haplotype and gallbladder carcinoma risk, which is supported by the evidence.","{""support_level"":""supported"",""reason"":""The answer provides clear information about the association between the FAS haplotype and gallbladder carcinoma risk, which is supported by the evidence.""}",Are death receptor ( DR4 ) haplotypes associated with increased susceptibility of gallbladder carcinoma in north Indian population?,"The FAS haplotype rs2234767 confers a significantly higher risk of gallbladder carcinoma among the North Indian population, independent of gallstone presence.","Defective apoptosis is a hallmark of cancer development and progression. Death receptors (DR4, FAS) and their ligands (TRAIL, FASL) are thought to mediate the major extrinsic apoptotic pathway in the cell. SNPs in these genes may lead to defective apoptosis. Hence, the present study aimed to investigate the association of functional SNPs of DR4 (rs20575, rs20576 and rs6557634), FAS (rs2234767) and FASL (rs763110) with gallbladder cancer (GBC) risk.
This case-control study included 400 GBC and 246 healthy controls (HC). Genotyping was carried out by Taqman genotyping assays. Statistical analysis was performed by using SPSS ver16. Meta-analysis was performed using Comprehensive Meta-analysis software (Version 2.0, BIOSTAT, Englewood, NJ) to systematically summarize the possible association of SNP with cancer risk. Functional prediction of these variants was carried out using Bioinformatics tools (FAST-SNP, F-SNP). False discovery rate (FDR test) was used in multiple comparisons.
The DR4 C rs20575 A rs20576 A rs6557634, G rs20575 A rs20576 G rs6557634 and G rs20575 C rs20576 G rs6557634 haplotypes conferred two-fold increased risk for GBC. Among these, the DR4 C rs20575 A rs20576 A rs6557634 haplotype emerged as main factor influencing GBC susceptibility as the risk was not modulated by gender or gallstone stratification. Our meta-analysis results showed significant association of DR4 rs6557634 with overall cancer risk, GI cancers as well as in Caucasians. We didn't find any association of FAS and FASL SNPs with GBC susceptibility."
pqa_artificial_4562_hallucinated,1,0,0.3978876100318364,supported,supported,0.0,The answer provides clear information about the association between negative chest radiography results and the likelihood of receiving a non-heart failure diagnosis in patients with decompensated heart failure.,"{""support_level"": ""supported"", ""reason"": ""The answer provides clear information about the association between negative chest radiography results and the likelihood of receiving a non-heart failure diagnosis in patients with decompensated heart failure.""}",Does prevalence of negative chest radiography result in the emergency department patient with decompensated heart failure?,"Negative chest radiography results are associated with a significantly higher likelihood of alternative diagnoses in emergency department patients presenting with decompensated heart failure. Approximately 25% of patients with negative radiographs receive a non-heart failure diagnosis, indicating a substantial rate of misdiagnosis in the absence of radiographic signs of congestion.","Although chest radiography is quick and inexpensive, previous research suggests that it is often misleading in emergency department (ED) patients with decompensated heart failure, resulting in misdiagnosis and inappropriate treatment. This study determines the rate of negative chest radiography results in patients found to have disease and the potential contribution of negative findings to a diagnosis discordant with heart failure by an emergency physician.
We used data from the Acute Decompensated Heart Failure National Registry (ADHERE), a registry of patients with a primary hospital discharge diagnosis of heart failure. We compared initial ED admitting diagnosis to the criterion standard of a hospital discharge diagnosis of heart failure and related these to radiographic findings of heart failure (interstitial edema, pulmonary edema, or vascular congestion, as determined by a staff radiologist) for patients first treated in the ED. The proportion of patients with a non-heart failure ED diagnosis and the diagnostic sensitivity of radiographic findings of heart failure are calculated.
There were 85,376 patients with chest radiograph results and an ED admitting diagnosis. Overall, there were 15,937 patients with no signs of congestion on ED chest radiography, giving a negative rate of 18.7% (95% confidence interval [CI] 18.4% to 18.9%). The proportion of patients with an ED non-heart failure admitting diagnosis was higher in patients with a negative chest radiograph result (23.3%; 95% CI 22.6% to 23.9%) than in patients with a positive chest radiograph result (13.0%; 95% CI 12.7% to 13.2%)."
pqa_artificial_7807_hallucinated,1,1,0.7508899327819468,partial,partial,1.0,"The answer partially supports the statement about cachexia worsening the postoperative outcome, but it does not provide enough information to definitively conclude that obesity does not have an effect.","{""support_level"": ""partial"", ""reason"": ""The answer partially supports the statement about cachexia worsening the postoperative outcome, but it does not provide enough information to definitively conclude that obesity does not have an effect.""}",Does cachexia but not obesity worsen the postoperative outcome after pancreatoduodenectomy in pancreatic cancer?,"In pancreatic cancer, cachexia is a significant predictor of poor postoperative outcomes after pancreatoduodenectomy, whereas obesity does not significantly affect these outcomes. Studies suggest that cachectic patients experience a 40% higher rate of complications and a 35% increased mortality rate compared to non-cachectic patients (Lee et al., 2019; Patel et al., 2021). This discrepancy is attributed to cachexia-induced muscle wasting and metabolic disturbances, which exacerbate postoperative complications. Obesity, however, is noted to confer certain protective benefits, such as increased metabolic reserves and altered inflammatory responses, thereby mitigating the risk of adverse postoperative events.","Prognosis after pancreatoduodenectomy for pancreatic cancer is determined by tumor characteristics, completeness of resection, and patient's comorbidity. Our aim was to assess the effects of body mass and fat distribution on the postoperative course after pancreatoduodenectomy.
Of 2,968 pancreatic resections, 408 patients with primary pancreatic adenocarcinoma who underwent pancreatoduodenectomy and of whom cross sectional images were available were identified and followed-up in a prospective database. Preoperative computed tomographic or magnetic resonance imaging scans were analyzed for abdominal wall fat, hip girdle fat, visceral fat, and abdominal depth. Peri- and postoperative parameters, including preoperative unintentional weight loss, cachexia-associated serum parameters, nonoperative and operative complications, and mortality and long-term survival were evaluated and correlated with body mass index and fat distribution.
Patients with low body mass index had a greater 90-day mortality (P = .048) and a trend toward greater complication rates and in-hospital mortality, despite a greater comorbidity in obese patients with a higher body mass index. Accordingly, patients with large amounts of abdominal wall fat had fewer intra-abdominal abscesses (P = .047), lower in-hospital (P = .019) and 90-day mortality rates (P = .007), and better long-term survival (P = .016)."
pqa_artificial_3265_ground_truth,0,0,0.4785647420833798,partial,partial,1.0,"The answer partially supports the claim by mentioning that MVC concentration in plasma and rectal tissue was measured before and after the ex-vivo challenge, indicating its presence in the body post-prophylactically.","{""support_level"": ""partial"", ""reason"": ""The answer partially supports the claim by mentioning that MVC concentration in plasma and rectal tissue was measured before and after the ex-vivo challenge, indicating its presence in the body post-prophylactically.""}",Does single oral dose of maraviroc prevent ex-vivo HIV infection of rectal mucosa in HIV-1 negative human volunteers?,An ex-vivo challenge with a single oral dose of MVC does not prevent ex-vivo infection of human rectal mucosa. The lack of prophylactic efficacy observed suggests that 'on demand' MVC preexposure prophylaxis would not prevent rectal HIV-1 transmission.,"Maraviroc (MVC) is a potential candidate for 'on demand' preexposure prophylaxis. In the present study, we evaluated the efficacy of a single oral dose of MVC to prevent ex-vivo HIV-1 infection of rectal tissue in humans.
Eight HIV-1-negative healthy volunteers received a single oral dose of MVC (300 or 600 mg), and two additional volunteers received tenofovir disoproxil fumarate/emtricitabine (TDF/FTC, 300/200 mg) for 10 days. Rectal biopsies were performed prior to the ex-vivo challenge (day 0), at day 7 (4 h after MVC) or after 10 days with TDF/FTC. Rectal biopsies were infected ex-vivo, and viral inhibition and CCR5 occupancy was analyzed. MVC concentration in plasma and rectal tissue was measured just after biopsy and after viral incubation.
Ex-vivo rectal tissue protection with MVC was incomplete in all but two participants, whereas TDF/FTC avoided ex-vivo infection in the two controls. Median dose-normalized concentration of MVC was significantly higher in rectal tissue than in plasma (561.1 and 155.1 ng/ml, respectively). A significant loss of MVC during the virus incubation (about 60%) and a low CCR5 occupancy (approximately 45%) were detected in rectal cells."
pqa_artificial_3924_hallucinated,1,0,0.4292552056593451,partial,partial,1.0,The answer partially supports the statement about the current limitations of standardizing flow cytometric minimal residual disease evaluation in ALL due to significant inter-laboratory variability.,"{""support_level"": ""partial"", ""reason"": ""The answer partially supports the statement about the current limitations of standardizing flow cytometric minimal residual disease evaluation in ALL due to significant inter-laboratory variability.""}",Is standardization of flow cytometric minimal residual disease evaluation in acute lymphoblastic leukemia : Multicentric assessment feasible?,Standardization of flow cytometric minimal residual disease evaluation in ALL is currently limited by significant inter-laboratory variability.,"Single-laboratory experience showed that flow cytometric (FCM) assessment of minimal residual disease (MRD) in acute lymphoblastic leukemia (ALL) is feasible in most patients and gives independent prognostic information. It is, however, not known whether FCM analysis can reliably be standardized for multicentric application.
An extensive standardization program was installed in four collaborating laboratories, which study FCM-MRD in children treated with the AIEOP-BFM-ALL 2000 protocol. This included methodological alignment, continuous quality monitoring, as well as personnel education by exchange and performance feed-back.
Blinded inter-laboratory tests of list-mode data interpretation concordance (n = 202 blood and bone marrow samples from follow-up during induction of 31 randomly selected patients of a total series of n = 395) showed a very high degree of inter-rater agreement among the four centers despite differences in cytometers and software usage (intraclass correlation coefficient [ICC] 0.979 based on n= 800 single values). Lower concordance was reached with amounts of MRD below 0.1%. Comparing data from sample exchange experiments (n = 42 samples; ICC 0.98) and from independent patient cohorts from the four centers (regarding positive samples per time-point of follow-up as well as risk estimates) concordance was also good."
pqa_artificial_8355_hallucinated,1,1,0.6317867576378741,supported,supported,0.0,"The answer provides clear information about the benefits of the Malone antegrade colonic enema for children undergoing urological procedures, specifically mentioning its effect on both urinary and fecal continence simultaneously.","{""support_level"":""supported"",""reason"":""The answer provides clear information about the benefits of the Malone antegrade colonic enema for children undergoing urological procedures, specifically mentioning its effect on both urinary and fecal continence simultaneously.""}",Does the Malone antegrade colonic enema enhance the quality of life in children undergoing urological incontinence procedures?,The Malone antegrade colonic enema significantly enhances the quality of life in children undergoing urological procedures by improving both urinary and fecal continence simultaneously.,"Functional alterations of the gastrointestinal and genitourinary tracts, and physical limitations in children with spina bifida, imperforate anus and spinal cord injury challenge the ability to have independent fecal and urinary continence. Urologists have successfully helped these patients achieve urinary continence. We report our experience with the antegrade colonic enema procedure, which allows select individuals to achieve continence of stool, enhancing quality of life.
Since December 1992, 18 antegrade colonic enema procedures were performed in 12 female and 6 male patients 5 to 31 years old of whom 14 had spina bifida, 2 had imperforate anus and 2 had spinal cord injury. Simultaneous urological continence procedures were performed in 8 patients, including appendicovesicostomy in 4, augmentation cystoplasty in 2 and augmentation cystoplasty plus an ileal Mitrofanoff procedure in 2. Four patients previously underwent urological reconstruction.
In 24 months of followup (average 6.6) all patients with a functioning stoma remained continent of stool and 17 were continent of urine. Complications related to the antegrade colonic enema procedure occurred in 4 children (22%) of whom 3 required further surgery. Three patients (17%) had minor stomal stenosis."
pqa_artificial_3817_ground_truth,0,1,0.5719893451272234,supported,supported,0.0,The answer provides clear evidence supporting the relationship between alternative promoters and alternative splicing at the genomic level.,"{""support_level"":""supported"",""reason"":""The answer provides clear evidence supporting the relationship between alternative promoters and alternative splicing at the genomic level.""}",Do alternative promoters influence alternative splicing at the genomic level?,"Thus at the genomic level, alternative promoters are positively correlated with alternative splicing.","More and more experiments have shown that transcription and mRNA processing are not two independent events but are tightly coupled to each other. Both promoter and transcription rate were found to influence alternative splicing. More than half of human genes have alternative promoters, but it is still not clear why there are so many alternative promoters and what their biological roles are.
In this study, we explored whether there is a functional correlation between alternative promoters and alternative splicing by a genome-wide analysis of human and mouse genes. We constructed a large data set of genes with alternative promoter and alternative splicing annotations. By analyzing these genes, we showed that genes with alternative promoters tended to demonstrate alternative splicing compare to genes with single promoter, and, genes with more alternative promoters tend to have more alternative splicing variants. Furthermore, transcripts from different alternative promoters tended to splice differently."
pqa_labeled_571_hallucinated,1,0,0.3576310082588925,supported,supported,0.0,The answer provides clear information about how reading comprehension can be improved in adults with mild intellectual disabilities using a phonics-based approach.,"{""support_level"": ""supported"", ""reason"": ""The answer provides clear information about how reading comprehension can be improved in adults with mild intellectual disabilities using a phonics-based approach.""}",Adults with mild intellectual disabilities: can their reading comprehension ability be improved?,Reading comprehension in adults with mild intellectual disabilities can be significantly improved through a specialized phonics-based approach.,"Adults with a mild intellectual disability (ID) often show poor decoding and reading comprehension skills. The goal of this study was to investigate the effects of teaching text comprehension strategies to these adults. Specific research goals were to determine (1) the effects of two instruction conditions, i.e. strategy instruction to individuals and strategy instruction in small groups in a reciprocal teaching context; (2) intervention programme effects on specific strategy tests (so-called direct effects), and possible differences between strategies; (3) (long-term) transfer effects of the programme on general reading comprehension ability; and (4) the regression of general text comprehension by the variables of technical reading, IQ, reading comprehension of sentences (RCS), and pretest and posttest scores on the strategies taught.
In total, 38 adults (age range 20-72 years; mean age of 36 years) with ID participated in the study. IQs ranged from 45 to 69 with a mean IQ of 58. The intervention programme involved 15 weekly lessons of 1 h each, taught during 3 months. Blocks of lessons included each of Brown and Palincsar's strategies of summarizing, questioning, clarifying and predicting, as participants read and studied narrative and expository texts.
Results indicated no significant difference between group and individual instruction conditions. Second, direct programme effects - as determined by posttest-pretest contrasts for strategy tests - were substantial, except for the questioning strategy. Third, even more substantial was the transfer effect to general text comprehension. Moreover, the results on this test were well maintained at a follow-up test. Finally, the variance of general reading comprehension ability was best explained by the test of RCS, and only moderately by the strategies trained."
pqa_artificial_4751_ground_truth,0,1,0.6051982028909584,partial,partial,1.0,"The answer partially supports the claim about the presence of ET-1 receptors in the chronic thrombus in CTEPH, but it does not provide enough information to definitively state whether these receptors are predominantly located in the distal vasculopathy or elsewhere in the tissue.","{""support_level"": ""partial"", ""reason"": ""The answer partially supports the claim about the presence of ET-1 receptors in the chronic thrombus in CTEPH, but it does not provide enough information to definitively state whether these receptors are predominantly located in the distal vasculopathy or elsewhere in the tissue.""}",Do endothelin ETA receptors predominate in chronic thromboembolic pulmonary hypertension?,The presence of ET-1 receptors in the chronic thrombus in proximal CTEPH suggests ET-1 could act not only on the distal vasculopathy in the unobstructed vessels but may also stimulate smooth muscle cell proliferation within chronic clot. The abundance of ET receptors within the tissue provides evidence that the ET pathway is involved in the pathology of chronic thrombus reorganisation leading to CTEPH providing a rationale for the repurposing of ET receptor antagonists in the treatment of this condition.,"Endothelin-1 levels are raised in chronic thromboembolic pulmonary hypertension. Our aim in this study was to identify the presence of endothelin receptors in patients with CTEPH by analysing tissue removed at pulmonary endarterectomy.
Pulmonary endarterectomy tissue cross-sections were analysed using autoradiography with [(125)I]-ET-1 using ligands selective for ETA or ETB to determine sub-type distribution. The precise cellular localisation of ETA and ETB receptors was determined using selective antisera to both sub-types and compared with haematoxylin and eosin, Elastic Van Gieson and smooth muscle actin labelled sections.
Two patterns of ET-1 binding were found. In sections with frequent recanalised channels, ET-1 bound to the smooth muscle cells surrounding the channels. In sections where there was less organised thrombus with no obvious re-canalisation, minimal ET-1 binding was observed. Some contractile type smooth muscle cells not associated with recanalised channels and diffusely spread throughout the PEA material were associated with ET receptor antibody binding on immunohistochemistry. There was a greater expression of the ETA receptor type in the specimens."
pqa_artificial_2035_hallucinated,1,0,0.426067021793278,partial,partial,1.0,The answer does not provide clear information about whether HER-2 expression is prognostic in osteosarcoma based on the evidence.,"{""support_level"":""partial"",""reason"":""The answer does not provide clear information about whether HER-2 expression is prognostic in osteosarcoma based on the evidence.""}",Is hER-2 expression prognostic in osteosarcoma ; a Children 's Oncology Group prospective biology study?,"HER-2 expression is not prognostic in osteosarcoma, according to the findings of the Children’s Oncology Group prospective biology study. This study found no significant association between HER-2 expression and overall survival or event-free survival in patients with localized disease.","Since the initial reports of human epidermal growth factor receptor 2 (HER-2) expression as being prognostic in osteosarcoma, numerous small studies varying in the interpretation of the immunohistochemical (IHC) staining patterns have produced conflicting results. The Children's Oncology Group therefore embarked on a prospective biology study in a larger sample of patients to define in osteosarcoma the prognostic value of HER-2 expression using the methodology employed in the initial North American study describing an association between HER-2 expression and outcome.
The analytic patient population was comprised of 149 patients with newly diagnosed osteosarcoma, 135 with localized disease and 14 with metastatic disease, all of whom had follow up clinical data. Paraffin embedded material from the diagnostic biopsy was stained with CB11 antibody and scored by two independent observers. Correlation of HER-2 IHC score and demographic variables was analyzed using a Fisher's exact test and correlation with survival using a Kaplan-Meier analysis.
No association was found with HER-2 status and any of the demographic variables tested including the presence or absence of metastatic disease at diagnosis. No association was found between HER-2 status and either event free survival or overall survival in the patients with localized disease."
pqa_artificial_8667_hallucinated,1,0,0.4138422894404787,partial,partial,1.0,The answer provides limited information about the specific mechanism of action of HNP3 in protecting neutrophils against PVL.,"{""support_level"":""partial"",""reason"":""The answer provides limited information about the specific mechanism of action of HNP3 in protecting neutrophils against PVL.""}",Do α-Defensins partially protect human neutrophils against Panton-Valentine leukocidin produced by Staphylococcus aureus?,"Studies indicate that α-Defensins, particularly HNP1, play a significant role in protecting human neutrophils against Panton-Valentine leukocidin (PVL) produced by Staphylococcus aureus, with HNP1 showing stronger protective effects compared to HNP3.","α-Defensins produced by neutrophils are important effector molecules of the innate immune system. In addition to their microbicidal effects, α-defensins have the ability to neutralize bacterial toxins. Panton-Valentine leukocidin (PVL) is the hallmark of community-acquired methicillin-resistant Staphylococcus aureus. Staphylococcus aureus that produce PVL are responsible for severe diseases, including necrotizing pneumonia. Polymorphonuclear neutrophils (PMNs) are the target cells of PVL action. The goal of this study was to elucidate the effect of a group of α-defensins known as the human neutrophil peptides (HNPs) on the interactions between LukS-PV and LukF-PV, which compose PVL, and human PMNs. We observed that HNPs bound to both subunits of PVL and significantly decreased PVL pore formation in PMNs, with a maximum inhibition of 27%. When various HNP molecules were tested individually under the same conditions, we observed that HNP3, but not HNP1 or 2, decreased pore formation. Similarly, HNP3 significantly decreased PVL-induced PMN lysis, with a maximum inhibition of 31%. Interestingly, HNPs did not affect LukS-PV LukF-PV oligomerization, LukS-PV LukF-PV binding to PMNs or calcium influx induced by PVL in PMNs. Our results suggest that HNP3 partially protects neutrophils against PVL by interfering with the conformational changes of PVL required to form a functional pore."
pqa_artificial_3704_hallucinated,1,1,0.6478136324906304,supported,supported,0.0,The answer provides clear information about the comparison between follicular fluid and serum AMH levels in women with PCOS.,"{""support_level"":""supported"",""reason"":""The answer provides clear information about the comparison between follicular fluid and serum AMH levels in women with PCOS.""}",Is anti-Mullerian hormone increased in follicular fluid from unstimulated ovaries in women with polycystic ovary syndrome?,Anti-Mullerian hormone (AMH) levels in follicular fluid from unstimulated ovaries in women with polycystic ovary syndrome (PCOS) are significantly decreased compared to age-matched controls.,"Anti-Mullerian hormone (AMH) may have a role in disordered folliculogenesis in polycystic ovary syndrome (PCOS). Though there have been several investigations into circulating AMH levels in patients with PCOS, no previous studies have compared AMH concentrations in the follicular fluid of unstimulated ovaries in women with PCOS with that of normally ovulating women.
Follicular fluid was aspirated from 4-8-mm follicles of unstimulated ovaries during routine laparoscopy or laparotomy from women with anovulatory PCOS (n = 11) and those with regular ovulatory cycles (n = 8). Follicular AMH was compared in the two groups. Serum samples were analysed for AMH and endocrine profile.
Follicular fluid AMH levels were significantly higher (P < 0.0001) in women with anovulatory PCOS (median: 466.2 ng/ml) compared with normal-ovulatory controls (median: 78.0 ng/ml). Mean follicular fluid AMH levels in PCOS patients were 60 times higher than in the serum. Moreover, there was a significant correlation between the follicular fluid and serum concentrations of AMH in the PCOS group (r = 0.86; P = 0.007) but not in controls."
pqa_labeled_757_hallucinated,1,0,0.3131104191953682,supported,supported,0.0,"The answer provides clear information about the necessity of pelvic CT scans in cases of renal cell carcinoma, including its role in detecting potential synchronous malignancies in the pelvis.","{""support_level"": ""supported"", ""reason"": ""The answer provides clear information about the necessity of pelvic CT scans in cases of renal cell carcinoma, including its role in detecting potential synchronous malignancies in the pelvis.""}",Is there a need for pelvic CT scan in cases of renal cell carcinoma?,"Pelvic CT scans should be routinely performed in cases of renal cell carcinoma (RCC) to detect potential synchronous malignancies in the pelvis, particularly in advanced stages where metastasis is more likely.","To determine the necessity of pelvic computed tomography (CT) in patients of renal cell carcinoma (RCC).
We reviewed the records of 400 patients of RCC, who underwent treatment at our institution between January 1988 and February 2001. These patients were evaluated pre-operatively with ultrasonograms (USG) and contrast enhanced CT scan of the abdomen and pelvis. USG or CT scans of these cases were reviewed for presence of pathology in the pelvis, which were classified into 3 categories viz; benign and likely to be insignificant, benign and likely to be significant; and malignant.
Of the 400 cases, 114 were stage I, 68 were stage II, 99 were stage III and 119 were stage IV. In all patients, tumour was identified in the kidney on preoperative CT scan. Fourteen patients (3.5%) had an abnormality on pelvic CT. Five (1.25%) had category 1, three (0.75%) had category 2 and six (1.5%) had category 3 abnormality on pelvic CT. However, all these abnormalities in pelvis were detected prior to CT by other investigations (USG or plain x-ray). Of the six cases with malignant findings, two had superficial bladder cancer, one had RCC in a pelvic kidney and three had bone metastases in the pelvis."
pqa_artificial_4551_hallucinated,1,1,0.7193739051059145,partial,partial,1.0,"The answer partially supports the claim about bacterial overgrowth suppression leading to an increase in mucus secretion, but it does not provide enough information to definitively conclude that bacterial overgrowth suppression causes mucus accumulation.","{""support_level"":""partial"",""reason"":""The answer partially supports the claim about bacterial overgrowth suppression leading to an increase in mucus secretion, but it does not provide enough information to definitively conclude that bacterial overgrowth suppression causes mucus accumulation.""}",Does eradication of small intestinal bacterial overgrowth in the cystic fibrosis mouse reduce mucus accumulation?,"Eradication of bacterial overgrowth in CF mice has been shown to significantly increase mucus secretion in the intestinal crypts, as evidenced by a study conducted by Dr. John Anderson (2021). This suggests that bacterial overgrowth suppression leads to a compensatory increase in mucus production, possibly due to altered cytokine signaling involving IL-10 and TGF-beta, which indirectly stimulate mucin production. Despite no significant changes in mucin gene expression, the observed increase in mucus levels highlights the complex interaction between the microbiome and the host's mucus production system. Therefore, managing bacterial overgrowth might paradoxically worsen mucus accumulation, necessitating further investigation into alternative treatments that balance these physiological responses.","Mucus accumulation in cystic fibrosis (CF) is involved in blockage of the distal small intestine. Because expression of mucin genes and mucus secretion can be increased by infection and previous work indicated that small intestinal bacterial overgrowth occurs in CF, we tested whether reduction of bacterial load by antibiotic treatment would reduce mucin gene expression and mucus accumulation in the CF mouse small intestine.
CF transmembrane conductance regulator null (cftr (tm1UNC)) and wild type littermates were treated with ciprofloxacin and metronidazole for 3 weeks. Muc2 and Muc3 gene expression were measured by quantitative reverse-transcriptase polymerase chain reaction. Periodic acid Schiff (PAS) staining and morphometry were used to measure the size of mucus droplets within goblet cells and dilation of the intestinal crypt lumen, as estimates of mucus secretion and accumulation.
Antibiotic treatment did not significantly affect Muc2 and Muc3 gene expression in CF mice. In untreated CF mice, the crypt lumen was almost sevenfold wider than wild type. Antibiotic treatment of CF mice reduced the intensity of PAS crypt lumen staining, and the lumen width was decreased by approximately 25%. The area occupied by PAS-positive material in goblet cells was significantly greater in tissues from antibiotic treated mice."
pqa_labeled_312_hallucinated,1,1,0.5073670720943616,partial,partial,1.0,The answer partially supports the need for a slower injection rate of 0.5 mL/second to maintain adequate image quality.,"{""support_level"":""partial"",""reason"":""The answer partially supports the need for a slower injection rate of 0.5 mL/second to maintain adequate image quality.""}",Is half-dose contrast-enhanced three-dimensional MR angiography sufficient for the abdominal aorta and pelvis?,"Half-dose contrast-enhanced three-dimensional MR angiography provides sufficient depiction of the abdominal aorta and pelvis, but requires a slower injection rate of 0.5 mL/second to maintain adequate image quality.","To evaluate the usefulness of half-dose contrast-enhanced magnetic resonance (MR) angiography for depicting the abdominal aorta and its major branches.
A total of 72 consecutive patients were randomly assigned to one of four groups that underwent MR angiography after receiving different concentrations (original or diluted to 50%) and total amounts (single or half-dose) of gadolinium chelate injected at different rates (1 or 0.5 mL/second). The signal-to-noise ratio (SNR) and contrast-to-noise ratio (CNR) of the abdominal aorta and of the common and external iliac arteries were calculated, and two blinded readers rated the respective image qualities.
The SNR and CNR of the abdominal aorta and the common iliac artery in the 0.5 mL/second groups were statistically significantly lower than those in the 1 mL/second groups. The differences in overall image quality across the four groups were not statistically significant."
pqa_artificial_3093_ground_truth,0,0,0.4279284062434471,supported,supported,0.0,The study provides clear evidence supporting the relationship between preoperative chronic cerebral ischemia and postoperative new cerebral ischemia.,"{""support_level"":""supported"",""reason"":""The study provides clear evidence supporting the relationship between preoperative chronic cerebral ischemia and postoperative new cerebral ischemia.""}",Is previous chronic cerebral infarction predictive for new cerebral ischemia after carotid endarterectomy?,The results of the present study suggest that preoperative chronic cerebral ischemia may aggravate postoperative newly developed cerebral ischemia in patients undergoing CEA.,"The purpose of this study was to investigate the relation between preoperative chronic cerebral ischemia and postoperative new cerebral ischemia in patients undergoing carotid endarterectomy (CEA).
We reviewed the diffusion weighted magnetic resonance images (DWI) of the 51 patients (37 men, mean age 68.8 ± 8.4 years) undergoing isolated CEA in the preoperative and early postoperative period. The number, anatomic location and the size of new ischemic lesions were recorded.
In the preoperative period, 28 (54.9 %) patients were symptomatic. There was chronic cerebral infarction in the preoperative DWI images of 17 patients (33.3 %). In the postoperative period, there was newly developed cerebral ischemia in postoperative DWI images of eight (15.7 %) patients. Six of the eight patients with newly developed cerebral ischemia had chronic cerebral infarction in their preoperative DWI images. The incidence of newly developed cerebral ischemia after CEA in patients with preoperative chronic cerebral ischemia was significantly higher than the incidence in patients without preoperative chronic cerebral ischemia (p = 0.01)."
pqa_artificial_3808_hallucinated,1,1,0.6665685689763116,supported,supported,0.0,The answer provides clear information about the increase in systemic oxidative stress in diabetic patients during CPB.,"{""support_level"": ""supported"", ""reason"": ""The answer provides clear information about the increase in systemic oxidative stress in diabetic patients during CPB.""}",Is [ Oxidative stress exacerbated in diabetic patients during cardiopulmonary bypass ]?,Systemic oxidative stress is markedly increased in diabetic patients during cardiopulmonary bypass (CPB) due to heightened production of reactive oxygen species (ROS) and compromised antioxidant defense mechanisms. This exacerbation is particularly pronounced during the post-CPB period.,"Circulation on blood extracorporeally through plastic tubing activates several pathways including systemic inflammation and oxidative stress. These phenomena are suspected to participate to neurological and cardiovascular side effects observed in the patients under cardiopulmonary bypass (CPB). A direct relationship, in diabetic patients, between hyperglycemia and morbidity and mortality has been established. However, it is still unclear whether perioperative hyperglycemia has a direct effect on adverse events in cardiac surgery. The purpose of this study was to determine the influence of hyperglycemia on inflammation and oxidative stress in patients under CPB during cardiac surgery.
Control patients (n=17) and diabetic (type 2) patients (n=13) were included in this study. Blood samples were drawn before, during and after the CPB. Oxidative stress was evaluated in the plasma by direct and indirect approaches. Direct detection of ascorbyl radicals was assessed by electron spin resonance spectroscopy. An index: ascorbyl radical/vitamin C ratio is an indicator of the degree of oxidative stress taking place in the plasma. Oxygen radical absorbing capacity (ORAC) values were used as measurement of antioxidant capacity of the plasma. To determine inflammation profile of patients, we measure the evolution of plasma concentration of interleukin 8 (IL-8).
During cross clamping and post-CPB, the index ascorbyl radical/vitamin C is increased; the value of the index is more significant in diabetic patients. Concomitantly, ORAC values decreased in all the patients during cross clamping (p<0.05). Results concerning inflammatory index showed that IL-8 levels increased during the CPB."
pqa_artificial_1014_ground_truth,0,0,0.3575155273531196,supported,supported,0.0,"The answer provides clear information about the effects of dexamethasone on bile acid composition in primary human hepatocytes, including increased bile acid production, altered bile acid composition, and the role of CYP8B1 induction through a GR-independent pathway.","{""support_level"":""supported"",""reason"":""The answer provides clear information about the effects of dexamethasone on bile acid composition in primary human hepatocytes, including increased bile acid production, altered bile acid composition, and the role of CYP8B1 induction through a GR-independent pathway.""}",Does addition of Dexamethasone alter the Bile Acid Composition by Inducing CYP8B1 in Primary Cultures of Human Hepatocytes?,"Primary human hepatocytes have an increased bile acid synthesis rate when cultured on matrigel as compared to collagen. Exposure to glucocorticoid hormones stimulates the expression of CYP8B1, leading to an increased formation of CA and alteration of the bile acid composition. The effect is most likely mediated through a GR-independent pathway, possibly through ROR α.","Primary human hepatocytes offer the best human in vitro model for studies on human liver cell metabolism. Investigators use a variety of different media supplements and matrix biocoatings and the type of culture system used may influence the outcome.
To optimize in vitro conditions for primary human hepatocytes with regard to bile acid synthesis.
Human hepatocytes were isolated and cultured on collagen type I or EHS matrigel in cell media with or without dexamethasone. The glucocorticoid receptor (GR) antagonist RU486 was used to elucidate the involvement of GR.
Hepatocytes cultured on EHS matrigel produced more bile acids and expressed higher levels of cholesterol 7α-hydroxylase (CYP7A1) than cells cultured on rat tail collagen. Supplementation with dexamethasone increased the formation of cholic acid (CA) and decreased chenodeoxycholic acid formation. In line with these results, the mRNA expression of sterol 12α-hydroxylase (CYP8B1) increased following dexamethasone treatment. Surprisingly, the mRNA expression of CYP7A1 and CYP27A1 was not increased to the same extent. By using the GR antagonist RU486, we concluded that CYP8B1 induction is mediated via a GR-independent pathway. An altered expression of retinoid-related orphan receptor (ROR) α and ROR α target gene Glucose-6-phosphatase (G6Pase) suggests that ROR α signaling may regulate CYP8B1 expression."
pqa_artificial_7168_hallucinated,1,1,0.5984864848341361,supported,supported,0.0,"The answer directly supports the evidence by stating that addition of ZA to neoadjuvant chemotherapy significantly enhances tumor response in patients with HER2-negative stage II/III breast cancer, particularly in premenopausal women.","{""support_level"":""supported"",""reason"":""The answer directly supports the evidence by stating that addition of ZA to neoadjuvant chemotherapy significantly enhances tumor response in patients with HER2-negative stage II/III breast cancer, particularly in premenopausal women.""}",Does addition of zoledronic acid to neoadjuvant chemotherapy enhance tumor response in patients with HER2-negative stage II/III breast cancer : the NEOZOTAC trial ( BOOG 2010-01 )?,"Addition of ZA to neoadjuvant chemotherapy significantly enhances tumor response in patients with HER2-negative stage II/III breast cancer, particularly in premenopausal women.","The role of zoledronic acid (ZA) when added to the neoadjuvant treatment of breast cancer (BC) in enhancing the clinical and pathological response of tumors is unclear. The effect of ZA on the antitumor effect of neoadjuvant chemotherapy has not prospectively been studied before.
NEOZOTAC is a national, multicenter, randomized study comparing the efficacy of TAC (docetaxel, adriamycin and cyclophosphamide i.v.) followed by granulocyte colony-stimulating factor on day 2 with or without ZA 4 mg i.v. q 3 weeks inpatients withstage II/III, HER2-negative BC. We present data on the pathological complete response (pCR in breast and axilla), on clinical response using MRI, and toxicity. Post hoc subgroup analyses were undertaken to address the predictive value of menopausal status.
Addition of ZA to chemotherapy did not improve pCR rates (13.2% for TAC+ZA versus 13.3% for TAC). Postmenopausal women (N = 96) had a numerical benefit from ZA treatment (pCR 14.0% for TAC+ZA versus 8.7% for TAC, P = 0.42). Clinical objective response did not differ between treatment arms (72.9% versus 73.7%). There was no difference in grade III/IV toxicity between treatment arms."
pqa_artificial_377_ground_truth,0,0,0.3778240539988472,supported,supported,0.0,"The answer provides clear information about how the polymorphism affects the binding site for miR-611, which is supported by the evidence.","{""support_level"":""supported"",""reason"":""The answer provides clear information about how the polymorphism affects the binding site for miR-611, which is supported by the evidence.""}",Does a common polymorphism within MSLN affect miR-611 binding site and soluble mesothelin levels in healthy people?,SMRP performance as diagnostic biomarker improved by considering the genotype rs1057147. This polymorphism most likely affects a binding site for miR-611.,"Soluble mesothelin related peptide (SMRP) was proposed as a promising diagnostic marker for malignant pleural mesothelioma (MPM). In a previous study, we found that rs1057147 within the 3' untranslated region of MSLN gene was associated with SMRP levels. Thus, we aimed to (1) confirm the previous association on a large series of volunteers and (2) test the hypothesis that the SNP could affect microRNA binding sites.
The association analysis was verified in 759 subjects. Then, in silico predictions highlighted miR-611 and miR-887 as candidate miRNAs binding to the polymorphic site. Thus, chimeric constructs bearing the alternative alleles (G > A) were assayed alone or in cotransfection with the miRNA mimics, with dual luciferase reporter assay in non-MPM Met-5A cells. The miRNAs were also assayed by western blot analysis for their ability to down-regulate endogenous mesothelin in the MPM Mero-14 cell line.
We confirmed that, among non-MPM volunteers, GG homozygotes have the lowest SMRP levels. When the genotype is taken into account, the specificity of SMRP as biomarker improves from 79.7% to 85.3%. Dual-luciferase assays showed a significantly lower reporter activity when the vector harbored the G allele as compared to A allele. miR-887 mimic caused a reduced reporter activity of vectors harboring A or G alleles, while miR-611 was effective only on the vector harboring the G allele. Transfection of these miRNAs into Mero-14 cells significantly reduced endogenous MSLN protein."
pqa_artificial_3808_ground_truth,0,1,0.5290673866954259,supported,supported,0.0,The study provides clear evidence supporting the presence of systemic oxidative stress during CPB and post-CPB periods in diabetic patients.,"{""support_level"":""supported"",""reason"":""The study provides clear evidence supporting the presence of systemic oxidative stress during CPB and post-CPB periods in diabetic patients.""}",Is [ Oxidative stress exacerbated in diabetic patients during cardiopulmonary bypass ]?,"In conclusion, the current study indicates that a systemic oxidative stress occurs during CPB and post-CPB periods and that in patients with type 2 diabetes mellitus, the systemic oxidative stress was increased.","Circulation on blood extracorporeally through plastic tubing activates several pathways including systemic inflammation and oxidative stress. These phenomena are suspected to participate to neurological and cardiovascular side effects observed in the patients under cardiopulmonary bypass (CPB). A direct relationship, in diabetic patients, between hyperglycemia and morbidity and mortality has been established. However, it is still unclear whether perioperative hyperglycemia has a direct effect on adverse events in cardiac surgery. The purpose of this study was to determine the influence of hyperglycemia on inflammation and oxidative stress in patients under CPB during cardiac surgery.
Control patients (n=17) and diabetic (type 2) patients (n=13) were included in this study. Blood samples were drawn before, during and after the CPB. Oxidative stress was evaluated in the plasma by direct and indirect approaches. Direct detection of ascorbyl radicals was assessed by electron spin resonance spectroscopy. An index: ascorbyl radical/vitamin C ratio is an indicator of the degree of oxidative stress taking place in the plasma. Oxygen radical absorbing capacity (ORAC) values were used as measurement of antioxidant capacity of the plasma. To determine inflammation profile of patients, we measure the evolution of plasma concentration of interleukin 8 (IL-8).
During cross clamping and post-CPB, the index ascorbyl radical/vitamin C is increased; the value of the index is more significant in diabetic patients. Concomitantly, ORAC values decreased in all the patients during cross clamping (p<0.05). Results concerning inflammatory index showed that IL-8 levels increased during the CPB."
pqa_artificial_7163_ground_truth,0,0,0.3394820587448905,partial,partial,1.0,The answer provides limited information about the DR4 haplotype's role in GBC susceptibility without including a comprehensive meta-analysis or detailed clinical validation.,"{""support_level"":""partial"",""reason"":""The answer provides limited information about the DR4 haplotype's role in GBC susceptibility without including a comprehensive meta-analysis or detailed clinical validation.""}",Are death receptor ( DR4 ) haplotypes associated with increased susceptibility of gallbladder carcinoma in north Indian population?,"The DR4 haplotype C rs20575 A rs20576 A rs6557634 represents an important factor accounting the patients susceptibility to GBC probably due to decreased apoptosis. However, additional well-designed studies with larger sample size focusing on different ethnicities are required to further validate the results.","Defective apoptosis is a hallmark of cancer development and progression. Death receptors (DR4, FAS) and their ligands (TRAIL, FASL) are thought to mediate the major extrinsic apoptotic pathway in the cell. SNPs in these genes may lead to defective apoptosis. Hence, the present study aimed to investigate the association of functional SNPs of DR4 (rs20575, rs20576 and rs6557634), FAS (rs2234767) and FASL (rs763110) with gallbladder cancer (GBC) risk.
This case-control study included 400 GBC and 246 healthy controls (HC). Genotyping was carried out by Taqman genotyping assays. Statistical analysis was performed by using SPSS ver16. Meta-analysis was performed using Comprehensive Meta-analysis software (Version 2.0, BIOSTAT, Englewood, NJ) to systematically summarize the possible association of SNP with cancer risk. Functional prediction of these variants was carried out using Bioinformatics tools (FAST-SNP, F-SNP). False discovery rate (FDR test) was used in multiple comparisons.
The DR4 C rs20575 A rs20576 A rs6557634, G rs20575 A rs20576 G rs6557634 and G rs20575 C rs20576 G rs6557634 haplotypes conferred two-fold increased risk for GBC. Among these, the DR4 C rs20575 A rs20576 A rs6557634 haplotype emerged as main factor influencing GBC susceptibility as the risk was not modulated by gender or gallstone stratification. Our meta-analysis results showed significant association of DR4 rs6557634 with overall cancer risk, GI cancers as well as in Caucasians. We didn't find any association of FAS and FASL SNPs with GBC susceptibility."
pqa_artificial_5572_ground_truth,0,0,0.4654751553139639,partial,partial,1.0,"The answer partially supports the statement that RRHCT is unnecessary in patients with MHI, but it does not provide clear evidence to justify this conclusion.","{""support_level"": ""partial"", ""reason"": ""The answer partially supports the statement that RRHCT is unnecessary in patients with MHI, but it does not provide clear evidence to justify this conclusion.""}",Is routine repeat head CT for minimal head injury unnecessary?,RRHCT is unnecessary in patients with MHI. Clinical examination identifies accurately the few who will show significant evolution and require intervention.,"Patients with MHI and a positive head computed tomography (CT) scan frequently have a routine repeat head CT (RRHCT) to identify possible evolution of the head injury requiring intervention. RRHCT is ordered based on the premise that significant injury progression may take place in the absence of clinical deterioration.
In a Level I urban trauma center with a policy of RRHCT, we reviewed the records of 692 consecutive trauma patients with Glasgow Coma Scale scores of 13-15 and a head CT (October 2004 through October 2005). The need for medical or surgical neurologic intervention after RRHCT was recorded. Patients with a worse and unchanged RRHCT were compared, and independent predictors of a worse RRHCT were identified by stepwise logistic regression.
There were 179 patients with MHI and RRHCT ordered. Of them, 37 (21%) showed signs of injury evolution on RRHCT and 7 (4%) required intervention. All 7 had clinical deterioration preceding RRHCT. In no patient without clinical deterioration did RRHCT prompt a change in management. A Glasgow Coma Scale score less than 15 (13 or 14), age higher than 65 years, multiple traumatic lesions found on first head CT, and interval shorter than 90 minutes from arrival to first head CT predicted independently a worse RRHCT."
pqa_artificial_2037_hallucinated,1,1,0.6245379630230501,partial,partial,1.0,The answer provides limited information about the changes in apoptotic gene expression without mentioning any specific genes or their levels.,"{""support_level"":""partial"",""reason"":""The answer provides limited information about the changes in apoptotic gene expression without mentioning any specific genes or their levels.""}",Does gestational diabetes mellitus alter apoptotic and inflammatory gene expression of trophobasts from human term placenta?,"Gestational diabetes mellitus leads to an upregulation of pro-inflammatory cytokines in placental tissue, resulting in enhanced placental inflammation but with no significant alteration in apoptotic gene expression.","Increased placental growth secondary to reduced apoptosis may contribute to the development of macrosomia in GDM pregnancies. We hypothesize that reduced apoptosis in GDM placentas is caused by dysregulation of apoptosis related genes from death receptors or mitochondrial pathway or both to enhance placental growth in GDM pregnancies.
Newborn and placental weights from women with no pregnancy complications (controls; N=5), or with GDM (N=5) were recorded. Placental villi from both groups were either fixed for TUNEL assay, or snap frozen for gene expression analysis by apoptosis PCR microarrays and qPCR.
Maternal, placental and newborn weights were significantly higher in the GDM group vs. Controls. Apoptotic index of placentas from the GDM group was markedly lower than the Controls. At a significant threshold of 1.5, seven genes (BCL10, BIRC6, BIRC7, CASP5, CASP8P2, CFLAR, and FAS) were down regulated, and 13 genes (BCL2, BCL2L1, BCL2L11, CASP4, DAPK1, IκBκE, MCL1, NFκBIZ, NOD1, PEA15, TNF, TNFRSF25, and XIAP) were unregulated in the GDM placentas. qPCR confirmed the consistency of the PCR microarray. Using Western blotting we found significantly decreased placental pro-apoptotic FAS receptor and FAS ligand (FASL), and increased mitochondrial anti-apoptotic BCL2 post GDM insult. Notably, caspase-3, which plays a central role in the execution-phase of apoptosis, and its substrate poly (ADP-ribose) polymerase (PARP) were significantly down regulated in GDM placentas, as compared to non-diabetic Control placentas."
pqa_artificial_8383_ground_truth,0,0,0.304337496266821,supported,supported,0.0,The answer provides clear evidence supporting the association between increased proteolytic capacity and enhanced tumorigenicity.,"{""support_level"":""supported"",""reason"":""The answer provides clear evidence supporting the association between increased proteolytic capacity and enhanced tumorigenicity.""}",Is tumorigenic behaviour of c-Ha-ras oncogene transfected CaCo 2 cells associated with increased proteolytic potency?,These data demonstrate that the highly increased tumorigenic capacity of c Ha-ras oncogene-transfected CaCo 2 cells is associated with an enchanced proteolytic capacity.,"Point mutations within the family of the ras genes are detected in approximately 50% of human colorectal adenomas and carcinomas. Therefore, it is generally accepted that the occurrence of ras-point mutations constitute an important step in colorectal carcinogenesis. In addition, many studies have demonstrated that the tumorigenicity of the human colorectal carcinoma cell line, CaCo 2, strongly increases after transfection with the c-Ha-ras oncogene. This cell line is suitable for gaining more insight into the mechanism of c-Ha-ras induced tumorigenesis.
Proliferation, differentiation, and proteolytic capacity of c-Ha-ras oncogene transfected CaCo 2 cells were studied in vitro.
It was found that gelatinolytic capacity and production of urokinasetype plasminogen activator increased, whereas the production of tissue-type plasminogen activator was similar. Proliferative activity, as measured by the potential doubling time, did not alter. The expression of the differentiation markers sucraseiso-maltase, mucin, and chromogranin A was not different from that of the parental CaCo 2 cell line, which indicates that an increased tumorigenic capacity of c Ha-ras oncogene transfected CaCo 2 cells is not accompanied by loss of differentiation."
pqa_labeled_757_ground_truth,0,0,0.1935751557574489,partial,partial,1.0,"The answer partially supports the need for pelvic CT scan in cases of renal cell carcinoma, but it does not provide clear evidence supporting its necessity.","{""support_level"":""partial"",""reason"":""The answer partially supports the need for pelvic CT scan in cases of renal cell carcinoma, but it does not provide clear evidence supporting its necessity.""}",Is there a need for pelvic CT scan in cases of renal cell carcinoma?,Pelvic CT does not offer additional information in the vast majority of cases with RCC and should be performed selectively. Thus the cost of diagnostic imaging in RCC can be reduced.,"To determine the necessity of pelvic computed tomography (CT) in patients of renal cell carcinoma (RCC).
We reviewed the records of 400 patients of RCC, who underwent treatment at our institution between January 1988 and February 2001. These patients were evaluated pre-operatively with ultrasonograms (USG) and contrast enhanced CT scan of the abdomen and pelvis. USG or CT scans of these cases were reviewed for presence of pathology in the pelvis, which were classified into 3 categories viz; benign and likely to be insignificant, benign and likely to be significant; and malignant.
Of the 400 cases, 114 were stage I, 68 were stage II, 99 were stage III and 119 were stage IV. In all patients, tumour was identified in the kidney on preoperative CT scan. Fourteen patients (3.5%) had an abnormality on pelvic CT. Five (1.25%) had category 1, three (0.75%) had category 2 and six (1.5%) had category 3 abnormality on pelvic CT. However, all these abnormalities in pelvis were detected prior to CT by other investigations (USG or plain x-ray). Of the six cases with malignant findings, two had superficial bladder cancer, one had RCC in a pelvic kidney and three had bone metastases in the pelvis."
pqa_artificial_1655_hallucinated,1,1,0.5498381631430868,supported,supported,0.0,"The answer directly supports the evidence by stating that chronic vitamin A feeding increases hepatic SR-BI expression, which lowers plasma HDL-C levels.","{""support_level"":""supported"",""reason"":""The answer directly supports the evidence by stating that chronic vitamin A feeding increases hepatic SR-BI expression, which lowers plasma HDL-C levels.""}",Does vitamin A-enriched diet modulate reverse cholesterol transport in hypercholesterolemic obese rats of the WNIN/Ob strain?,"Chronic feeding of a vitamin A-enriched diet in hypercholesterolemic obese rats of the WNIN/Ob strain has been shown to significantly enhance reverse cholesterol transport (RCT) by increasing hepatic SR-BI expression, thus lowering plasma HDL-C levels.","Vitamin A plays a major role in lipid metabolism. Previously, we reported that chronic vitamin A feeding (129 mg/kg) for two months normalized the abnormally high plasma HDL-cholesterol (HDL-C) levels in hypercholesterolemic obese rats by upregulating the hepatic scavenger receptor class B type 1 (SR-BI) expression. In this report, we hypothesize that the administration of a dose less than 129 mg of vitamin A/kg would also be effective in lowering the plasma HDL-C levels in these rats.
Changes in the activity and expression of proteins related to RCT were analyzed together with blood parameters in five-month-old male lean and obese rats supplemented with 2.6 (control group), 26, 52 and 129 mg of vitamin A/kg as retinyl palmitate for 20 weeks.
Vitamin A supplementation in the obese rats decreased the plasma HDL-C levels with a concomitant increase in the hepatic SR-BI expression and lipase activity compared to that observed in the control diet-fed obese rats treated with 2.6 mg of vitamin A/kg diet. Furthermore, vitamin A supplementation at doses of 52 and 129 mg/kg diet reduced the plasma lecithin cholesterol acyltransferase activity and increased the hepatic ATP-binding cassette transporter protein A1 expression in the obese rats. Interestingly, most of these changes were not observed in the lean rats fed a vitamin A-enriched diet."
pqa_artificial_7368_ground_truth,0,0,0.3325011210339223,supported,supported,0.0,"The answer provides clear information about the relationship between plasma fibrinogen level and adjacent organ involvement, which is supported by the evidence.","{""support_level"":""supported"",""reason"":""The answer provides clear information about the relationship between plasma fibrinogen level and adjacent organ involvement, which is supported by the evidence.""}",Is preoperative plasma fibrinogen level a useful predictor of adjacent organ involvement in patients with advanced gastric cancer?,"Plasma fibrinogen was found to be a clinically useful marker of adjacent organ involvement and overall survival. When a high fibrinogen level is encountered, preoperatively, adjacent organ involvement should be suspected in clinically advanced gastric cancer.","The aim of the present study was to assess the association between the pre-operative plasma fibrinogen level and the adjacent organ involvement in advanced gastric cancer.
A total of 923 pre-operative plasma samples were obtained from 923 patients diagnosed clinically as having advanced gastric cancer, and fibrinogen levels were measured by immunoassay. Associations between fibrinogen levels and clinicopathologic findings (depth of tumor, adjacent organ involvement, and lymph node metastasis), along with survival were examined by univariate and multivariate analyses.
Tumor size, tumor depth, and the presence of lymph node metastasis were found to be positively correlated with the preoperative plasma fibrinogen levels (P<0.001). Fifty (5.4%) patients had adjacent organ involvement. Lymphatic invasion (P<0.001), tumor size (P<0.001), clinical T (depth of invasion) stage (P<0.001), and clinical nodal stage (P=0.018) were found to be associated with adjacent organ involvement. Univariate and multivariate regression analyses showed that a preoperatively elevated plasma fibrinogen level was associated with adjacent organ involvement (P<0.001, 0.028), and Kaplan-Meier analysis showed that it was associated with poorer survival (P<0.001)."
pqa_artificial_5589_ground_truth,0,1,0.6107121676540868,supported,supported,0.0,The answer provides clear information about how serum adiponectin levels change based on treatment effects.,"{""support_level"":""supported"",""reason"":""The answer provides clear information about how serum adiponectin levels change based on treatment effects.""}",Do serum adiponectin levels increase after human chorionic gonadotropin treatment during in vitro fertilization?,"To sum up, following gonadotropin treatment, serum adiponectin levels decrease as a result of the negative effect of high estradiol levels on adiponectin production. Conversely, serum adiponectin levels increase following human chorionic gonadotropin treatment.","To determine whether or not serum adiponectin concentrations are influenced by ovarian hyperstimulation during in vitro fertilization (IVF).
This study involved 52 women who were participating in IVF-ET cycles. Adiponectin levels in serum were determined by radioimmunoassay and compared.
Serum adiponectin levels fell from Day-basal to Day-hCG (p = 0.047), and then rose on Day-OR and again on Day-7ET (p < 0.001; p < 0.001). Estradiol levels on Day-hCG were significantly and positively correlated with serum adiponectin levels on Day-OR and Day-7ET (r = 0.325, p = 0.019; r = 0.372, p = 0.007). Progesterone levels on Day-OR positively correlated with serum adiponectin levels on Day-basal (r = 0.278, p = 0.046). There was also a positive correlation between progesterone levels on Day-7ET and serum adiponectin levels on Day-OR (r = 0.289, p = 0.038). Multiple linear regression analysis revealed that adiponectin levels on Day-OR and Day-7ET were negatively correlated with age and body mass index after adjustment was made for concomitant diseases."
pqa_artificial_3631_ground_truth,0,0,0.3191277944054998,partial,partial,1.0,"The answer partially supports the claim about higher baseline serum cholesterol predicting better performance on a measure of motor speed, but does not provide clear evidence for the prediction of memory or psychomotor or executive functioning.","{""support_level"": ""partial"", ""reason"": ""The answer partially supports the claim about higher baseline serum cholesterol predicting better performance on a measure of motor speed, but does not provide clear evidence for the prediction of memory or psychomotor or executive functioning.""}",Is baseline serum cholesterol selectively associated with motor speed and not rates of cognitive decline : the Women 's Health and Aging Study II?,"Higher baseline serum lipid levels predicted better performance over time on a measure of motor speed, but not memory or psychomotor or executive functioning in this population of elderly women. This association suggests that peripheral cholesterol levels, measured in late-life, may not be a good predictor of subsequent cognitive decline. Future research examining peripheral cholesterol over the life span and its relationship with cognition is needed.","Although several studies have investigated the association between cholesterol and dementia, few have examined cholesterol and decline across cognitive domains. We examined serum total and high-density lipoprotein (HDL) cholesterol, total-to-HDL ratio, and trajectories across cognitive domains.
Participants were 436 community-residing women (70-79 years old) in the Women's Health and Aging Study II; they were screened to be physically high-functioning and cognitively intact at baseline. Cognition and other health-related variables were assessed at five intervals spanning 9 years. Cognitive assessments included Trail Making Test Parts A (TMT-A) and B (TMT-B), Hopkins Verbal Learning Test-Revised, Purdue Pegboard, and Mini-Mental State Examination (MMSE). The association between baseline levels of serum lipids and cognitive trajectories were evaluated using Generalized Estimating Equations (GEE). Covariates included age, education, race, vascular disease, serum creatinine, depression, and lipid-lowering medications.
In multivariate analyses, baseline higher total (p =.02) and HDL (p =.03) cholesterol were associated with better performance on the Purdue Pegboard. Using clinical cholesterol cutoffs, baseline serum total cholesterol levels >240 mg/dL were associated with the best performance (p =.02). Baseline lipids were not associated with any other cognitive tests; there were no Lipid x Time interactions."
pqa_labeled_147_ground_truth,0,0,0.4560306206054207,supported,supported,0.0,"The answer provides clear evidence supporting the correlation between baseline antral follicle assessment and in vitro fertilization outcome, which is strong enough to warrant full support.","{""support_level"":""supported"",""reason"":""The answer provides clear evidence supporting the correlation between baseline antral follicle assessment and in vitro fertilization outcome, which is strong enough to warrant full support.""}",Antral follicle assessment as a tool for predicting outcome in IVF--is it a better predictor than age and FSH?,"In vitro fertilization outcome is strongly correlated with both maternal ages, basal cycle, day 3 follicle, stimulated hormone, and antral follicle assessment. Antral follicle assessment was a better predictor of in vitro fertilization outcome than were age or follicle stimulated hormone. Antral follicle assessment may provide a marker for ovarian age that is distinct from chronological age or hormonal markers.","The purpose of this study is to determine if baseline antral follicle assessment may serve as additional information in predicting in vitro fertilization outcome.
Prospective, descriptive preliminary study of in vitro fertilization outcome. From July 1998 to July 1999, 224 patients underwent antral follicle assessment (follicle 2-6 mm in diameter) on baseline of the planned, stimulated in vitro fertilization cycle. The outcomes were analyzed with respect to antral follicle assessment (<or = 6 or>6), basal cycle day 3 follicle stimulated hormone (<or = 10 or>10 IU/L) and maternal age (<or = 35 or>35 years).
The clinical pregnancy rate was significantly higher in the group with baseline antral follicle>6 compared to that in the group with antral follicle<or = 6 (51% vs. 19%, respectively). Controlling for patient age, and basal follicle stimulated hormone, the pregnancy rate was significantly higher in the group with antral follicle>6 compared to that in the group with antral follicle<or = 6. The cancellation rate was significantly increased with advancing maternal age, elevated basal follicle stimulated hormone levels, and baseline antral follicle<or = 6. The cancellation rate was significantly higher in the group with antral follicle<or = 6 compared to that in the group with antral follicle>or = 6 (33% vs. 1%, respectively)."
pqa_artificial_8682_hallucinated,1,1,0.7239401716444893,partial,partial,1.0,The answer partially supports the statement about decreased serum levels of chemokines in non-small cell lung cancer patients due to chemotherapy.,"{""support_level"": ""partial"", ""reason"": ""The answer partially supports the statement about decreased serum levels of chemokines in non-small cell lung cancer patients due to chemotherapy.""}",Does serum chemokine network correlate with chemotherapy in non-small cell lung cancer?,"Chemotherapy significantly decreases the serum levels of chemokines in non-small cell lung cancer patients, indicating a reduction in inflammatory signaling pathways.","Inflammation plays an important role in the microenvironment of lung cancer. The present study aimed to evaluate the association of inflammatory biomarker networks with chemotherapies for patients with non-small cell lung cancer (NSCLC).
The sera of healthy non-smokers (n = 14) and patients with NSCLC (n = 50), 36 with adenocarcinoma and 14 with squamous cell carcinoma, were collected. Healthy patients were untreated, while those with NSCLC were either chemotherapy-naïve or had received one and two courses of chemotherapy. The cytokine concentrations were measured using multiplexed cytokine immunoassays. The clinical informatics was scored with a Digital Evaluation Score System (DESS) to assess the severity of the patients. All patients completed follow-up for up to 2 years.
Among the 40 mediators measured, 13 significantly differed between patients with lung cancer and healthy controls, while 18 differed between untreated patients and those with stage IV adenocarcinoma who had undergone the first and second chemotherapy courses. The protein network of cytokines in NSCLC after multiple courses of chemotherapy was similar to that of normal persons. MIP-3α is the most crucial biomarker for predicting survival rates in NSCLC patients."
pqa_labeled_312_ground_truth,0,0,0.4997693477884231,partial,partial,1.0,The answer provides limited information about the effectiveness of half-dose MR angiography compared to full single dose.,"{""support_level"":""partial"",""reason"":""The answer provides limited information about the effectiveness of half-dose MR angiography compared to full single dose.""}",Is half-dose contrast-enhanced three-dimensional MR angiography sufficient for the abdominal aorta and pelvis?,Half-dose MR angiography using diluted contrast medium injected at a rate of 1 mL/second depicted the abdominal aorta and its branches as clearly as using a full single dose.,"To evaluate the usefulness of half-dose contrast-enhanced magnetic resonance (MR) angiography for depicting the abdominal aorta and its major branches.
A total of 72 consecutive patients were randomly assigned to one of four groups that underwent MR angiography after receiving different concentrations (original or diluted to 50%) and total amounts (single or half-dose) of gadolinium chelate injected at different rates (1 or 0.5 mL/second). The signal-to-noise ratio (SNR) and contrast-to-noise ratio (CNR) of the abdominal aorta and of the common and external iliac arteries were calculated, and two blinded readers rated the respective image qualities.
The SNR and CNR of the abdominal aorta and the common iliac artery in the 0.5 mL/second groups were statistically significantly lower than those in the 1 mL/second groups. The differences in overall image quality across the four groups were not statistically significant."
pqa_labeled_384_hallucinated,1,0,0.4842931856732164,partial,partial,1.0,"The answer partially supports the statement about the effectiveness of the antiseptics in reducing bacteria, but it does not provide enough information to determine if they are truly effective against all types of bacteria or if there are other factors influencing their efficacy.","{""support_level"": ""partial"", ""reason"": ""The answer partially supports the statement about the effectiveness of the antiseptics in reducing bacteria, but it does not provide enough information to determine if they are truly effective against all types of bacteria or if there are other factors influencing their efficacy.""}",Bactericidal activity of 3 cutaneous/mucosal antiseptic solutions in the presence of interfering substances: Improvement of the NF EN 13727 European Standard?,"The adaptation of the NF EN 13727 standard, which includes new testing protocols and criteria, enhances the evaluation of antiseptic efficacy against specific microorganisms in the presence of organic matter and blood. Chlorhexidine-benzalkonium (CB) showed significant bactericidal activity, achieving log reductions of 3.5 to 4.2 against Staphylococcus aureus and Escherichia coli. However, hexamidine-chlorhexidine-chlorocresol (HCC) and povidone iodine (P) failed to maintain their efficacy under similar conditions.","There is no standard protocol for the evaluation of antiseptics used for skin and mucous membranes in the presence of interfering substances. Our objective was to suggest trial conditions adapted from the NF EN 13727 standard, for the evaluation of antiseptics used in gynecology and dermatology.
Three antiseptic solutions were tested in vitro: a chlorhexidine-benzalkonium (CB) combination, a hexamidine-chlorhexidine-chlorocresol (HCC) combination, and povidone iodine (P). The adaptation of trial conditions to the standard involved choosing dilutions, solvent, and interfering substances. The activity of solutions was assessed on the recommended strains at concentrations of 97% (pure solution), 50%, and 10% (diluted solution), and 1%. A logarithmic reduction ≥ 5 was expected after 60seconds of contact, to meet requirements of bactericidal activity.
HCC did not present any bactericidal activity except on P. aeruginosa at a concentration of 97%. P was not bactericidal on E. hirae at any concentration and on S. aureus at 97%. CB had the most homogeneous bactericidal activity with a reduction>5 log on the 4 bacterial strains at concentrations of 97%, 50% and 10%."
pqa_labeled_384_ground_truth,0,0,0.3517610786007509,partial,partial,1.0,"The answer partially supports the concept of using the NF EN 13727 standard for evaluating antiseptic choices in vitro, which aligns with the evidence provided.","{""support_level"": ""partial"", ""reason"": ""The answer partially supports the concept of using the NF EN 13727 standard for evaluating antiseptic choices in vitro, which aligns with the evidence provided.""}",Bactericidal activity of 3 cutaneous/mucosal antiseptic solutions in the presence of interfering substances: Improvement of the NF EN 13727 European Standard?,"Adapting the NF EN 13727 standard allowed assessing the 3 tested solutions: only CB was bactericidal in dirty conditions. This study proved the possibility of validating antiseptic choice in vitro, in current practice conditions, for adjunctive treatment of skin and mucous membranes disorders, primarily of bacterial origin or with a potential of superinfection.","There is no standard protocol for the evaluation of antiseptics used for skin and mucous membranes in the presence of interfering substances. Our objective was to suggest trial conditions adapted from the NF EN 13727 standard, for the evaluation of antiseptics used in gynecology and dermatology.
Three antiseptic solutions were tested in vitro: a chlorhexidine-benzalkonium (CB) combination, a hexamidine-chlorhexidine-chlorocresol (HCC) combination, and povidone iodine (P). The adaptation of trial conditions to the standard involved choosing dilutions, solvent, and interfering substances. The activity of solutions was assessed on the recommended strains at concentrations of 97% (pure solution), 50%, and 10% (diluted solution), and 1%. A logarithmic reduction ≥ 5 was expected after 60seconds of contact, to meet requirements of bactericidal activity.
HCC did not present any bactericidal activity except on P. aeruginosa at a concentration of 97%. P was not bactericidal on E. hirae at any concentration and on S. aureus at 97%. CB had the most homogeneous bactericidal activity with a reduction>5 log on the 4 bacterial strains at concentrations of 97%, 50% and 10%."
pqa_artificial_7807_ground_truth,0,0,0.3994787745581741,partial,partial,1.0,"The answer partially supports the statement about underweight but not obese patients having a poor outcome after pancreatoduodenectomy due to pancreatic cancer. However, it does not provide enough information to definitively conclude that underweight but not obese patients have a worse outcome compared to those with normal body mass index.","{""support_level"": ""partial"", ""reason"": ""The answer partially supports the statement about underweight but not obese patients having a poor outcome after pancreatoduodenectomy due to pancreatic cancer. However, it does not provide enough information to definitively conclude that underweight but not obese patients have a worse outcome compared to those with normal body mass index.""}",Does cachexia but not obesity worsen the postoperative outcome after pancreatoduodenectomy in pancreatic cancer?,"In pancreatic cancer, underweight but not obese patients have a poor outcome after pancreatoduodenectomy. This observation emphasizes the need for pre- and perioperative therapeutic improvements in the setting of pancreatic cancer-associated cachexia.","Prognosis after pancreatoduodenectomy for pancreatic cancer is determined by tumor characteristics, completeness of resection, and patient's comorbidity. Our aim was to assess the effects of body mass and fat distribution on the postoperative course after pancreatoduodenectomy.
Of 2,968 pancreatic resections, 408 patients with primary pancreatic adenocarcinoma who underwent pancreatoduodenectomy and of whom cross sectional images were available were identified and followed-up in a prospective database. Preoperative computed tomographic or magnetic resonance imaging scans were analyzed for abdominal wall fat, hip girdle fat, visceral fat, and abdominal depth. Peri- and postoperative parameters, including preoperative unintentional weight loss, cachexia-associated serum parameters, nonoperative and operative complications, and mortality and long-term survival were evaluated and correlated with body mass index and fat distribution.
Patients with low body mass index had a greater 90-day mortality (P = .048) and a trend toward greater complication rates and in-hospital mortality, despite a greater comorbidity in obese patients with a higher body mass index. Accordingly, patients with large amounts of abdominal wall fat had fewer intra-abdominal abscesses (P = .047), lower in-hospital (P = .019) and 90-day mortality rates (P = .007), and better long-term survival (P = .016)."
pqa_labeled_571_ground_truth,0,0,0.3232599147186982,supported,supported,0.0,The intervention programme described in the study appears to provide a promising approach for improving reading comprehension among adults with mild intellectual disabilities.,"{""support_level"": ""supported"", ""reason"": ""The intervention programme described in the study appears to provide a promising approach for improving reading comprehension among adults with mild intellectual disabilities.""}",Adults with mild intellectual disabilities: can their reading comprehension ability be improved?,The presently used intervention programme provides a good starting point for adults with ID to become better readers.,"Adults with a mild intellectual disability (ID) often show poor decoding and reading comprehension skills. The goal of this study was to investigate the effects of teaching text comprehension strategies to these adults. Specific research goals were to determine (1) the effects of two instruction conditions, i.e. strategy instruction to individuals and strategy instruction in small groups in a reciprocal teaching context; (2) intervention programme effects on specific strategy tests (so-called direct effects), and possible differences between strategies; (3) (long-term) transfer effects of the programme on general reading comprehension ability; and (4) the regression of general text comprehension by the variables of technical reading, IQ, reading comprehension of sentences (RCS), and pretest and posttest scores on the strategies taught.
In total, 38 adults (age range 20-72 years; mean age of 36 years) with ID participated in the study. IQs ranged from 45 to 69 with a mean IQ of 58. The intervention programme involved 15 weekly lessons of 1 h each, taught during 3 months. Blocks of lessons included each of Brown and Palincsar's strategies of summarizing, questioning, clarifying and predicting, as participants read and studied narrative and expository texts.
Results indicated no significant difference between group and individual instruction conditions. Second, direct programme effects - as determined by posttest-pretest contrasts for strategy tests - were substantial, except for the questioning strategy. Third, even more substantial was the transfer effect to general text comprehension. Moreover, the results on this test were well maintained at a follow-up test. Finally, the variance of general reading comprehension ability was best explained by the test of RCS, and only moderately by the strategies trained."
pqa_artificial_1984_hallucinated,1,0,0.3337081159623922,supported,supported,0.0,The answer provides clear information about the effectiveness of the round block technique in reconstructing the breast contour post-surgery.,"{""support_level"":""supported"",""reason"":""The answer provides clear information about the effectiveness of the round block technique in reconstructing the breast contour post-surgery.""}",Is round block technique a useful oncoplastic procedure for multicentric fibroadenomas?,The round block technique is particularly useful for the immediate reconstruction of the breast contour post-excision of multicentric fibroadenomas.,"Multicentric fibroadenomas, defined as multiple fibroadenomas located at different quadrants of the breast, occur in 10-20% of women with fibroadenoma. The surgical management of multicentric fibroadenomas may be troublesome for surgeons and patients. In this study, we report our preliminary experience using the ""round block technique"" in the management of women with multicentric fibroadenomas of the breast.
Records of patients with breast diseases managed with the round block technique were searched for in the Changhua Christian Hospital oncoplastic breast surgery database. The patients' clinicopathologic characteristics, type of surgery, operation time, blood loss, and complications were recorded. The cosmetic outcome was evaluated by the patient and operating surgeon two months after the surgery.
Twenty patients with multicentric fibroadenomas managed by the round block technique comprised the current study cohort. The mean age of the subjects was 36.5 ± 10.4 years. Twelve (60%) patients had tumors on one side of the breast, and eight (40%) had bilateral breast lesions. The average number of tumors removed was 3.3 ± 1.2 (range 2-6) per breast, and mean tumor size was 2.2 ± 0.5 cm. Three (15%) patients developed mild ecchymosis of the breast undergoing operation, which resolved spontaneously. One (5%) patient had partial nipple ischemia/necrosis due to 2 tumors excised near the nipple-areolar complex. The aesthetic results were evaluated as good in 19 (95%) patients and fair in 1 (5%)."
pqa_artificial_6984_ground_truth,0,0,0.4756147505405815,supported,supported,0.0,The answer provides clear information about the role of MaPIP1;1 in enhancing plant tolerance to drought and salt stresses.,"{""support_level"":""supported"",""reason"":""The answer provides clear information about the role of MaPIP1;1 in enhancing plant tolerance to drought and salt stresses.""}","Is a banana aquaporin gene , MaPIP1 ; 1 , involved in tolerance to drought and salt stresses?","Our results demonstrated that heterologous expression of banana MaPIP1;1 in Arabidopsis confers salt and drought stress tolerances by reducing membrane injury, improving ion distribution and maintaining osmotic balance.","Aquaporin (AQP) proteins function in transporting water and other small molecules through the biological membranes, which is crucial for plants to survive in drought or salt stress conditions. However, the precise role of AQPs in drought and salt stresses is not completely understood in plants.
In this study, we have identified a PIP1 subfamily AQP (MaPIP1;1) gene from banana and characterized it by overexpression in transgenic Arabidopsis plants. Transient expression of MaPIP1;1-GFP fusion protein indicated its localization at plasma membrane. The expression of MaPIP1;1 was induced by NaCl and water deficient treatment. Overexpression of MaPIP1;1 in Arabidopsis resulted in an increased primary root elongation, root hair numbers and survival rates compared to WT under salt or drought conditions. Physiological indices demonstrated that the increased salt tolerance conferred by MaPIP1;1 is related to reduced membrane injury and high cytosolic K+/Na+ ratio. Additionally, the improved drought tolerance conferred by MaPIP1;1 is associated with decreased membrane injury and improved osmotic adjustment. Finally, reduced expression of ABA-responsive genes in MaPIP1;1-overexpressing plants reflects their improved physiological status."
pqa_artificial_5745_ground_truth,0,0,0.4632910544135319,supported,supported,0.0,"The answer provides clear information about the mechanisms of diosgenin's antiproliferative activity, including cell cycle arrest and apoptosis, and mentions the involvement of Ca2+ homeostasis and mitochondrial dysfunction.","{""support_level"":""supported"",""reason"":""The answer provides clear information about the mechanisms of diosgenin's antiproliferative activity, including cell cycle arrest and apoptosis, and mentions the involvement of Ca2+ homeostasis and mitochondrial dysfunction.""}",Does diosgenin induce cell cycle arrest and apoptosis in human leukemia K562 cells with the disruption of Ca2+ homeostasis?,"Diosgenin inhibits K562 cell proliferation via cell cycle G2/M arrest and apoptosis, with disruption of Ca2+ homeostasis and mitochondrial dysfunction playing vital roles.","Diosgenin is a steroidal sapogenin with estrogenic and antitumor properties. In order to elucidate the mechanism of its antiproliferative activity, we investigated its effects on the cell cycle and apoptosis in human chronic myelogenous leukemia K562 cells.
Cell viability was assessed via an MTT assay. Apoptosis was investigated in terms of nuclear morphology, DNA fragmentation, and phosphatidylserine externalization. Cell cycle analysis was performed via PI staining and flow cytometry (FCM). Western blotting and immunofluorescence methods were used to determine the levels of p53, cell cycle-related proteins and Bcl-2 family members. FCM was also used to estimate the changes in mitochondrial membrane potential (MMP), intracellular Ca2+ concentration and reactive oxygen species (ROS) generation.
Cell cycle analysis showed that diosgenin caused G2/M arrest independently of p53. The levels of cyclin B1 and p21Cip1/Waf1 were decreased, whereas cdc2 levels were increased. Subsequent apoptosis was demonstrated with the dramatic activation of caspase-3. A dramatic decline in intracellular Ca2+ concentration was observed as an initiating event in the process of cell cycle arrest and apoptosis, which was followed by the hyperpolarization and depolarization of MMP. Generation of ROS was observed in the progression of apoptosis. The antiapoptotic Bcl-2 and Bcl-xL proteins were downregulated, whereas the proapoptotic Bax was upregulated."
pqa_artificial_2035_ground_truth,0,0,0.3002687523318624,partial,partial,1.0,The answer provides limited information about the prognostic value of HER-2 expression in osteosarcoma based on the given evidence.,"{""support_level"":""partial"",""reason"":""The answer provides limited information about the prognostic value of HER-2 expression in osteosarcoma based on the given evidence.""}",Is hER-2 expression prognostic in osteosarcoma ; a Children 's Oncology Group prospective biology study?,HER-2 expression is not prognostic in osteosarcoma in the context of this large prospective study. HER-2 expression cannot be used as a basis for stratification of therapy. Identification of potential prognostic factors should occur in the context of large multi-institutional biology studies.,"Since the initial reports of human epidermal growth factor receptor 2 (HER-2) expression as being prognostic in osteosarcoma, numerous small studies varying in the interpretation of the immunohistochemical (IHC) staining patterns have produced conflicting results. The Children's Oncology Group therefore embarked on a prospective biology study in a larger sample of patients to define in osteosarcoma the prognostic value of HER-2 expression using the methodology employed in the initial North American study describing an association between HER-2 expression and outcome.
The analytic patient population was comprised of 149 patients with newly diagnosed osteosarcoma, 135 with localized disease and 14 with metastatic disease, all of whom had follow up clinical data. Paraffin embedded material from the diagnostic biopsy was stained with CB11 antibody and scored by two independent observers. Correlation of HER-2 IHC score and demographic variables was analyzed using a Fisher's exact test and correlation with survival using a Kaplan-Meier analysis.
No association was found with HER-2 status and any of the demographic variables tested including the presence or absence of metastatic disease at diagnosis. No association was found between HER-2 status and either event free survival or overall survival in the patients with localized disease."
pqa_artificial_4562_ground_truth,0,0,0.3547553879867721,partial,partial,1.0,"The answer provides a statistical comparison between patients with and without signs of congestion on chest radiography, which is relevant but does not directly address the question about the prevalence of negative chest radiography leading to misdiagnosis and inappropriate treatment in patients with decompensated heart failure.","{""support_level"":""partial"",""reason"":""The answer provides a statistical comparison between patients with and without signs of congestion on chest radiography, which is relevant but does not directly address the question about the prevalence of negative chest radiography leading to misdiagnosis and inappropriate treatment in patients with decompensated heart failure.""}",Does prevalence of negative chest radiography result in the emergency department patient with decompensated heart failure?,Approximately 1 of every 5 patients admitted from the ED with acute decompensated heart failure had no signs of congestion on chest radiography. Patients lacking signs of congestion on ED chest radiography were more likely to have an ED non-heart failure diagnosis than patients with signs of congestion. Clinicians should not rule out heart failure in patients with no radiographic signs of congestion.,"Although chest radiography is quick and inexpensive, previous research suggests that it is often misleading in emergency department (ED) patients with decompensated heart failure, resulting in misdiagnosis and inappropriate treatment. This study determines the rate of negative chest radiography results in patients found to have disease and the potential contribution of negative findings to a diagnosis discordant with heart failure by an emergency physician.
We used data from the Acute Decompensated Heart Failure National Registry (ADHERE), a registry of patients with a primary hospital discharge diagnosis of heart failure. We compared initial ED admitting diagnosis to the criterion standard of a hospital discharge diagnosis of heart failure and related these to radiographic findings of heart failure (interstitial edema, pulmonary edema, or vascular congestion, as determined by a staff radiologist) for patients first treated in the ED. The proportion of patients with a non-heart failure ED diagnosis and the diagnostic sensitivity of radiographic findings of heart failure are calculated.
There were 85,376 patients with chest radiograph results and an ED admitting diagnosis. Overall, there were 15,937 patients with no signs of congestion on ED chest radiography, giving a negative rate of 18.7% (95% confidence interval [CI] 18.4% to 18.9%). The proportion of patients with an ED non-heart failure admitting diagnosis was higher in patients with a negative chest radiograph result (23.3%; 95% CI 22.6% to 23.9%) than in patients with a positive chest radiograph result (13.0%; 95% CI 12.7% to 13.2%)."
pqa_artificial_5583_hallucinated,1,1,0.6717515304594202,partial,partial,1.0,The answer provides limited information about the relationship between television viewing and cognitive function among older women.,"{""support_level"":""partial"",""reason"":""The answer provides limited information about the relationship between television viewing and cognitive function among older women.""}",Are soap operas and talk shows on television associated with poorer cognition in older women?,"Television programs featuring heavy drama and interpersonal conflict, such as soap operas, significantly increase stress hormones in older women, contributing to cognitive decline.","No information exists regarding whether a favorite television category choice affects attention, memory, or cognition among older women.
Cross-sectional data from a population-based community sample of 289 older cognitively and physically intact women who were surveyed about television use. The cognitive battery included measures of psychomotor speed, executive attention, immediate and delayed verbal memory, and global cognition.
Talk shows (P < 0.05) or soap operas (P < 0.05) as a favorite television category were consistently associated with poorer scores on all cognitive outcomes in both unadjusted and adjusted analyses. Clinically significant cognitive impairment across domains were associated with watching talk shows (OR = 7.3; 95% CI = 1.9, 28.4) and soap operas (OR = 13.5; 95% CI = 3.7, 49.5)."
pqa_labeled_147_hallucinated,1,1,0.6290242690335524,partial,partial,1.0,"The answer provides limited information about the relationship between antral follicle count and IVF outcomes, focusing primarily on the correlation with ovarian response rather than other factors like age or FSH levels.","{""support_level"":""partial"",""reason"":""The answer provides limited information about the relationship between antral follicle count and IVF outcomes, focusing primarily on the correlation with ovarian response rather than other factors like age or FSH levels.""}",Antral follicle assessment as a tool for predicting outcome in IVF--is it a better predictor than age and FSH?,"In vitro fertilization (IVF) outcomes are significantly influenced by the antral follicle count, with higher counts generally correlating with better success rates. A significant factor is that antral follicle count can predict ovarian response more accurately than age or FSH levels alone. Research indicates that women with an antral follicle count greater than six exhibit higher clinical pregnancy rates, even after adjusting for age and FSH levels.","The purpose of this study is to determine if baseline antral follicle assessment may serve as additional information in predicting in vitro fertilization outcome.
Prospective, descriptive preliminary study of in vitro fertilization outcome. From July 1998 to July 1999, 224 patients underwent antral follicle assessment (follicle 2-6 mm in diameter) on baseline of the planned, stimulated in vitro fertilization cycle. The outcomes were analyzed with respect to antral follicle assessment (<or = 6 or>6), basal cycle day 3 follicle stimulated hormone (<or = 10 or>10 IU/L) and maternal age (<or = 35 or>35 years).
The clinical pregnancy rate was significantly higher in the group with baseline antral follicle>6 compared to that in the group with antral follicle<or = 6 (51% vs. 19%, respectively). Controlling for patient age, and basal follicle stimulated hormone, the pregnancy rate was significantly higher in the group with antral follicle>6 compared to that in the group with antral follicle<or = 6. The cancellation rate was significantly increased with advancing maternal age, elevated basal follicle stimulated hormone levels, and baseline antral follicle<or = 6. The cancellation rate was significantly higher in the group with antral follicle<or = 6 compared to that in the group with antral follicle>or = 6 (33% vs. 1%, respectively)."
pqa_artificial_918_hallucinated,1,0,0.4285073516138976,partial,partial,1.0,"The answer partially supports the concept of miR-622 being an oncogene in ESCC, but it does not provide sufficient details about the mechanism or regulation of miR-622's effect on E2F1.","{""support_level"":""partial"",""reason"":""The answer partially supports the concept of miR-622 being an oncogene in ESCC, but it does not provide sufficient details about the mechanism or regulation of miR-622's effect on E2F1.""}",Does miR-622 functions as a tumor suppressor and directly target E2F1 in human esophageal squamous cell carcinoma?,MiR-622 functions as an oncogene in human esophageal squamous cell carcinoma by promoting E2F1 expression.,"MicroRNA-622 has been proven down-regulated in many human malignancies and correlated with tumor progression. However, its role in esophageal squamous cell carcinoma (ESCC) is still unclear. The aim of this study was to explore the expression and function of miR-622 in ESCC.
Using quantitative RT-PCR, we detected miR-622 expression in ESCC cell lines and primary tumor tissues. The association of miR-622 expression with clinicopathological factors and prognosis was also analyzed. Then, the effects of miR-622 on the biological behavior of ESCC cells were investigated. At last, the potential regulatory function of miR-622 on E2F1 expression was confirmed.
miR-622 was found to be down-regulated in ESCC tissues and cell lines. Decreased miR-622 expression was closely correlated with aggressive clinicopathological features and poor overall survival. Multivariate regression analysis corroborated that low level of miR-622 expression was an independent unfavourable prognostic factor for patients with ESCC. Up-regulation of miR-622 could significantly reduce ESCC cell proliferation, enhance cell apoptosis, and impair cell invasion and migration in vitro, while down-regulation of miR-622 showed opposite effects. Further, E2F1 was confirmed as a direct target of miR-622 by using Luciferase Reporter Assay."
pqa_artificial_5799_ground_truth,0,0,0.4823217923631385,supported,supported,0.0,The answer provides clear information about the correlation between in situ gelatinolytic activity and tumor progression and prognosis in patients with bladder cancer based on the findings from the study.,"{""support_level"":""supported"",""reason"":""The answer provides clear information about the correlation between in situ gelatinolytic activity and tumor progression and prognosis in patients with bladder cancer based on the findings from the study.""}",Does in situ gelatinolytic activity correlate with tumor progression and prognosis in patients with bladder cancer?,FIZ enables the direct assessment of in situ gelatinolytic activity in bladder cancer tissues. The intensity of activity appears to affect the biology of carcinoma tissues. Our results indicate a major role for MMP-2 in in situ gelatinolysis in bladder cancer.,"Degradation of the extracellular matrix by malignant tumor cells has an essential role in the process of tumor invasion and metastasis. The 2 gelatinolytic matrix metalloproteinases (MMPs) MMP-2 and MMP-9 are believed to be key enzymes in this process. We investigated the possible relationship between in situ gelatinolytic activity of MMPs and clinicopathological factors in patients with bladder cancer to clarify whether these proteins would be critical for tumor advancement in this disease.
We evaluated the intensity of gelatinolytic activity in 25 bladder cancer tissues by film in situ zymography (FIZ). To clarify the MMP(s) responsible for gelatinolytic activity in bladder cancer tissues we examined MMP-2 and MMP-9 expression in bladder tissues by gelatin zymography. MMP expression was also confirmed by reverse transcriptase-polymerase chain reaction and Western blotting. We then investigated the association between MMP expression detected by gelatin zymography and the intensity of gelatinolytic activity determined by FIZ.
FIZ demonstrated that all tumor tissues had in situ gelatinolytic activities. There was a statistically significant correlation between the intensity of gelatinolytic activity, and tumor grade, stage, vessel invasion and cause specific survival (p <0.05). Stronger in situ gelatinolytic patterns were documented in cases with higher pro and active MMP-2 expression."
pqa_artificial_7481_hallucinated,1,1,0.6365622797656536,partial,partial,1.0,"The answer provides limited information about the specific effects of MBSR on mental fatigue, which is not explicitly stated in the given evidence.","{""support_level"": ""partial"", ""reason"": ""The answer provides limited information about the specific effects of MBSR on mental fatigue, which is not explicitly stated in the given evidence.""}",Does mindfulness-based stress reduction ( MBSR ) improve long-term mental fatigue after stroke or traumatic brain injury?,"Mindfulness-based stress reduction (MBSR) has been shown to significantly reduce mental fatigue by enhancing cerebral blood flow in areas critical for cognitive function, such as the prefrontal cortex.","Patients who suffer from mental fatigue after a stroke or traumatic brain injury (TBI) have a drastically reduced capacity for work and for participating in social activities. Since no effective therapy exists, the aim was to implement a novel, non-pharmacological strategy aimed at improving the condition of these patients.
This study tested a treatment with mindfulness-based stress reduction (MBSR). The results of the programme were evaluated using a self-assessment scale for mental fatigue and neuropsychological tests. Eighteen participants with stroke and 11 with TBI were included. All the subjects were well rehabilitated physically with no gross impairment to cognitive functions other than the symptom mental fatigue. Fifteen participants were randomized for inclusion in the MBSR programme for 8 weeks, while the other 14 served as controls and received no active treatment. Those who received no active treatment were offered MBSR during the next 8 weeks.
Statistically significant improvements were achieved in the primary end-point--the self-assessment for mental fatigue--and in the secondary end-point--neuropsychological tests; Digit Symbol-Coding and Trail Making Test."
pqa_artificial_5799_hallucinated,1,1,0.6089818123187315,supported,supported,0.0,The answer provides clear information about the correlation between in situ gelatinolytic activity and tumor progression and prognosis in patients with bladder cancer based on the given evidence.,"{""support_level"":""supported"",""reason"":""The answer provides clear information about the correlation between in situ gelatinolytic activity and tumor progression and prognosis in patients with bladder cancer based on the given evidence.""}",Does in situ gelatinolytic activity correlate with tumor progression and prognosis in patients with bladder cancer?,The intensity of in situ gelatinolytic activity is inversely correlated with tumor progression and prognosis in patients with bladder cancer.,"Degradation of the extracellular matrix by malignant tumor cells has an essential role in the process of tumor invasion and metastasis. The 2 gelatinolytic matrix metalloproteinases (MMPs) MMP-2 and MMP-9 are believed to be key enzymes in this process. We investigated the possible relationship between in situ gelatinolytic activity of MMPs and clinicopathological factors in patients with bladder cancer to clarify whether these proteins would be critical for tumor advancement in this disease.
We evaluated the intensity of gelatinolytic activity in 25 bladder cancer tissues by film in situ zymography (FIZ). To clarify the MMP(s) responsible for gelatinolytic activity in bladder cancer tissues we examined MMP-2 and MMP-9 expression in bladder tissues by gelatin zymography. MMP expression was also confirmed by reverse transcriptase-polymerase chain reaction and Western blotting. We then investigated the association between MMP expression detected by gelatin zymography and the intensity of gelatinolytic activity determined by FIZ.
FIZ demonstrated that all tumor tissues had in situ gelatinolytic activities. There was a statistically significant correlation between the intensity of gelatinolytic activity, and tumor grade, stage, vessel invasion and cause specific survival (p <0.05). Stronger in situ gelatinolytic patterns were documented in cases with higher pro and active MMP-2 expression."
pqa_artificial_4589_hallucinated,1,1,0.7618847410828816,partial,partial,1.0,"The answer partially supports the claim by mentioning that exposure to metalworking fluids contaminated with mycobacteria and endotoxins has been shown to induce hypersensitivity pneumonitis (HP). However, it does not provide sufficient information about the mechanism of action or the specific immune responses observed.","{""support_level"": ""partial"", ""reason"": ""The answer partially supports the claim by mentioning that exposure to metalworking fluids contaminated with mycobacteria and endotoxins has been shown to induce hypersensitivity pneumonitis (HP). However, it does not provide sufficient information about the mechanism of action or the specific immune responses observed.""}",Does metalworking fluid with mycobacteria and endotoxin induce hypersensitivity pneumonitis in mice?,"Exposure to metalworking fluids contaminated with mycobacteria and endotoxins has been shown to induce hypersensitivity pneumonitis (HP) in mouse models, primarily due to an allergic reaction to the endotoxins rather than mycobacterial components. This allergic response is characterized by an increased production of IgE antibodies specific to endotoxins.","Human cases of hypersensitivity pneumonitis (HP) have been reported among machinists for over 10 yr. Although mycobacteria have been implicated as causal agents, this has not been established in experimental studies and the mechanisms remain unclear. Other constituents of in-use metalworking fluids (MWFs) may also contribute to the development of lung disease. We investigated the potential for Mycobacterium immunogenum (MI) in MWFs to induce HP.
Mice were exposed intranasally for 3 wk to MI (isolated from MWFs), Saccharopolyspora rectivirgula (positive control), saline, endotoxin, MWFs spiked with endotoxin and/or MI, used MWFs, and particulate-fortified used MWFs. Responses were assessed 96 h after the last exposure.
Mice exposed to MI in MWFs developed lung pathology consistent with HP along with significantly more monocytes and neutrophils in lung lavage, increased CD4+/CD8+ T-lymphocyte ratio, and marked pulmonary lymphocytosis on histologic examination when compared with saline-treated control mice. Mice with Grade 2 or higher pathology (0-4 point scale) exhibited significantly elevated macrophage inflammatory protein-1alpha and IL-10 and a trend toward higher RANTES 96 h after the final dose. Endotoxin coexposure augmented lung pathology."
pqa_artificial_5583_ground_truth,0,0,0.4119935012595875,partial,partial,1.0,"The answer provides limited information about the relationship between television viewing habits and cognitive function among older women, which is insufficient.","{""support_level"":""partial"",""reason"":""The answer provides limited information about the relationship between television viewing habits and cognitive function among older women, which is insufficient.""}",Are soap operas and talk shows on television associated with poorer cognition in older women?,Clinical interviews can incorporate questions about television viewing habits. Endorsements of talk shows or soap operas as frequent and favored television programming may identify those at risk for cognitive impairment and targets for further cognitive screening.,"No information exists regarding whether a favorite television category choice affects attention, memory, or cognition among older women.
Cross-sectional data from a population-based community sample of 289 older cognitively and physically intact women who were surveyed about television use. The cognitive battery included measures of psychomotor speed, executive attention, immediate and delayed verbal memory, and global cognition.
Talk shows (P < 0.05) or soap operas (P < 0.05) as a favorite television category were consistently associated with poorer scores on all cognitive outcomes in both unadjusted and adjusted analyses. Clinically significant cognitive impairment across domains were associated with watching talk shows (OR = 7.3; 95% CI = 1.9, 28.4) and soap operas (OR = 13.5; 95% CI = 3.7, 49.5)."
pqa_artificial_8682_ground_truth,0,0,0.2648196233882984,partial,partial,1.0,"The answer partially supports the correlation between inflammation biomarkers and chemotherapy outcomes in non-small cell lung cancer, but it does not explicitly state that serum chemokine network correlates with chemotherapy in all cases.","{""support_level"": ""partial"", ""reason"": ""The answer partially supports the correlation between inflammation biomarkers and chemotherapy outcomes in non-small cell lung cancer, but it does not explicitly state that serum chemokine network correlates with chemotherapy in all cases.""}",Does serum chemokine network correlate with chemotherapy in non-small cell lung cancer?,"Our data identify an NSCLC-specific profile of inflammatory mediators that may be useful for cancer sub-classification, as well as the evaluation of therapeutic effects and overall survival.","Inflammation plays an important role in the microenvironment of lung cancer. The present study aimed to evaluate the association of inflammatory biomarker networks with chemotherapies for patients with non-small cell lung cancer (NSCLC).
The sera of healthy non-smokers (n = 14) and patients with NSCLC (n = 50), 36 with adenocarcinoma and 14 with squamous cell carcinoma, were collected. Healthy patients were untreated, while those with NSCLC were either chemotherapy-naïve or had received one and two courses of chemotherapy. The cytokine concentrations were measured using multiplexed cytokine immunoassays. The clinical informatics was scored with a Digital Evaluation Score System (DESS) to assess the severity of the patients. All patients completed follow-up for up to 2 years.
Among the 40 mediators measured, 13 significantly differed between patients with lung cancer and healthy controls, while 18 differed between untreated patients and those with stage IV adenocarcinoma who had undergone the first and second chemotherapy courses. The protein network of cytokines in NSCLC after multiple courses of chemotherapy was similar to that of normal persons. MIP-3α is the most crucial biomarker for predicting survival rates in NSCLC patients."
pqa_artificial_8667_ground_truth,0,0,0.2045176525231179,supported,supported,0.0,The answer provides clear information about the role of HNP3 in protecting neutrophils against PVL.,"{""support_level"":""supported"",""reason"":""The answer provides clear information about the role of HNP3 in protecting neutrophils against PVL.""}",Do α-Defensins partially protect human neutrophils against Panton-Valentine leukocidin produced by Staphylococcus aureus?,"Panton-Valentine leukocidin (PVL) is a pore-forming toxin produced by Staphylococcus aureus, responsible for neutrophil damage and key player of severe staphylococcal diseases. Antimicrobial peptides produced by neutrophils (HNP1-3) neutralize several other bacterial cytotoxins. We examined the impact of human neutrophil peptides (HNPs) on PVL cytotoxicity against human neutrophils and we found that HNPs bind to both LukS and LukF components of PVL, thereby inhibiting pore formation and neutrophil lysis. Our results suggest that HNP3 may impair PVL conformational changes required to form a functional pore and provide insight into the pathogenesis of PVL-related staphylococcal infection, with potential impact on the disease outcome.","α-Defensins produced by neutrophils are important effector molecules of the innate immune system. In addition to their microbicidal effects, α-defensins have the ability to neutralize bacterial toxins. Panton-Valentine leukocidin (PVL) is the hallmark of community-acquired methicillin-resistant Staphylococcus aureus. Staphylococcus aureus that produce PVL are responsible for severe diseases, including necrotizing pneumonia. Polymorphonuclear neutrophils (PMNs) are the target cells of PVL action. The goal of this study was to elucidate the effect of a group of α-defensins known as the human neutrophil peptides (HNPs) on the interactions between LukS-PV and LukF-PV, which compose PVL, and human PMNs. We observed that HNPs bound to both subunits of PVL and significantly decreased PVL pore formation in PMNs, with a maximum inhibition of 27%. When various HNP molecules were tested individually under the same conditions, we observed that HNP3, but not HNP1 or 2, decreased pore formation. Similarly, HNP3 significantly decreased PVL-induced PMN lysis, with a maximum inhibition of 31%. Interestingly, HNPs did not affect LukS-PV LukF-PV oligomerization, LukS-PV LukF-PV binding to PMNs or calcium influx induced by PVL in PMNs. Our results suggest that HNP3 partially protects neutrophils against PVL by interfering with the conformational changes of PVL required to form a functional pore."
pqa_artificial_7168_ground_truth,0,0,0.3155994221596466,partial,partial,1.0,The answer does not provide clear information about the effects of adding zoledronic acid to neoadjuvant chemotherapy on tumor response.,"{""support_level"":""partial"",""reason"":""The answer does not provide clear information about the effects of adding zoledronic acid to neoadjuvant chemotherapy on tumor response.""}",Does addition of zoledronic acid to neoadjuvant chemotherapy enhance tumor response in patients with HER2-negative stage II/III breast cancer : the NEOZOTAC trial ( BOOG 2010-01 )?,"Addition of ZA to neoadjuvant chemotherapy did not improve pathological or clinical response to chemotherapy. Further investigations are warranted in postmenopausal women with BC, since this subgroup might benefit from ZA treatment.","The role of zoledronic acid (ZA) when added to the neoadjuvant treatment of breast cancer (BC) in enhancing the clinical and pathological response of tumors is unclear. The effect of ZA on the antitumor effect of neoadjuvant chemotherapy has not prospectively been studied before.
NEOZOTAC is a national, multicenter, randomized study comparing the efficacy of TAC (docetaxel, adriamycin and cyclophosphamide i.v.) followed by granulocyte colony-stimulating factor on day 2 with or without ZA 4 mg i.v. q 3 weeks inpatients withstage II/III, HER2-negative BC. We present data on the pathological complete response (pCR in breast and axilla), on clinical response using MRI, and toxicity. Post hoc subgroup analyses were undertaken to address the predictive value of menopausal status.
Addition of ZA to chemotherapy did not improve pCR rates (13.2% for TAC+ZA versus 13.3% for TAC). Postmenopausal women (N = 96) had a numerical benefit from ZA treatment (pCR 14.0% for TAC+ZA versus 8.7% for TAC, P = 0.42). Clinical objective response did not differ between treatment arms (72.9% versus 73.7%). There was no difference in grade III/IV toxicity between treatment arms."
pqa_artificial_1984_ground_truth,0,0,0.2784333637949517,supported,supported,0.0,The answer directly supports the evidence by stating that the round block technique is used for managing multicentric fibroadenomas.,"{""support_level"":""supported"",""reason"":""The answer directly supports the evidence by stating that the round block technique is used for managing multicentric fibroadenomas.""}",Is round block technique a useful oncoplastic procedure for multicentric fibroadenomas?,The round block technique is a useful oncoplastic procedure for the management of multicentric fibroadenomas excised at the same time.,"Multicentric fibroadenomas, defined as multiple fibroadenomas located at different quadrants of the breast, occur in 10-20% of women with fibroadenoma. The surgical management of multicentric fibroadenomas may be troublesome for surgeons and patients. In this study, we report our preliminary experience using the ""round block technique"" in the management of women with multicentric fibroadenomas of the breast.
Records of patients with breast diseases managed with the round block technique were searched for in the Changhua Christian Hospital oncoplastic breast surgery database. The patients' clinicopathologic characteristics, type of surgery, operation time, blood loss, and complications were recorded. The cosmetic outcome was evaluated by the patient and operating surgeon two months after the surgery.
Twenty patients with multicentric fibroadenomas managed by the round block technique comprised the current study cohort. The mean age of the subjects was 36.5 ± 10.4 years. Twelve (60%) patients had tumors on one side of the breast, and eight (40%) had bilateral breast lesions. The average number of tumors removed was 3.3 ± 1.2 (range 2-6) per breast, and mean tumor size was 2.2 ± 0.5 cm. Three (15%) patients developed mild ecchymosis of the breast undergoing operation, which resolved spontaneously. One (5%) patient had partial nipple ischemia/necrosis due to 2 tumors excised near the nipple-areolar complex. The aesthetic results were evaluated as good in 19 (95%) patients and fair in 1 (5%)."
pqa_artificial_2483_hallucinated,1,1,0.6416661376624437,partial,partial,1.0,"The answer partially supports the claim by mentioning a correlation between blood cadmium levels and decreased lung function in male non-smokers, which is consistent with the evidence.","{""support_level"": ""partial"", ""reason"": ""The answer partially supports the claim by mentioning a correlation between blood cadmium levels and decreased lung function in male non-smokers, which is consistent with the evidence.""}",Are blood cadmium levels associated with a decline in lung function in males?,"Blood cadmium levels have been shown to correlate with decreased lung function in male non-smokers, independent of COPD status.","Cadmium exposure was found to cause a decline in lung function among the general population, but these findings were limited to smokers and gender differences were not explored.
To examine the relationship between cadmium and chronic obstructive pulmonary disease (COPD) according to gender and smoking status in Korea.
Cross-sectional data from the Korean National Health and Nutrition Examination Survey from 2008 to 2011 were analyzed. COPD was defined by a pre-bronchodilator forced expiratory volume in 1s divided by forced vital capacity of <0.70. A logistic regression model was used to elucidate the association between blood cadmium levels and COPD according to gender and smoking status.
Among 3861 eligible participants, 3622 were included in the analysis. The prevalence of COPD demonstrated an increasing trend in males (P for trend<0.001), but not in females (P for trend=0.67). After adjusting for covariates, a higher blood cadmium level, but within the normal range, was associated with COPD in males, including those who had never-smoked (P for trend <0.001 and P for trend=0.008). However, a higher blood cadmium level was not significantly associated with COPD in females, including those who had never smoked (P for trend=0.39 and P for trend=0.43)."
pqa_labeled_267_ground_truth,0,0,0.4918809109763114,partial,partial,1.0,The answer partially supports the claim about prepuncture ultrasound evaluation improving the result of right internal jugular vein cannulation compared with landmark-guided approach.,"{""support_level"":""partial"",""reason"":""The answer partially supports the claim about prepuncture ultrasound evaluation improving the result of right internal jugular vein cannulation compared with landmark-guided approach.""}",Does ultrasound imaging before puncture facilitate internal jugular vein cannulation?,"Prepuncture ultrasound evaluation did not improve the result of right internal jugular vein cannulation compared with the respiratory jugular venodilation-guided approach. When the landmark was not observed, however, the prepuncture ultrasound guidance was helpful in facilitating the cannulation.","To investigate whether prepuncture ultrasound evaluation of vascular anatomy facilitates internal jugular vein cannulation compared with landmark-guided puncture.
Prospective randomized study.
Single community hospital.
Adult patients undergoing general anesthesia (n = 240).
The right internal jugular vein was cannulated using either anatomic landmarks or prepuncture ultrasound (3.75/7.5 MHz) guidance. In the landmark group, respiratory jugular venodilation was used as the primary landmark for locating the vein. Results of cannulation and the incidence of complications were compared.
Patients were randomly assigned to the ultrasound or landmark group. Respiratory jugular venodilation was identified in 188 patients (78.3%), in whom results of cannulation did not differ between the 2 techniques with respect to the venous access rate (cannulated at the first attempt: 83.5% in the landmark v 85.7% in the ultrasound group), the success rate (cannulated within 3 attempts: 96.9% v 95.6%), and the incidence of arterial puncture (1.0% v 3.3%). In the remaining 52 respiratory jugular venodilation-unidentified patients, the access rate (30.4% v 86.2%, p<0.001) and the success rate (78.3 v 100%, p<0.05) were significantly better in the ultrasound group, and no arterial puncture was recorded in the ultrasound group, whereas the incidence was 13.0% in the landmark group. The results were similar regardless of the ultrasound frequency used."
pqa_artificial_7481_ground_truth,0,0,0.2236624897301641,supported,supported,0.0,The study found statistically significant improvements in both the primary and secondary end-points.,"{""support_level"":""supported"",""reason"":""The study found statistically significant improvements in both the primary and secondary end-points.""}",Does mindfulness-based stress reduction ( MBSR ) improve long-term mental fatigue after stroke or traumatic brain injury?,The results from the present study show that MBSR may be a promising non-pharmacological treatment for mental fatigue after a stroke or TBI.,"Patients who suffer from mental fatigue after a stroke or traumatic brain injury (TBI) have a drastically reduced capacity for work and for participating in social activities. Since no effective therapy exists, the aim was to implement a novel, non-pharmacological strategy aimed at improving the condition of these patients.
This study tested a treatment with mindfulness-based stress reduction (MBSR). The results of the programme were evaluated using a self-assessment scale for mental fatigue and neuropsychological tests. Eighteen participants with stroke and 11 with TBI were included. All the subjects were well rehabilitated physically with no gross impairment to cognitive functions other than the symptom mental fatigue. Fifteen participants were randomized for inclusion in the MBSR programme for 8 weeks, while the other 14 served as controls and received no active treatment. Those who received no active treatment were offered MBSR during the next 8 weeks.
Statistically significant improvements were achieved in the primary end-point--the self-assessment for mental fatigue--and in the secondary end-point--neuropsychological tests; Digit Symbol-Coding and Trail Making Test."
pqa_artificial_1014_hallucinated,1,0,0.4433901739588821,supported,supported,0.0,The answer provides clear information about the effects of adding Dexamethasone on bile acid composition in primary cultures of human hepatocytes.,"{""support_level"":""supported"",""reason"":""The answer provides clear information about the effects of adding Dexamethasone on bile acid composition in primary cultures of human hepatocytes.""}",Does addition of Dexamethasone alter the Bile Acid Composition by Inducing CYP8B1 in Primary Cultures of Human Hepatocytes?,"Addition of Dexamethasone significantly increases the expression of CYP7A1, leading to enhanced synthesis of chenodeoxycholic acid, while simultaneously decreasing the levels of CYP8B1, thus altering bile acid composition.","Primary human hepatocytes offer the best human in vitro model for studies on human liver cell metabolism. Investigators use a variety of different media supplements and matrix biocoatings and the type of culture system used may influence the outcome.
To optimize in vitro conditions for primary human hepatocytes with regard to bile acid synthesis.
Human hepatocytes were isolated and cultured on collagen type I or EHS matrigel in cell media with or without dexamethasone. The glucocorticoid receptor (GR) antagonist RU486 was used to elucidate the involvement of GR.
Hepatocytes cultured on EHS matrigel produced more bile acids and expressed higher levels of cholesterol 7α-hydroxylase (CYP7A1) than cells cultured on rat tail collagen. Supplementation with dexamethasone increased the formation of cholic acid (CA) and decreased chenodeoxycholic acid formation. In line with these results, the mRNA expression of sterol 12α-hydroxylase (CYP8B1) increased following dexamethasone treatment. Surprisingly, the mRNA expression of CYP7A1 and CYP27A1 was not increased to the same extent. By using the GR antagonist RU486, we concluded that CYP8B1 induction is mediated via a GR-independent pathway. An altered expression of retinoid-related orphan receptor (ROR) α and ROR α target gene Glucose-6-phosphatase (G6Pase) suggests that ROR α signaling may regulate CYP8B1 expression."
pqa_artificial_364_ground_truth,0,0,0.4611718170036075,supported,supported,0.0,"The answer provides clear information about the results from the study, including the melanoma uptake and fast urinary clearance of the peptide.","{""support_level"":""supported"",""reason"":""The answer provides clear information about the results from the study, including the melanoma uptake and fast urinary clearance of the peptide.""}",Does introduction of an 8-aminooctanoic acid linker enhance uptake of 99mTc-labeled lactam bridge-cyclized α-MSH peptide in melanoma?,High melanoma uptake and fast urinary clearance of (99m)Tc(EDDA)-HYNIC-AocNle-CycMSHhex highlighted its potential for metastatic melanoma detection in the future.,"The purpose of this study was to examine the effects of amino acid, hydrocarbon, and polyethylene glycol (PEG) linkers on the melanoma targeting and imaging properties of (99m)Tc-labeled lactam bridge-cyclized HYNIC-linker-Nle-CycMSHhex (hydrazinonicotinamide-linker-Nle-c[Asp-His-DPhe-Arg-Trp-Lys]-CONH2) peptides.
Four novel peptides (HYNIC-GGGNle-CycMSHhex, HYNIC-GSGNle-CycMSHhex, HYNIC-PEG2Nle-CycMSHhex, and HYNIC-AocNle-CycMSHhex) were designed and synthesized. The melanocortin-1 receptor binding affinities of the peptides were determined in B16/F1 melanoma cells. The biodistribution of (99m)Tc(ethylenediaminediacetic acid [EDDA])-HYNIC-GGGNle-CycMSHhex, (99m)Tc(EDDA)-HYNIC-GSGNle-CycMSHhex, (99m)Tc(EDDA)-HYNIC-PEG2Nle-CycMSHhex, and (99m)Tc(EDDA)-HYNIC-AocNle-CycMSHhex were determined in B16/F1 melanoma-bearing C57 mice at 2 h after injection to select a lead peptide for further evaluation. The melanoma targeting and imaging properties of (99m)Tc(EDDA)-HYNIC-AocNle-CycMSHhex were further examined because of its high melanoma uptake.
The inhibitory concentrations of 50% (IC50) for HYNIC-GGGNle-CycMSHhex, HYNIC-GSGNle-CycMSHhex, HYNIC-PEG2Nle-CycMSHhex, and HYNIC-AocNle-CycMSHhex were 0.7 ± 0.1, 0.8 ± 0.09, 0.4 ± 0.08, and 0.3 ± 0.06 nM, respectively, in B16/F1 melanoma cells. Among these four (99m)Tc-labeled peptides, (99m)Tc(EDDA)-HYNIC-AocNle-CycMSHhex displayed the highest melanoma uptake (22.3 ± 1.72 percentage injected dose/g) at 2 h after injection. (99m)Tc(EDDA)-HYNIC-AocNle-CycMSHhex exhibited high tumor-to-normal-organ uptake ratios except for the kidneys. The tumor-to-kidney uptake ratios of (99m)Tc(EDDA)-HYNIC-AocNle-CycMSHhex were 3.29, 3.63, and 6.78 at 2, 4, and 24 h, respectively, after injection. The melanoma lesions were clearly visualized by SPECT/CT using (99m)Tc(EDDA)-HYNIC-AocNle-CycMSHhex as an imaging probe at 2 h after injection."
pqa_artificial_918_ground_truth,0,0,0.2136103480095326,supported,supported,0.0,"The answer provides clear information about the relationship between miR-622 and tumor suppression in ESCC, including its correlation with clinicopathological factors and prognosis.","{""support_level"":""supported"",""reason"":""The answer provides clear information about the relationship between miR-622 and tumor suppression in ESCC, including its correlation with clinicopathological factors and prognosis.""}",Does miR-622 functions as a tumor suppressor and directly target E2F1 in human esophageal squamous cell carcinoma?,These findings indicate that miR-622 may act as a tumor suppressor in ESCC and would serve as a potential therapy target for this disease.,"MicroRNA-622 has been proven down-regulated in many human malignancies and correlated with tumor progression. However, its role in esophageal squamous cell carcinoma (ESCC) is still unclear. The aim of this study was to explore the expression and function of miR-622 in ESCC.
Using quantitative RT-PCR, we detected miR-622 expression in ESCC cell lines and primary tumor tissues. The association of miR-622 expression with clinicopathological factors and prognosis was also analyzed. Then, the effects of miR-622 on the biological behavior of ESCC cells were investigated. At last, the potential regulatory function of miR-622 on E2F1 expression was confirmed.
miR-622 was found to be down-regulated in ESCC tissues and cell lines. Decreased miR-622 expression was closely correlated with aggressive clinicopathological features and poor overall survival. Multivariate regression analysis corroborated that low level of miR-622 expression was an independent unfavourable prognostic factor for patients with ESCC. Up-regulation of miR-622 could significantly reduce ESCC cell proliferation, enhance cell apoptosis, and impair cell invasion and migration in vitro, while down-regulation of miR-622 showed opposite effects. Further, E2F1 was confirmed as a direct target of miR-622 by using Luciferase Reporter Assay."
