split,id,true_label,predicted_label,probability_supported,probability_hallucinated,confidence_margin,dataset_name,source_split,case_type,question_group_id
validation,validation_00001,hallucinated,supported,0.511829,0.488171,0.023657,medhalt_reasoning_fct,val,incorrect_student_answer,de9621332991cd2120fe
validation,validation_00002,hallucinated,supported,0.514531,0.485469,0.029061,medhalt_reasoning_fct,val,incorrect_student_answer,fc292a36d034cdbb21ec
validation,validation_00003,supported,supported,0.503198,0.496802,0.006395,medhalt_reasoning_fct,val,correct_answer,341951d9145e9d99e2d6
validation,validation_00004,hallucinated,supported,0.51162,0.48838,0.02324,medhalt_reasoning_fct,val,incorrect_student_answer,86c786edf3ffe66a22c9
validation,validation_00005,hallucinated,hallucinated,0.426498,0.573502,0.147005,medhalt_reasoning_fct,val,incorrect_student_answer,bb6360bd2cf0c7a0066d
validation,validation_00006,hallucinated,hallucinated,0.496537,0.503463,0.006926,medhalt_reasoning_fct,val,incorrect_student_answer,b60071c7d1d1f79e36bf
validation,validation_00007,hallucinated,hallucinated,0.424031,0.575969,0.151938,medhalt_reasoning_fct,val,incorrect_student_answer,a24e3e7ec694c7715195
validation,validation_00008,supported,hallucinated,0.440762,0.559238,0.118476,medhalt_reasoning_fct,val,correct_answer,ad68ab7f314cf352fc58
validation,validation_00009,supported,supported,0.503312,0.496688,0.006624,medhalt_reasoning_fct,val,correct_answer,78b119a1b833291aa601
validation,validation_00010,hallucinated,hallucinated,0.448519,0.551481,0.102961,medhalt_reasoning_fct,val,incorrect_student_answer,e5526727da0830747cbc
validation,validation_00011,hallucinated,supported,0.609117,0.390883,0.218234,medhalt_reasoning_fct,val,incorrect_student_answer,19d34598e478db9c71ff
validation,validation_00012,supported,supported,0.514367,0.485633,0.028734,medhalt_reasoning_fct,val,correct_answer,36950cfc7a1505b2a1e3
validation,validation_00013,hallucinated,supported,0.686906,0.313094,0.373812,medhalt_reasoning_fct,val,incorrect_student_answer,c9ddc045982f3d45c0ba
validation,validation_00014,supported,supported,0.509369,0.490631,0.018739,medhalt_reasoning_fct,val,correct_answer,b6dd6799adb9d29bf5cf
validation,validation_00015,hallucinated,hallucinated,0.498928,0.501072,0.002145,medhalt_reasoning_fct,val,incorrect_student_answer,e237b0859d2782280186
validation,validation_00016,supported,supported,0.538766,0.461234,0.077533,medhalt_reasoning_fct,val,correct_answer,25f9c5de874c59b47d90
validation,validation_00017,hallucinated,supported,0.543597,0.456403,0.087195,medhalt_reasoning_fct,val,incorrect_student_answer,33ea327cde8817149f37
validation,validation_00018,hallucinated,hallucinated,0.428073,0.571927,0.143853,medhalt_reasoning_fct,val,incorrect_student_answer,900c4af2c9a59d7bff90
validation,validation_00019,hallucinated,hallucinated,0.474124,0.525876,0.051753,medhalt_reasoning_fct,val,incorrect_student_answer,86a1845dea27f559b2bd
validation,validation_00020,supported,supported,0.520257,0.479743,0.040514,medhalt_reasoning_fct,val,correct_answer,8b5688a2281583107590
validation,validation_00021,supported,supported,0.552715,0.447285,0.105431,medhalt_reasoning_fct,val,correct_answer,ddece43beee4f3eb434e
validation,validation_00022,hallucinated,hallucinated,0.497854,0.502146,0.004293,medhalt_reasoning_fct,val,incorrect_student_answer,95c7c442eed18411e507
validation,validation_00023,hallucinated,supported,0.516198,0.483802,0.032396,medhalt_reasoning_fct,val,incorrect_student_answer,ad048f1993fe8e814b59
validation,validation_00024,hallucinated,hallucinated,0.498803,0.501197,0.002393,medhalt_reasoning_fct,val,incorrect_student_answer,8d27dd586d6e391f67f8
validation,validation_00025,supported,hallucinated,0.431018,0.568982,0.137965,medhalt_reasoning_fct,val,correct_answer,465d115122f03c4381c1
validation,validation_00026,hallucinated,supported,0.510892,0.489108,0.021784,medhalt_reasoning_fct,val,incorrect_student_answer,50f69ed0e62ebd1c52f3
validation,validation_00027,supported,hallucinated,0.489549,0.510451,0.020903,medhalt_reasoning_fct,val,correct_answer,6b8960aaaf7082cbfdd8
validation,validation_00028,hallucinated,supported,0.530062,0.469938,0.060124,medhalt_reasoning_fct,val,incorrect_student_answer,09d0a0eb5ef43d5d6a3c
validation,validation_00029,hallucinated,supported,0.527161,0.472839,0.054323,medhalt_reasoning_fct,val,incorrect_student_answer,3eaccc319c7ee403e310
validation,validation_00030,hallucinated,supported,0.540394,0.459606,0.080788,medhalt_reasoning_fct,val,incorrect_student_answer,38b86b1338e67abae514
validation,validation_00031,hallucinated,supported,0.534612,0.465388,0.069223,medhalt_reasoning_fct,val,incorrect_student_answer,efbffab988cf1f5b4a29
validation,validation_00032,hallucinated,hallucinated,0.492856,0.507144,0.014288,medhalt_reasoning_fct,val,incorrect_student_answer,4a137c864eca0961e8f0
validation,validation_00033,hallucinated,hallucinated,0.492162,0.507838,0.015676,medhalt_reasoning_fct,val,incorrect_student_answer,dcee61ff98fc27adb33e
validation,validation_00034,hallucinated,supported,0.503833,0.496167,0.007666,medhalt_reasoning_fct,val,incorrect_student_answer,2259042bb160ab99b4cf
validation,validation_00035,hallucinated,supported,0.522342,0.477658,0.044685,medhalt_reasoning_fct,val,incorrect_student_answer,a28b24f69737f4e8863b
validation,validation_00036,supported,supported,0.511264,0.488736,0.022528,medhalt_reasoning_fct,val,correct_answer,ed87f9bd72f99f099756
validation,validation_00037,supported,hallucinated,0.499365,0.500635,0.001271,medhalt_reasoning_fct,val,correct_answer,19818b21d68f575e48f9
validation,validation_00038,supported,hallucinated,0.448413,0.551587,0.103174,medhalt_reasoning_fct,val,correct_answer,21a8e38f649d1913c5db
validation,validation_00039,hallucinated,supported,0.505821,0.494179,0.011642,medhalt_reasoning_fct,val,incorrect_student_answer,ed87f9bd72f99f099756
validation,validation_00040,hallucinated,supported,0.502351,0.497649,0.004703,medhalt_reasoning_fct,val,incorrect_student_answer,4b5dbdd08daefd197c54
validation,validation_00041,supported,supported,0.507805,0.492195,0.015611,medhalt_reasoning_fct,val,correct_answer,50f69ed0e62ebd1c52f3
validation,validation_00042,hallucinated,supported,0.504057,0.495943,0.008114,medhalt_reasoning_fct,val,incorrect_student_answer,8b9c7dfecaaef98d9e2e
validation,validation_00043,hallucinated,supported,0.532993,0.467007,0.065986,medhalt_reasoning_fct,val,incorrect_student_answer,981e87bfc2db9b4c5403
validation,validation_00044,hallucinated,hallucinated,0.475407,0.524593,0.049187,medhalt_reasoning_fct,val,incorrect_student_answer,dd0c9311208eab3afcdb
validation,validation_00045,supported,supported,0.510491,0.489509,0.020982,medhalt_reasoning_fct,val,correct_answer,4cd953818b344f68e425
validation,validation_00046,hallucinated,supported,0.512244,0.487756,0.024487,medhalt_reasoning_fct,val,incorrect_student_answer,ae4ff5132bed696df5cf
validation,validation_00047,supported,hallucinated,0.46468,0.53532,0.07064,medhalt_reasoning_fct,val,correct_answer,068a630a3ac7017e87de
validation,validation_00048,supported,supported,0.542233,0.457767,0.084466,medhalt_reasoning_fct,val,correct_answer,ed2c225e8c917c756409
validation,validation_00049,hallucinated,supported,0.526866,0.473134,0.053732,medhalt_reasoning_fct,val,incorrect_student_answer,511762a25fb7ec43c308
validation,validation_00050,hallucinated,supported,0.620231,0.379769,0.240463,medhalt_reasoning_fct,val,incorrect_student_answer,6bb18dd660a69ac19db8
validation,validation_00051,hallucinated,hallucinated,0.492037,0.507963,0.015927,medhalt_reasoning_fct,val,incorrect_student_answer,e99293494baed6b3e769
validation,validation_00052,hallucinated,hallucinated,0.481712,0.518288,0.036576,medhalt_reasoning_fct,val,incorrect_student_answer,fabecd29ffd5d2eabcfc
validation,validation_00053,hallucinated,supported,0.5079,0.4921,0.015799,medhalt_reasoning_fct,val,incorrect_student_answer,8795d4d99773afe64d25
validation,validation_00054,supported,supported,0.507393,0.492607,0.014787,medhalt_reasoning_fct,val,correct_answer,5a0ac05b94422a250932
validation,validation_00055,hallucinated,supported,0.535094,0.464906,0.070188,medhalt_reasoning_fct,val,incorrect_student_answer,7431431c87cc38d96d2c
validation,validation_00056,supported,supported,0.504122,0.495878,0.008244,medhalt_reasoning_fct,val,correct_answer,814bd4c41c790cbd38f6
validation,validation_00057,hallucinated,supported,0.512135,0.487865,0.024271,medhalt_reasoning_fct,val,incorrect_student_answer,74ede07874a92396e11d
validation,validation_00058,hallucinated,supported,0.520024,0.479976,0.040049,medhalt_reasoning_fct,val,incorrect_student_answer,e10e7881703f4abbf4a7
validation,validation_00059,hallucinated,hallucinated,0.471271,0.528729,0.057458,medhalt_reasoning_fct,val,incorrect_student_answer,a1224c2df26d355db234
validation,validation_00060,supported,supported,0.512975,0.487025,0.025949,medhalt_reasoning_fct,val,correct_answer,48362acd6f178402cc56
validation,validation_00061,supported,hallucinated,0.493393,0.506607,0.013215,medhalt_reasoning_fct,val,correct_answer,203956ab5378afd18d54
validation,validation_00062,hallucinated,supported,0.516206,0.483794,0.032412,medhalt_reasoning_fct,val,incorrect_student_answer,ed7c7c93b24f12d8f762
validation,validation_00063,hallucinated,hallucinated,0.431882,0.568118,0.136236,medhalt_reasoning_fct,val,incorrect_student_answer,07f3e341fd3682199363
validation,validation_00064,hallucinated,supported,0.512841,0.487159,0.025682,medhalt_reasoning_fct,val,incorrect_student_answer,f001b1e3edf4970603b4
validation,validation_00065,supported,supported,0.51487,0.48513,0.029739,medhalt_reasoning_fct,val,correct_answer,e6b10cbcba82a2910ead
validation,validation_00066,hallucinated,supported,0.605098,0.394902,0.210197,medhalt_reasoning_fct,val,incorrect_student_answer,2323982fab3a1a83335e
validation,validation_00067,supported,supported,0.530032,0.469968,0.060064,medhalt_reasoning_fct,val,correct_answer,8fd2b9077e273d9670ab
validation,validation_00068,supported,supported,0.513772,0.486228,0.027544,medhalt_reasoning_fct,val,correct_answer,5ce5270825271d4e9087
validation,validation_00069,supported,supported,0.517738,0.482262,0.035476,medhalt_reasoning_fct,val,correct_answer,90f72e0b0cff1c12257f
validation,validation_00070,supported,hallucinated,0.486354,0.513646,0.027292,medhalt_reasoning_fct,val,correct_answer,8200683372dd9e8d0064
validation,validation_00071,hallucinated,supported,0.504653,0.495347,0.009305,medhalt_reasoning_fct,val,incorrect_student_answer,c8f332f1f2e00246d8b9
validation,validation_00072,supported,supported,0.521486,0.478514,0.042972,medhalt_reasoning_fct,val,correct_answer,4d628a7deafa87d8dcd7
validation,validation_00073,supported,hallucinated,0.486789,0.513211,0.026422,medhalt_reasoning_fct,val,correct_answer,25bc4b1326977a4072e2
validation,validation_00074,hallucinated,supported,0.518312,0.481688,0.036625,medhalt_reasoning_fct,val,incorrect_student_answer,d7c6ac30ccfcea315e12
validation,validation_00075,hallucinated,hallucinated,0.431236,0.568764,0.137529,medhalt_reasoning_fct,val,incorrect_student_answer,aeecc67f3b09102c5c2a
validation,validation_00076,hallucinated,hallucinated,0.498014,0.501986,0.003971,medhalt_reasoning_fct,val,incorrect_student_answer,ed1ce4b97146ec87970d
validation,validation_00077,supported,supported,0.531638,0.468362,0.063277,medhalt_reasoning_fct,val,correct_answer,a4fa47ad2644d8554236
validation,validation_00078,supported,hallucinated,0.483919,0.516081,0.032161,medhalt_reasoning_fct,val,correct_answer,eee3384e3969f17d0f9f
validation,validation_00079,supported,supported,0.50137,0.49863,0.002741,medhalt_reasoning_fct,val,correct_answer,da42a4ea61978e88e761
validation,validation_00080,supported,hallucinated,0.457345,0.542655,0.08531,medhalt_reasoning_fct,val,correct_answer,ff751103f93243d43788
validation,validation_00081,supported,supported,0.519474,0.480526,0.038948,medhalt_reasoning_fct,val,correct_answer,86c786edf3ffe66a22c9
validation,validation_00082,supported,hallucinated,0.491254,0.508746,0.017492,medhalt_reasoning_fct,val,correct_answer,ce711acad85f2c3dc97e
validation,validation_00083,hallucinated,hallucinated,0.487464,0.512536,0.025072,medhalt_reasoning_fct,val,incorrect_student_answer,8ceb728bb0a5cf8b2e1d
validation,validation_00084,hallucinated,hallucinated,0.499705,0.500295,0.000589,medhalt_reasoning_fct,val,incorrect_student_answer,28004684ecacdc17cc04
validation,validation_00085,supported,supported,0.50364,0.49636,0.007279,medhalt_reasoning_fct,val,correct_answer,15c6842c50267be511c8
validation,validation_00086,hallucinated,supported,0.51708,0.48292,0.03416,medhalt_reasoning_fct,val,incorrect_student_answer,36950cfc7a1505b2a1e3
validation,validation_00087,supported,hallucinated,0.48808,0.51192,0.023839,medhalt_reasoning_fct,val,correct_answer,5df7b93a7cfb419e5c90
validation,validation_00088,supported,supported,0.514915,0.485085,0.02983,medhalt_reasoning_fct,val,correct_answer,5daf38b8c8eeec11e642
validation,validation_00089,hallucinated,hallucinated,0.470201,0.529799,0.059598,medhalt_reasoning_fct,val,incorrect_student_answer,3ea5c911ec4cf91c4406
validation,validation_00090,hallucinated,supported,0.52459,0.47541,0.049181,medhalt_reasoning_fct,val,incorrect_student_answer,7d65d5c425d927d74df1
validation,validation_00091,supported,hallucinated,0.497291,0.502709,0.005417,medhalt_reasoning_fct,val,correct_answer,90fba805660a9178e595
validation,validation_00092,supported,hallucinated,0.407771,0.592229,0.184458,medhalt_reasoning_fct,val,correct_answer,815a42fd44057a59d964
validation,validation_00093,supported,supported,0.510735,0.489265,0.02147,medhalt_reasoning_fct,val,correct_answer,d132f1ef7796c6124349
validation,validation_00094,hallucinated,supported,0.54375,0.45625,0.087501,medhalt_reasoning_fct,val,incorrect_student_answer,72adcc59701205973429
validation,validation_00095,supported,hallucinated,0.49949,0.50051,0.00102,medhalt_reasoning_fct,val,correct_answer,a8bc0a3b3a1fdb8b44af
validation,validation_00096,hallucinated,supported,0.550176,0.449824,0.100351,medhalt_reasoning_fct,val,incorrect_student_answer,8a7ad02cbbbc92535113
validation,validation_00097,supported,supported,0.512959,0.487041,0.025918,medhalt_reasoning_fct,val,correct_answer,f001b1e3edf4970603b4
validation,validation_00098,hallucinated,supported,0.520164,0.479836,0.040327,medhalt_reasoning_fct,val,incorrect_student_answer,fbba0590a4f1f782e7c5
validation,validation_00099,supported,supported,0.536575,0.463425,0.07315,medhalt_reasoning_fct,val,correct_answer,a7a488f065a5bf8c6f87
validation,validation_00100,hallucinated,hallucinated,0.476746,0.523254,0.046507,medhalt_reasoning_fct,val,incorrect_student_answer,48d0f65316c20f07a16b
validation,validation_00101,supported,supported,0.53316,0.46684,0.06632,medhalt_reasoning_fct,val,correct_answer,041f07d59950a5b24926
validation,validation_00102,supported,hallucinated,0.499789,0.500211,0.000422,medhalt_reasoning_fct,val,correct_answer,9eeeb478bdb602d8c860
validation,validation_00103,hallucinated,supported,0.520697,0.479303,0.041394,medhalt_reasoning_fct,val,incorrect_student_answer,cfa2f275e6bbf3c0b08e
validation,validation_00104,hallucinated,supported,0.50547,0.49453,0.01094,medhalt_reasoning_fct,val,incorrect_student_answer,66a884b2a9752fcd2c2e
validation,validation_00105,hallucinated,hallucinated,0.453815,0.546185,0.09237,medhalt_reasoning_fct,val,incorrect_student_answer,3bb4309256d5ad3d28d8
validation,validation_00106,hallucinated,supported,0.521663,0.478337,0.043325,medhalt_reasoning_fct,val,incorrect_student_answer,48362acd6f178402cc56
validation,validation_00107,hallucinated,hallucinated,0.498619,0.501381,0.002762,medhalt_reasoning_fct,val,incorrect_student_answer,d53be6bbdce279d41e4a
validation,validation_00108,hallucinated,hallucinated,0.473575,0.526425,0.052851,medhalt_reasoning_fct,val,incorrect_student_answer,e245be53f3b4d0bbf660
validation,validation_00109,supported,hallucinated,0.481719,0.518281,0.036561,medhalt_reasoning_fct,val,correct_answer,43a6007b55ddbc26cbdf
validation,validation_00110,hallucinated,hallucinated,0.490445,0.509555,0.01911,medhalt_reasoning_fct,val,incorrect_student_answer,e072b07f6ea241a12387
validation,validation_00111,hallucinated,supported,0.521714,0.478286,0.043428,medhalt_reasoning_fct,val,incorrect_student_answer,55d0be26f9123f879a73
validation,validation_00112,hallucinated,supported,0.500277,0.499723,0.000554,medhalt_reasoning_fct,val,incorrect_student_answer,6d76084ac46f25df8605
validation,validation_00113,supported,hallucinated,0.437642,0.562358,0.124717,medhalt_reasoning_fct,val,correct_answer,b943dd7d56f1ae9626fe
validation,validation_00114,supported,supported,0.531965,0.468035,0.063931,medhalt_reasoning_fct,val,correct_answer,007b938a23647c09d5f1
validation,validation_00115,hallucinated,supported,0.509702,0.490298,0.019404,medhalt_reasoning_fct,val,incorrect_student_answer,4bb80de69c176db342b1
validation,validation_00116,hallucinated,supported,0.501906,0.498094,0.003813,medhalt_reasoning_fct,val,incorrect_student_answer,9eeeb478bdb602d8c860
validation,validation_00117,supported,supported,0.558976,0.441024,0.117951,medhalt_reasoning_fct,val,correct_answer,06ec4c16c75676c630f6
validation,validation_00118,hallucinated,supported,0.511486,0.488514,0.022971,medhalt_reasoning_fct,val,incorrect_student_answer,e8805dbbeea4d106bcae
validation,validation_00119,hallucinated,supported,0.552372,0.447628,0.104745,medhalt_reasoning_fct,val,incorrect_student_answer,540286030709f236e708
validation,validation_00120,supported,supported,0.512251,0.487749,0.024501,medhalt_reasoning_fct,val,correct_answer,7613018abf61ad75294b
validation,validation_00121,supported,supported,0.527939,0.472061,0.055877,medhalt_reasoning_fct,val,correct_answer,22804eed1a874a6dba66
validation,validation_00122,hallucinated,hallucinated,0.482983,0.517017,0.034034,medhalt_reasoning_fct,val,incorrect_student_answer,698483d5d07c33366697
validation,validation_00123,hallucinated,supported,0.503117,0.496883,0.006234,medhalt_reasoning_fct,val,incorrect_student_answer,553ced5fe1b20bd9a756
validation,validation_00124,hallucinated,supported,0.507663,0.492337,0.015325,medhalt_reasoning_fct,val,incorrect_student_answer,97e838a6e9fb46d6598d
validation,validation_00125,supported,supported,0.526903,0.473097,0.053806,medhalt_reasoning_fct,val,correct_answer,ac137cdff3a97d9b4d24
validation,validation_00126,hallucinated,supported,0.509514,0.490486,0.019028,medhalt_reasoning_fct,val,incorrect_student_answer,a4d0726c0d74157f2a97
validation,validation_00127,hallucinated,hallucinated,0.49663,0.50337,0.00674,medhalt_reasoning_fct,val,incorrect_student_answer,24565a10f22923dba44a
validation,validation_00128,hallucinated,hallucinated,0.477328,0.522672,0.045343,medhalt_reasoning_fct,val,incorrect_student_answer,c110c7e95806a5f5c98e
validation,validation_00129,hallucinated,supported,0.522534,0.477466,0.045068,medhalt_reasoning_fct,val,incorrect_student_answer,502b2059529940a5a55e
validation,validation_00130,supported,supported,0.523167,0.476833,0.046334,medhalt_reasoning_fct,val,correct_answer,43d2dd26cb7466fb8bf9
validation,validation_00131,hallucinated,supported,0.520512,0.479488,0.041025,medhalt_reasoning_fct,val,incorrect_student_answer,43d2dd26cb7466fb8bf9
validation,validation_00132,supported,supported,0.513998,0.486002,0.027996,medhalt_reasoning_fct,val,correct_answer,e053a9c8bcd8af928d3e
validation,validation_00133,hallucinated,supported,0.521026,0.478974,0.042052,medhalt_reasoning_fct,val,incorrect_student_answer,4ec8a71163101293c26d
validation,validation_00134,supported,supported,0.503112,0.496888,0.006224,medhalt_reasoning_fct,val,correct_answer,1fbad28113a56ecd7dc1
validation,validation_00135,hallucinated,hallucinated,0.464913,0.535087,0.070175,medhalt_reasoning_fct,val,incorrect_student_answer,c73de5af45d8ed4a9d14
validation,validation_00136,supported,hallucinated,0.498437,0.501563,0.003127,medhalt_reasoning_fct,val,correct_answer,d53be6bbdce279d41e4a
validation,validation_00137,supported,supported,0.521849,0.478151,0.043699,medhalt_reasoning_fct,val,correct_answer,53189a0136c9eb874f26
validation,validation_00138,supported,supported,0.53119,0.46881,0.06238,medhalt_reasoning_fct,val,correct_answer,4b4d77dc5beb4dd3176e
validation,validation_00139,supported,supported,0.510553,0.489447,0.021106,medhalt_reasoning_fct,val,correct_answer,b9cbd8819e57ef75f185
validation,validation_00140,supported,supported,0.526526,0.473474,0.053053,medhalt_reasoning_fct,val,correct_answer,e6f0cb96311c80731648
validation,validation_00141,hallucinated,supported,0.55359,0.44641,0.10718,medhalt_reasoning_fct,val,incorrect_student_answer,506c363117fe2ad8056c
validation,validation_00142,supported,supported,0.539153,0.460847,0.078305,medhalt_reasoning_fct,val,correct_answer,98d2e67cee4e5103c976
validation,validation_00143,hallucinated,supported,0.527908,0.472092,0.055815,medhalt_reasoning_fct,val,incorrect_student_answer,8b5688a2281583107590
validation,validation_00144,supported,supported,0.524106,0.475894,0.048212,medhalt_reasoning_fct,val,correct_answer,e10e7881703f4abbf4a7
validation,validation_00145,supported,supported,0.514653,0.485347,0.029305,medhalt_reasoning_fct,val,correct_answer,1418f3150bff6becbbae
validation,validation_00146,hallucinated,supported,0.540032,0.459968,0.080065,medhalt_reasoning_fct,val,incorrect_student_answer,e0ef3cfd88a915245718
validation,validation_00147,supported,supported,0.516794,0.483206,0.033588,medhalt_reasoning_fct,val,correct_answer,320fc6c1862ed693f157
validation,validation_00148,supported,hallucinated,0.46964,0.53036,0.060721,medhalt_reasoning_fct,val,correct_answer,69352701f3da11c24210
validation,validation_00149,supported,hallucinated,0.482769,0.517231,0.034462,medhalt_reasoning_fct,val,correct_answer,1b6c83abd7451f8d332d
validation,validation_00150,supported,supported,0.522059,0.477941,0.044119,medhalt_reasoning_fct,val,correct_answer,cfa2f275e6bbf3c0b08e
validation,validation_00151,hallucinated,supported,0.515826,0.484174,0.031653,medhalt_reasoning_fct,val,incorrect_student_answer,e8fc76907c757b1e38a3
validation,validation_00152,supported,hallucinated,0.463024,0.536976,0.073953,medhalt_reasoning_fct,val,correct_answer,521f10ec34707c242ece
validation,validation_00153,supported,supported,0.515388,0.484612,0.030775,medhalt_reasoning_fct,val,correct_answer,3659ef0214a0ebf6ef20
validation,validation_00154,supported,hallucinated,0.455399,0.544601,0.089203,medhalt_reasoning_fct,val,correct_answer,92fa6722ee303ded2f3e
validation,validation_00155,hallucinated,supported,0.531378,0.468622,0.062757,medhalt_reasoning_fct,val,incorrect_student_answer,3ceb8752ae9c9bffd6a9
validation,validation_00156,supported,hallucinated,0.499963,0.500037,7.5e-05,medhalt_reasoning_fct,val,correct_answer,89716569197877de3c70
validation,validation_00157,hallucinated,hallucinated,0.487077,0.512923,0.025846,medhalt_reasoning_fct,val,incorrect_student_answer,af0b73742fc4200dcaa1
validation,validation_00158,hallucinated,hallucinated,0.484817,0.515183,0.030366,medhalt_reasoning_fct,val,incorrect_student_answer,c6548857725dcc4b6bcb
validation,validation_00159,supported,hallucinated,0.493979,0.506021,0.012041,medhalt_reasoning_fct,val,correct_answer,a8b130ce464e93f65dfe
validation,validation_00160,supported,supported,0.505733,0.494267,0.011466,medhalt_reasoning_fct,val,correct_answer,c8f332f1f2e00246d8b9
validation,validation_00161,supported,supported,0.511982,0.488018,0.023964,medhalt_reasoning_fct,val,correct_answer,ea6cd2c4d37e60a1fa93
validation,validation_00162,hallucinated,hallucinated,0.474901,0.525099,0.050198,medhalt_reasoning_fct,val,incorrect_student_answer,69352701f3da11c24210
validation,validation_00163,hallucinated,supported,0.507736,0.492264,0.015472,medhalt_reasoning_fct,val,incorrect_student_answer,d74bfb52793a9a28405e
validation,validation_00164,supported,hallucinated,0.490263,0.509737,0.019474,medhalt_reasoning_fct,val,correct_answer,5a19a812813f6ba9baad
validation,validation_00165,hallucinated,supported,0.523861,0.476139,0.047723,medhalt_reasoning_fct,val,incorrect_student_answer,5ccffcd7b25fd7c0fa9b
validation,validation_00166,supported,hallucinated,0.460238,0.539762,0.079524,medhalt_reasoning_fct,val,correct_answer,784c4151c4a26b258752
validation,validation_00167,supported,supported,0.502121,0.497879,0.004243,medhalt_reasoning_fct,val,correct_answer,9777b473f3a39ce766f3
validation,validation_00168,hallucinated,supported,0.503983,0.496017,0.007965,medhalt_reasoning_fct,val,incorrect_student_answer,c865c473bd250f88b8bb
validation,validation_00169,supported,supported,0.535094,0.464906,0.070188,medhalt_reasoning_fct,val,correct_answer,7431431c87cc38d96d2c
validation,validation_00170,supported,supported,0.538001,0.461999,0.076002,medhalt_reasoning_fct,val,correct_answer,498df14c7bf62d91ac9e
validation,validation_00171,supported,hallucinated,0.486362,0.513638,0.027277,medhalt_reasoning_fct,val,correct_answer,ead01c56ec1c9b8ed394
validation,validation_00172,supported,hallucinated,0.476798,0.523202,0.046404,medhalt_reasoning_fct,val,correct_answer,89d0d91c50320215ddcf
validation,validation_00173,supported,hallucinated,0.499617,0.500383,0.000766,medhalt_reasoning_fct,val,correct_answer,3d6e1d3d23c0c80303a7
validation,validation_00174,hallucinated,supported,0.528684,0.471316,0.057368,medhalt_reasoning_fct,val,incorrect_student_answer,34e307399a3d96ecfc78
validation,validation_00175,supported,supported,0.501143,0.498857,0.002285,medhalt_reasoning_fct,val,correct_answer,82b861006ae69e169a2a
validation,validation_00176,supported,hallucinated,0.465214,0.534786,0.069573,medhalt_reasoning_fct,val,correct_answer,c73de5af45d8ed4a9d14
validation,validation_00177,supported,supported,0.578266,0.421734,0.156532,medhalt_reasoning_fct,val,correct_answer,a3dc27e8297802e508ce
validation,validation_00178,hallucinated,supported,0.518592,0.481408,0.037184,medhalt_reasoning_fct,val,incorrect_student_answer,ce7839610af19545fdbb
validation,validation_00179,supported,supported,0.507394,0.492606,0.014789,medhalt_reasoning_fct,val,correct_answer,91cf56cbb784cfb2224d
validation,validation_00180,hallucinated,hallucinated,0.414004,0.585996,0.171992,medhalt_reasoning_fct,val,incorrect_student_answer,693834f184850fa832bb
validation,validation_00181,hallucinated,hallucinated,0.496204,0.503796,0.007592,medhalt_reasoning_fct,val,incorrect_student_answer,89fe8b01e87b610ab1c5
validation,validation_00182,hallucinated,supported,0.546666,0.453334,0.093332,medhalt_reasoning_fct,val,incorrect_student_answer,092c59fc15fb7a1751d3
validation,validation_00183,supported,supported,0.543103,0.456897,0.086205,medhalt_reasoning_fct,val,correct_answer,e0ef3cfd88a915245718
validation,validation_00184,hallucinated,hallucinated,0.49946,0.50054,0.00108,medhalt_reasoning_fct,val,incorrect_student_answer,f2ed84f15967b07aeda6
validation,validation_00185,supported,supported,0.502667,0.497333,0.005333,medhalt_reasoning_fct,val,correct_answer,a9ebfa66a8e2ecef3917
validation,validation_00186,supported,hallucinated,0.48874,0.51126,0.02252,medhalt_reasoning_fct,val,correct_answer,b30441ac3d13e726911c
validation,validation_00187,supported,supported,0.522131,0.477869,0.044262,medhalt_reasoning_fct,val,correct_answer,9c8ff7b9b52d11d516a6
validation,validation_00188,supported,supported,0.534638,0.465362,0.069275,medhalt_reasoning_fct,val,correct_answer,3ceb8752ae9c9bffd6a9
validation,validation_00189,supported,supported,0.517425,0.482575,0.034849,medhalt_reasoning_fct,val,correct_answer,737b66fca50ec9981a0c
validation,validation_00190,supported,hallucinated,0.487299,0.512701,0.025402,medhalt_reasoning_fct,val,correct_answer,8ceb728bb0a5cf8b2e1d
validation,validation_00191,supported,supported,0.504308,0.495692,0.008615,medhalt_reasoning_fct,val,correct_answer,2cc1a35aa354a12e051e
validation,validation_00192,hallucinated,hallucinated,0.4705,0.5295,0.059001,medhalt_reasoning_fct,val,incorrect_student_answer,7e5dde38b319658cd1dc
validation,validation_00193,hallucinated,supported,0.515388,0.484612,0.030775,medhalt_reasoning_fct,val,incorrect_student_answer,3659ef0214a0ebf6ef20
validation,validation_00194,supported,hallucinated,0.496959,0.503041,0.006083,medhalt_reasoning_fct,val,correct_answer,776eeca4abe6cacc08eb
validation,validation_00195,supported,hallucinated,0.471913,0.528087,0.056174,medhalt_reasoning_fct,val,correct_answer,a1224c2df26d355db234
validation,validation_00196,supported,supported,0.550475,0.449525,0.10095,medhalt_reasoning_fct,val,correct_answer,093a1d8108f3017b43e4
validation,validation_00197,hallucinated,hallucinated,0.482754,0.517246,0.034493,medhalt_reasoning_fct,val,incorrect_student_answer,4256628539ba9ffc5064
validation,validation_00198,hallucinated,hallucinated,0.489168,0.510832,0.021664,medhalt_reasoning_fct,val,incorrect_student_answer,4cdd1b1338d2cb0b4233
validation,validation_00199,hallucinated,supported,0.540964,0.459036,0.081927,medhalt_reasoning_fct,val,incorrect_student_answer,2eea89b8ff531760753c
validation,validation_00200,supported,supported,0.532381,0.467619,0.064762,medhalt_reasoning_fct,val,correct_answer,734336418f47ade1dccd
validation,validation_00201,supported,hallucinated,0.478772,0.521228,0.042456,medhalt_reasoning_fct,val,correct_answer,28722efc7f0072581025
validation,validation_00202,hallucinated,hallucinated,0.494548,0.505452,0.010904,medhalt_reasoning_fct,val,incorrect_student_answer,1aa412e63811a2a81835
validation,validation_00203,supported,hallucinated,0.484016,0.515984,0.031967,medhalt_reasoning_fct,val,correct_answer,c110c7e95806a5f5c98e
validation,validation_00204,supported,hallucinated,0.480317,0.519683,0.039365,medhalt_reasoning_fct,val,correct_answer,c600bc4d876b717839f3
validation,validation_00205,hallucinated,supported,0.529881,0.470119,0.059761,medhalt_reasoning_fct,val,incorrect_student_answer,0acf41cc0e429175fe1b
validation,validation_00206,hallucinated,hallucinated,0.413105,0.586895,0.173789,medhalt_reasoning_fct,val,incorrect_student_answer,1d9982124b176c6d027c
validation,validation_00207,hallucinated,supported,0.532353,0.467647,0.064705,medhalt_reasoning_fct,val,incorrect_student_answer,7b30df8195d3caabd41a
validation,validation_00208,hallucinated,hallucinated,0.487051,0.512949,0.025898,medhalt_reasoning_fct,val,incorrect_student_answer,0bc522051677fa9cf881
validation,validation_00209,supported,hallucinated,0.405055,0.594945,0.18989,medhalt_reasoning_fct,val,correct_answer,548b73caa710056c66b5
validation,validation_00210,supported,supported,0.517614,0.482386,0.035227,medhalt_reasoning_fct,val,correct_answer,b79e429dea4a96bfc1dc
validation,validation_00211,supported,supported,0.513499,0.486501,0.026998,medhalt_reasoning_fct,val,correct_answer,a039daef9f87749f60d6
validation,validation_00212,supported,hallucinated,0.491112,0.508888,0.017776,medhalt_reasoning_fct,val,correct_answer,d930d9f2fec0ab9556c7
validation,validation_00213,supported,supported,0.503991,0.496009,0.007982,medhalt_reasoning_fct,val,correct_answer,66a884b2a9752fcd2c2e
validation,validation_00214,supported,hallucinated,0.491939,0.508061,0.016122,medhalt_reasoning_fct,val,correct_answer,ac3ec4c1b358ceffc43e
validation,validation_00215,supported,supported,0.518689,0.481311,0.037377,medhalt_reasoning_fct,val,correct_answer,fbba0590a4f1f782e7c5
validation,validation_00216,hallucinated,hallucinated,0.462203,0.537797,0.075595,medhalt_reasoning_fct,val,incorrect_student_answer,efcb45576af3849213ed
validation,validation_00217,supported,supported,0.516569,0.483431,0.033138,medhalt_reasoning_fct,val,correct_answer,db3ced14958d8a5a7400
validation,validation_00218,supported,supported,0.504057,0.495943,0.008114,medhalt_reasoning_fct,val,correct_answer,8b9c7dfecaaef98d9e2e
validation,validation_00219,supported,hallucinated,0.499075,0.500925,0.00185,medhalt_reasoning_fct,val,correct_answer,89fe8b01e87b610ab1c5
validation,validation_00220,hallucinated,hallucinated,0.495714,0.504286,0.008572,medhalt_reasoning_fct,val,incorrect_student_answer,6805a320aeffabdb426a
validation,validation_00221,hallucinated,hallucinated,0.462043,0.537957,0.075915,medhalt_reasoning_fct,val,incorrect_student_answer,ff7e29c0d832dce30e87
validation,validation_00222,supported,supported,0.522419,0.477581,0.044838,medhalt_reasoning_fct,val,correct_answer,f816841a3c212cf5b9e5
validation,validation_00223,supported,supported,0.56554,0.43446,0.131081,medhalt_reasoning_fct,val,correct_answer,cbc158921c689cb4a22c
validation,validation_00224,supported,supported,0.515408,0.484592,0.030816,medhalt_reasoning_fct,val,correct_answer,161dc7e2af365b75b157
validation,validation_00225,hallucinated,hallucinated,0.497505,0.502495,0.004991,medhalt_reasoning_fct,val,incorrect_student_answer,83bcdf3947e868c737d4
validation,validation_00226,hallucinated,hallucinated,0.487043,0.512957,0.025914,medhalt_reasoning_fct,val,incorrect_student_answer,9c8376778eafc4b99a0f
validation,validation_00227,supported,hallucinated,0.474318,0.525682,0.051363,medhalt_reasoning_fct,val,correct_answer,0d4d137ef6ec7cd147a7
validation,validation_00228,supported,supported,0.500958,0.499042,0.001915,medhalt_reasoning_fct,val,correct_answer,09a8e8172496c6844cfc
validation,validation_00229,hallucinated,hallucinated,0.45931,0.54069,0.081381,medhalt_reasoning_fct,val,incorrect_student_answer,784c4151c4a26b258752
validation,validation_00230,hallucinated,hallucinated,0.49025,0.50975,0.019501,medhalt_reasoning_fct,val,incorrect_student_answer,39b9e84dfd4965180bb5
validation,validation_00231,supported,hallucinated,0.460176,0.539824,0.079648,medhalt_reasoning_fct,val,correct_answer,efcb45576af3849213ed
validation,validation_00232,hallucinated,supported,0.51618,0.48382,0.03236,medhalt_reasoning_fct,val,incorrect_student_answer,90f72e0b0cff1c12257f
validation,validation_00233,hallucinated,supported,0.506946,0.493054,0.013892,medhalt_reasoning_fct,val,incorrect_student_answer,9e1961ac0c68f85458a3
validation,validation_00234,supported,supported,0.538291,0.461709,0.076582,medhalt_reasoning_fct,val,correct_answer,109090e5e3d11370c01a
validation,validation_00235,hallucinated,supported,0.534917,0.465083,0.069834,medhalt_reasoning_fct,val,incorrect_student_answer,68be310eafe503805550
validation,validation_00236,hallucinated,hallucinated,0.491562,0.508438,0.016877,medhalt_reasoning_fct,val,incorrect_student_answer,6b8960aaaf7082cbfdd8
validation,validation_00237,hallucinated,supported,0.568619,0.431381,0.137238,medhalt_reasoning_fct,val,incorrect_student_answer,671b8a9686880e377983
validation,validation_00238,supported,hallucinated,0.477096,0.522904,0.045808,medhalt_reasoning_fct,val,correct_answer,f3e5dc5d97de339a790c
validation,validation_00239,hallucinated,supported,0.521819,0.478181,0.043638,medhalt_reasoning_fct,val,incorrect_student_answer,980471ffd9a0bb56e38e
validation,validation_00240,hallucinated,hallucinated,0.484236,0.515764,0.031527,medhalt_reasoning_fct,val,incorrect_student_answer,25bc4b1326977a4072e2
validation,validation_00241,hallucinated,hallucinated,0.489178,0.510822,0.021645,medhalt_reasoning_fct,val,incorrect_student_answer,ebf6437fa18311b35ecd
validation,validation_00242,supported,supported,0.509313,0.490687,0.018625,medhalt_reasoning_fct,val,correct_answer,97e838a6e9fb46d6598d
validation,validation_00243,hallucinated,supported,0.528595,0.471405,0.057189,medhalt_reasoning_fct,val,incorrect_student_answer,e6f0cb96311c80731648
validation,validation_00244,supported,supported,0.501415,0.498585,0.00283,medhalt_reasoning_fct,val,correct_answer,f26758ebb5fe981bd0f7
validation,validation_00245,supported,hallucinated,0.48755,0.51245,0.0249,medhalt_reasoning_fct,val,correct_answer,62f77bdbc0e232063f1a
validation,validation_00246,hallucinated,hallucinated,0.480214,0.519786,0.039573,medhalt_reasoning_fct,val,incorrect_student_answer,b76747974799c427f1de
validation,validation_00247,supported,hallucinated,0.483659,0.516341,0.032683,medhalt_reasoning_fct,val,correct_answer,1f621be1ca57d5f274d3
validation,validation_00248,hallucinated,supported,0.530032,0.469968,0.060064,medhalt_reasoning_fct,val,incorrect_student_answer,8fd2b9077e273d9670ab
validation,validation_00249,supported,supported,0.523971,0.476029,0.047941,medhalt_reasoning_fct,val,correct_answer,09d0a0eb5ef43d5d6a3c
validation,validation_00250,hallucinated,supported,0.508187,0.491813,0.016375,medhalt_reasoning_fct,val,incorrect_student_answer,c85510410974e407242e
validation,validation_00251,hallucinated,supported,0.504966,0.495034,0.009932,medhalt_reasoning_fct,val,incorrect_student_answer,5a0ac05b94422a250932
validation,validation_00252,hallucinated,supported,0.579507,0.420493,0.159014,medhalt_reasoning_fct,val,incorrect_student_answer,0db1a120804ce2293725
validation,validation_00253,hallucinated,supported,0.507762,0.492238,0.015524,medhalt_reasoning_fct,val,incorrect_student_answer,787741b7091888e38813
validation,validation_00254,supported,hallucinated,0.476526,0.523474,0.046949,medhalt_reasoning_fct,val,correct_answer,f1fb55afa52014e817c7
validation,validation_00255,supported,hallucinated,0.49517,0.50483,0.009661,medhalt_reasoning_fct,val,correct_answer,83bcdf3947e868c737d4
validation,validation_00256,supported,hallucinated,0.498719,0.501281,0.002562,medhalt_reasoning_fct,val,correct_answer,201a4e5a8b7775576a99
validation,validation_00257,hallucinated,supported,0.505907,0.494093,0.011814,medhalt_reasoning_fct,val,incorrect_student_answer,dba640961d97b8aa43b5
validation,validation_00258,supported,supported,0.506789,0.493211,0.013579,medhalt_reasoning_fct,val,correct_answer,7659aec4de85bd8c45dd
validation,validation_00259,hallucinated,supported,0.513873,0.486127,0.027746,medhalt_reasoning_fct,val,incorrect_student_answer,7865f1c660c57574b464
validation,validation_00260,hallucinated,hallucinated,0.48313,0.51687,0.03374,medhalt_reasoning_fct,val,incorrect_student_answer,28829bbdbc0f51dba336
validation,validation_00261,supported,hallucinated,0.471217,0.528783,0.057565,medhalt_reasoning_fct,val,correct_answer,22b3d65637fc3790314f
validation,validation_00262,hallucinated,supported,0.518628,0.481372,0.037256,medhalt_reasoning_fct,val,incorrect_student_answer,f1061d7211daacfdbdc5
validation,validation_00263,supported,supported,0.512537,0.487463,0.025074,medhalt_reasoning_fct,val,correct_answer,895ef3cea0845ad1b532
validation,validation_00264,hallucinated,hallucinated,0.485639,0.514361,0.028722,medhalt_reasoning_fct,val,incorrect_student_answer,4bdb8daa5172218afcfa
validation,validation_00265,supported,supported,0.542789,0.457211,0.085579,medhalt_reasoning_fct,val,correct_answer,efbffab988cf1f5b4a29
validation,validation_00266,supported,supported,0.506642,0.493358,0.013284,medhalt_reasoning_fct,val,correct_answer,787741b7091888e38813
validation,validation_00267,supported,supported,0.525256,0.474744,0.050513,medhalt_reasoning_fct,val,correct_answer,423284acee3c4db06ab6
validation,validation_00268,hallucinated,supported,0.50364,0.49636,0.007279,medhalt_reasoning_fct,val,incorrect_student_answer,15c6842c50267be511c8
validation,validation_00269,hallucinated,supported,0.505887,0.494113,0.011773,medhalt_reasoning_fct,val,incorrect_student_answer,ddbd7ae205c996038b49
validation,validation_00270,supported,supported,0.519737,0.480263,0.039475,medhalt_reasoning_fct,val,correct_answer,b20189af965c74c74902
validation,validation_00271,supported,hallucinated,0.494612,0.505388,0.010777,medhalt_reasoning_fct,val,correct_answer,125390ee267278629ee9
validation,validation_00272,hallucinated,supported,0.527395,0.472605,0.05479,medhalt_reasoning_fct,val,incorrect_student_answer,911b55ca51302ec0cff2
validation,validation_00273,supported,supported,0.500693,0.499307,0.001385,medhalt_reasoning_fct,val,correct_answer,4b5dbdd08daefd197c54
validation,validation_00274,supported,supported,0.519915,0.480085,0.039831,medhalt_reasoning_fct,val,correct_answer,939657e11233741528ef
validation,validation_00275,supported,supported,0.529785,0.470215,0.05957,medhalt_reasoning_fct,val,correct_answer,bec909dc115bb61ad0a3
validation,validation_00276,supported,hallucinated,0.408641,0.591359,0.182719,medhalt_reasoning_fct,val,correct_answer,d76e9e77ba6a98d09edd
validation,validation_00277,supported,supported,0.50544,0.49456,0.01088,medhalt_reasoning_fct,val,correct_answer,d39e71eedd9644707d60
validation,validation_00278,supported,supported,0.52407,0.47593,0.04814,medhalt_reasoning_fct,val,correct_answer,f0d023048877d370dc2d
validation,validation_00279,supported,supported,0.546129,0.453871,0.092257,medhalt_reasoning_fct,val,correct_answer,07acb690a81783810ad7
validation,validation_00280,supported,hallucinated,0.473699,0.526301,0.052601,medhalt_reasoning_fct,val,correct_answer,b184d8b3cf7b31fbf55e
validation,validation_00281,supported,hallucinated,0.480515,0.519485,0.038971,medhalt_reasoning_fct,val,correct_answer,2b3fc2b35e0c991d27e1
validation,validation_00282,supported,hallucinated,0.498138,0.501862,0.003724,medhalt_reasoning_fct,val,correct_answer,bbe74e938ee58e36836e
validation,validation_00283,hallucinated,supported,0.557237,0.442763,0.114474,medhalt_reasoning_fct,val,incorrect_student_answer,4b916d68c77ab68ef089
validation,validation_00284,supported,hallucinated,0.493577,0.506423,0.012846,medhalt_reasoning_fct,val,correct_answer,c0de9369eca1da3ff379
validation,validation_00285,supported,supported,0.538635,0.461365,0.077271,medhalt_reasoning_fct,val,correct_answer,38b86b1338e67abae514
validation,validation_00286,supported,supported,0.550346,0.449654,0.100692,medhalt_reasoning_fct,val,correct_answer,72adcc59701205973429
validation,validation_00287,supported,hallucinated,0.49592,0.50408,0.00816,medhalt_reasoning_fct,val,correct_answer,034e0e8ef6dd090fc8d2
validation,validation_00288,supported,supported,0.510849,0.489151,0.021698,medhalt_reasoning_fct,val,correct_answer,4f46f97b5728bf4d9ca8
validation,validation_00289,hallucinated,hallucinated,0.489508,0.510492,0.020984,medhalt_reasoning_fct,val,incorrect_student_answer,9de6fbaa930d283927c8
validation,validation_00290,hallucinated,supported,0.514162,0.485838,0.028324,medhalt_reasoning_fct,val,incorrect_student_answer,f3171e9c19d62bf7f6a3
validation,validation_00291,hallucinated,hallucinated,0.495216,0.504784,0.009567,medhalt_reasoning_fct,val,incorrect_student_answer,db7c12387b56d443ba49
validation,validation_00292,supported,supported,0.528336,0.471664,0.056671,medhalt_reasoning_fct,val,correct_answer,8bc2876865e32d827f61
validation,validation_00293,supported,supported,0.52273,0.47727,0.04546,medhalt_reasoning_fct,val,correct_answer,59537f039a9e527222e4
validation,validation_00294,hallucinated,hallucinated,0.474848,0.525152,0.050304,medhalt_reasoning_fct,val,incorrect_student_answer,93ce986ec1698bdc5e86
validation,validation_00295,hallucinated,supported,0.514766,0.485234,0.029531,medhalt_reasoning_fct,val,incorrect_student_answer,df4e43d40e6b6c2d0004
validation,validation_00296,supported,hallucinated,0.449679,0.550321,0.100643,medhalt_reasoning_fct,val,correct_answer,07f3e341fd3682199363
validation,validation_00297,hallucinated,supported,0.524174,0.475826,0.048348,medhalt_reasoning_fct,val,incorrect_student_answer,80a7b4b80d19bf1cc85c
validation,validation_00298,supported,hallucinated,0.474411,0.525589,0.051178,medhalt_reasoning_fct,val,correct_answer,93ce986ec1698bdc5e86
validation,validation_00299,supported,hallucinated,0.403153,0.596847,0.193693,medhalt_reasoning_fct,val,correct_answer,ec1283eafe30ab6fa2d3
validation,validation_00300,hallucinated,hallucinated,0.486378,0.513622,0.027245,medhalt_reasoning_fct,val,incorrect_student_answer,3769bf6eaa9309f5d606
validation,validation_00301,supported,supported,0.516198,0.483802,0.032396,medhalt_reasoning_fct,val,correct_answer,ad048f1993fe8e814b59
validation,validation_00302,supported,hallucinated,0.498261,0.501739,0.003478,medhalt_reasoning_fct,val,correct_answer,d1be5bfb9433054313f1
validation,validation_00303,supported,supported,0.556692,0.443308,0.113383,medhalt_reasoning_fct,val,correct_answer,a28f6a8425efd6f2a572
validation,validation_00304,hallucinated,supported,0.54925,0.45075,0.0985,medhalt_reasoning_fct,val,incorrect_student_answer,890985e3a451d970cbba
validation,validation_00305,supported,hallucinated,0.489449,0.510551,0.021102,medhalt_reasoning_fct,val,correct_answer,db7c12387b56d443ba49
validation,validation_00306,supported,supported,0.503948,0.496052,0.007896,medhalt_reasoning_fct,val,correct_answer,cf7c7fd5f0d1d499a132
validation,validation_00307,hallucinated,supported,0.538787,0.461213,0.077575,medhalt_reasoning_fct,val,incorrect_student_answer,a7a488f065a5bf8c6f87
validation,validation_00308,hallucinated,hallucinated,0.487577,0.512423,0.024845,medhalt_reasoning_fct,val,incorrect_student_answer,8188959ebe07500fa253
validation,validation_00309,hallucinated,hallucinated,0.480863,0.519137,0.038274,medhalt_reasoning_fct,val,incorrect_student_answer,21d9e347797fba95e2b8
validation,validation_00310,hallucinated,hallucinated,0.48305,0.51695,0.0339,medhalt_reasoning_fct,val,incorrect_student_answer,1b6c83abd7451f8d332d
validation,validation_00311,hallucinated,hallucinated,0.482047,0.517953,0.035906,medhalt_reasoning_fct,val,incorrect_student_answer,d76e123335233af7cc8f
validation,validation_00312,supported,supported,0.504824,0.495176,0.009649,medhalt_reasoning_fct,val,correct_answer,a221ddcbeeed349c5367
validation,validation_00313,supported,hallucinated,0.439913,0.560087,0.120174,medhalt_reasoning_fct,val,correct_answer,0ced8597d87c49a2b786
validation,validation_00314,hallucinated,supported,0.515967,0.484033,0.031933,medhalt_reasoning_fct,val,incorrect_student_answer,659e3842040c59147d81
validation,validation_00315,supported,supported,0.515779,0.484221,0.031558,medhalt_reasoning_fct,val,correct_answer,bb48e8f4245cefb6da17
validation,validation_00316,supported,supported,0.506946,0.493054,0.013892,medhalt_reasoning_fct,val,correct_answer,9e1961ac0c68f85458a3
validation,validation_00317,supported,supported,0.516488,0.483512,0.032975,medhalt_reasoning_fct,val,correct_answer,799945adeb5bfa233187
validation,validation_00318,supported,supported,0.518646,0.481354,0.037292,medhalt_reasoning_fct,val,correct_answer,e8fc76907c757b1e38a3
validation,validation_00319,hallucinated,supported,0.504797,0.495203,0.009595,medhalt_reasoning_fct,val,incorrect_student_answer,7e41acd070ba93b93617
validation,validation_00320,supported,supported,0.507736,0.492264,0.015472,medhalt_reasoning_fct,val,correct_answer,d74bfb52793a9a28405e
validation,validation_00321,hallucinated,hallucinated,0.491875,0.508125,0.01625,medhalt_reasoning_fct,val,incorrect_student_answer,d1a845958ade0069ab38
validation,validation_00322,hallucinated,hallucinated,0.468933,0.531067,0.062134,medhalt_reasoning_fct,val,incorrect_student_answer,39fbd71b1c125cde1c52
validation,validation_00323,hallucinated,hallucinated,0.479036,0.520964,0.041929,medhalt_reasoning_fct,val,incorrect_student_answer,710bc05b229acbc8cc3c
validation,validation_00324,hallucinated,hallucinated,0.492198,0.507802,0.015604,medhalt_reasoning_fct,val,incorrect_student_answer,41e632043645e326e86a
validation,validation_00325,supported,supported,0.617274,0.382726,0.234547,medhalt_reasoning_fct,val,correct_answer,6bb18dd660a69ac19db8
validation,validation_00326,supported,hallucinated,0.496612,0.503388,0.006777,medhalt_reasoning_fct,val,correct_answer,517c635bae1c2ff20ae4
validation,validation_00327,hallucinated,hallucinated,0.49093,0.50907,0.01814,medhalt_reasoning_fct,val,incorrect_student_answer,8a7b25a1782ea6555897
validation,validation_00328,hallucinated,supported,0.521915,0.478085,0.04383,medhalt_reasoning_fct,val,incorrect_student_answer,8d8ab8e53e682e761f7b
validation,validation_00329,hallucinated,hallucinated,0.480822,0.519178,0.038356,medhalt_reasoning_fct,val,incorrect_student_answer,28a7e37ec6526413911b
validation,validation_00330,hallucinated,supported,0.531965,0.468035,0.063931,medhalt_reasoning_fct,val,incorrect_student_answer,007b938a23647c09d5f1
validation,validation_00331,hallucinated,hallucinated,0.48901,0.51099,0.021981,medhalt_reasoning_fct,val,incorrect_student_answer,b30441ac3d13e726911c
validation,validation_00332,supported,supported,0.523486,0.476514,0.046973,medhalt_reasoning_fct,val,correct_answer,5aa87b7627ef34dc8d2d
validation,validation_00333,hallucinated,hallucinated,0.49338,0.50662,0.013239,medhalt_reasoning_fct,val,incorrect_student_answer,d30b7882bb640fce8aaa
validation,validation_00334,hallucinated,hallucinated,0.483997,0.516003,0.032006,medhalt_reasoning_fct,val,incorrect_student_answer,1f621be1ca57d5f274d3
validation,validation_00335,hallucinated,supported,0.514715,0.485285,0.02943,medhalt_reasoning_fct,val,incorrect_student_answer,d16b7f0e4340908dce2d
validation,validation_00336,supported,supported,0.515234,0.484766,0.030467,medhalt_reasoning_fct,val,correct_answer,d45581b894ab4cc5172b
validation,validation_00337,hallucinated,supported,0.502057,0.497943,0.004114,medhalt_reasoning_fct,val,incorrect_student_answer,4014cc134c8623ca1ad8
validation,validation_00338,hallucinated,supported,0.511597,0.488403,0.023195,medhalt_reasoning_fct,val,incorrect_student_answer,f5db0283033e062400ca
validation,validation_00339,supported,supported,0.525427,0.474573,0.050854,medhalt_reasoning_fct,val,correct_answer,84a7924ccefa2463debc
validation,validation_00340,hallucinated,supported,0.522855,0.477145,0.04571,medhalt_reasoning_fct,val,incorrect_student_answer,59537f039a9e527222e4
validation,validation_00341,hallucinated,hallucinated,0.499614,0.500386,0.000772,medhalt_reasoning_fct,val,incorrect_student_answer,bbe74e938ee58e36836e
validation,validation_00342,supported,supported,0.532505,0.467495,0.065011,medhalt_reasoning_fct,val,correct_answer,5fc5fc836a016ffde957
validation,validation_00343,supported,supported,0.538979,0.461021,0.077957,medhalt_reasoning_fct,val,correct_answer,68be310eafe503805550
validation,validation_00344,supported,hallucinated,0.492037,0.507963,0.015927,medhalt_reasoning_fct,val,correct_answer,e99293494baed6b3e769
validation,validation_00345,hallucinated,hallucinated,0.499332,0.500668,0.001337,medhalt_reasoning_fct,val,incorrect_student_answer,b14b156ea49ad7728416
validation,validation_00346,hallucinated,hallucinated,0.478567,0.521433,0.042867,medhalt_reasoning_fct,val,incorrect_student_answer,cbc61898e8abdbf2fd1c
validation,validation_00347,hallucinated,supported,0.512317,0.487683,0.024633,medhalt_reasoning_fct,val,incorrect_student_answer,e6b10cbcba82a2910ead
validation,validation_00348,supported,supported,0.531377,0.468623,0.062754,medhalt_reasoning_fct,val,correct_answer,c71db612a2c83488a83e
validation,validation_00349,hallucinated,supported,0.58395,0.41605,0.1679,medhalt_reasoning_fct,val,incorrect_student_answer,2896b5d9eb161621610f
validation,validation_00350,hallucinated,supported,0.534752,0.465248,0.069505,medhalt_reasoning_fct,val,incorrect_student_answer,fe49b074ab2b7c116fd4
validation,validation_00351,hallucinated,supported,0.504215,0.495785,0.00843,medhalt_reasoning_fct,val,incorrect_student_answer,78b119a1b833291aa601
validation,validation_00352,supported,supported,0.536396,0.463604,0.072792,medhalt_reasoning_fct,val,correct_answer,53bd8b158f190576d441
validation,validation_00353,supported,supported,0.524384,0.475616,0.048768,medhalt_reasoning_fct,val,correct_answer,c7bb4c58fef7560a4122
validation,validation_00354,supported,hallucinated,0.482201,0.517799,0.035598,medhalt_reasoning_fct,val,correct_answer,48d0f65316c20f07a16b
validation,validation_00355,hallucinated,supported,0.529648,0.470352,0.059297,medhalt_reasoning_fct,val,incorrect_student_answer,237c7348393d0899e112
validation,validation_00356,supported,hallucinated,0.493568,0.506432,0.012865,medhalt_reasoning_fct,val,correct_answer,c865c473bd250f88b8bb
validation,validation_00357,hallucinated,supported,0.513047,0.486953,0.026094,medhalt_reasoning_fct,val,incorrect_student_answer,a5dd299d0cf4e197c547
validation,validation_00358,supported,hallucinated,0.471307,0.528693,0.057386,medhalt_reasoning_fct,val,correct_answer,7e5dde38b319658cd1dc
validation,validation_00359,supported,hallucinated,0.430208,0.569792,0.139583,medhalt_reasoning_fct,val,correct_answer,900c4af2c9a59d7bff90
validation,validation_00360,supported,supported,0.502005,0.497995,0.004009,medhalt_reasoning_fct,val,correct_answer,2259042bb160ab99b4cf
validation,validation_00361,hallucinated,hallucinated,0.489596,0.510404,0.020808,medhalt_reasoning_fct,val,incorrect_student_answer,62f77bdbc0e232063f1a
validation,validation_00362,supported,hallucinated,0.492215,0.507785,0.01557,medhalt_reasoning_fct,val,correct_answer,41e632043645e326e86a
validation,validation_00363,supported,supported,0.516293,0.483707,0.032585,medhalt_reasoning_fct,val,correct_answer,f1061d7211daacfdbdc5
validation,validation_00364,hallucinated,supported,0.531816,0.468184,0.063633,medhalt_reasoning_fct,val,incorrect_student_answer,25f9c5de874c59b47d90
validation,validation_00365,supported,supported,0.535259,0.464741,0.070518,medhalt_reasoning_fct,val,correct_answer,9fcfdfd586e91c7e0de6
validation,validation_00366,hallucinated,supported,0.502891,0.497109,0.005782,medhalt_reasoning_fct,val,incorrect_student_answer,f26758ebb5fe981bd0f7
validation,validation_00367,supported,hallucinated,0.411315,0.588685,0.177371,medhalt_reasoning_fct,val,correct_answer,bb6360bd2cf0c7a0066d
validation,validation_00368,hallucinated,hallucinated,0.497363,0.502637,0.005273,medhalt_reasoning_fct,val,incorrect_student_answer,776eeca4abe6cacc08eb
validation,validation_00369,supported,supported,0.523165,0.476835,0.04633,medhalt_reasoning_fct,val,correct_answer,f69b31f0c759ab9d16dc
validation,validation_00370,supported,supported,0.503165,0.496835,0.00633,medhalt_reasoning_fct,val,correct_answer,12ae30506d5701e53449
validation,validation_00371,hallucinated,hallucinated,0.459146,0.540854,0.081708,medhalt_reasoning_fct,val,incorrect_student_answer,fa8a9a69d54abd6a2c68
validation,validation_00372,supported,hallucinated,0.4815,0.5185,0.037,medhalt_reasoning_fct,val,correct_answer,cbc61898e8abdbf2fd1c
validation,validation_00373,hallucinated,supported,0.500314,0.499686,0.000628,medhalt_reasoning_fct,val,incorrect_student_answer,ada7de5a5457b69fe4ab
validation,validation_00374,supported,supported,0.502372,0.497628,0.004745,medhalt_reasoning_fct,val,correct_answer,c5e6fd20d274f8a27469
validation,validation_00375,hallucinated,hallucinated,0.493124,0.506876,0.013752,medhalt_reasoning_fct,val,incorrect_student_answer,78c356cb4cdcb2adb83f
validation,validation_00376,hallucinated,supported,0.507476,0.492524,0.014952,medhalt_reasoning_fct,val,incorrect_student_answer,1385447d86dc6ff64694
validation,validation_00377,hallucinated,supported,0.515945,0.484055,0.031889,medhalt_reasoning_fct,val,incorrect_student_answer,06774fe1cc2b6e0fb117
validation,validation_00378,hallucinated,supported,0.529708,0.470292,0.059415,medhalt_reasoning_fct,val,incorrect_student_answer,7eb896d3dc67c9f5e579
validation,validation_00379,hallucinated,supported,0.502011,0.497989,0.004021,medhalt_reasoning_fct,val,incorrect_student_answer,463cb16a34d72a92d0aa
validation,validation_00380,hallucinated,supported,0.512446,0.487554,0.024892,medhalt_reasoning_fct,val,incorrect_student_answer,63a5dcb522f0c36ebea1
validation,validation_00381,supported,hallucinated,0.498091,0.501909,0.003818,medhalt_reasoning_fct,val,correct_answer,815fe6b1cf9cdc72638f
validation,validation_00382,supported,supported,0.579507,0.420493,0.159014,medhalt_reasoning_fct,val,correct_answer,0db1a120804ce2293725
validation,validation_00383,supported,hallucinated,0.486227,0.513773,0.027545,medhalt_reasoning_fct,val,correct_answer,9c8376778eafc4b99a0f
validation,validation_00384,supported,hallucinated,0.481948,0.518052,0.036105,medhalt_reasoning_fct,val,correct_answer,21d9e347797fba95e2b8
validation,validation_00385,hallucinated,hallucinated,0.497338,0.502662,0.005325,medhalt_reasoning_fct,val,incorrect_student_answer,ed39a4b05be6b961f311
validation,validation_00386,hallucinated,hallucinated,0.495172,0.504828,0.009656,medhalt_reasoning_fct,val,incorrect_student_answer,973ce57001a15c62b83f
validation,validation_00387,hallucinated,supported,0.504048,0.495952,0.008095,medhalt_reasoning_fct,val,incorrect_student_answer,bee422ab642cd4727694
validation,validation_00388,hallucinated,supported,0.505687,0.494313,0.011374,medhalt_reasoning_fct,val,incorrect_student_answer,58d24e31183fc5c06792
validation,validation_00389,supported,hallucinated,0.494211,0.505789,0.011578,medhalt_reasoning_fct,val,correct_answer,95c7c442eed18411e507
validation,validation_00390,hallucinated,hallucinated,0.474564,0.525436,0.050873,medhalt_reasoning_fct,val,incorrect_student_answer,38a24ced1f1cbe798002
validation,validation_00391,hallucinated,hallucinated,0.473491,0.526509,0.053018,medhalt_reasoning_fct,val,incorrect_student_answer,54c92bd18c8903f1a916
validation,validation_00392,supported,hallucinated,0.4996,0.5004,0.0008,medhalt_reasoning_fct,val,correct_answer,e237b0859d2782280186
validation,validation_00393,hallucinated,hallucinated,0.492854,0.507146,0.014292,medhalt_reasoning_fct,val,incorrect_student_answer,d6928812377f3d668b2a
validation,validation_00394,supported,hallucinated,0.4848,0.5152,0.0304,medhalt_reasoning_fct,val,correct_answer,4bdb8daa5172218afcfa
validation,validation_00395,supported,hallucinated,0.424942,0.575058,0.150116,medhalt_reasoning_fct,val,correct_answer,1d4d7db2f1d24f6dceb3
validation,validation_00396,supported,supported,0.542676,0.457324,0.085351,medhalt_reasoning_fct,val,correct_answer,b209eb6b2eb66bcd6af9
validation,validation_00397,supported,hallucinated,0.479742,0.520258,0.040516,medhalt_reasoning_fct,val,correct_answer,ceab029306b8fee859e7
validation,validation_00398,supported,supported,0.512417,0.487583,0.024834,medhalt_reasoning_fct,val,correct_answer,34964022ec98d4d1f50b
validation,validation_00399,supported,supported,0.560478,0.439522,0.120956,medhalt_reasoning_fct,val,correct_answer,890985e3a451d970cbba
validation,validation_00400,hallucinated,supported,0.503006,0.496994,0.006011,medhalt_reasoning_fct,val,incorrect_student_answer,249ba77dcbd11f39f541
validation,validation_00401,hallucinated,supported,0.524419,0.475581,0.048837,medhalt_reasoning_fct,val,incorrect_student_answer,4b4d77dc5beb4dd3176e
validation,validation_00402,hallucinated,supported,0.514248,0.485752,0.028497,medhalt_reasoning_fct,val,incorrect_student_answer,320fc6c1862ed693f157
validation,validation_00403,hallucinated,supported,0.54476,0.45524,0.08952,medhalt_reasoning_fct,val,incorrect_student_answer,2eb12485dd484ccd80e5
validation,validation_00404,hallucinated,hallucinated,0.498551,0.501449,0.002897,medhalt_reasoning_fct,val,incorrect_student_answer,7e964336dfbcb6a4c8b5
validation,validation_00405,supported,supported,0.512028,0.487972,0.024056,medhalt_reasoning_fct,val,correct_answer,ed1ce4b97146ec87970d
validation,validation_00406,hallucinated,hallucinated,0.49763,0.50237,0.00474,medhalt_reasoning_fct,val,incorrect_student_answer,b24685a361765207090f
validation,validation_00407,supported,hallucinated,0.496616,0.503384,0.006768,medhalt_reasoning_fct,val,correct_answer,e322933baf205f7ed461
validation,validation_00408,supported,supported,0.529488,0.470512,0.058976,medhalt_reasoning_fct,val,correct_answer,fe49b074ab2b7c116fd4
validation,validation_00409,supported,supported,0.539189,0.460811,0.078378,medhalt_reasoning_fct,val,correct_answer,d62c7cc7fde253024d38
validation,validation_00410,supported,hallucinated,0.486137,0.513863,0.027726,medhalt_reasoning_fct,val,correct_answer,48d65028f08d1ef33a6e
validation,validation_00411,hallucinated,supported,0.510273,0.489727,0.020546,medhalt_reasoning_fct,val,incorrect_student_answer,a039daef9f87749f60d6
validation,validation_00412,hallucinated,hallucinated,0.482323,0.517677,0.035354,medhalt_reasoning_fct,val,incorrect_student_answer,4142d3a01ab2629e4789
validation,validation_00413,supported,hallucinated,0.484481,0.515519,0.031039,medhalt_reasoning_fct,val,correct_answer,4256628539ba9ffc5064
validation,validation_00414,supported,supported,0.549451,0.450549,0.098901,medhalt_reasoning_fct,val,correct_answer,506c363117fe2ad8056c
validation,validation_00415,supported,hallucinated,0.491946,0.508054,0.016107,medhalt_reasoning_fct,val,correct_answer,d30b7882bb640fce8aaa
validation,validation_00416,hallucinated,supported,0.56554,0.43446,0.131081,medhalt_reasoning_fct,val,incorrect_student_answer,cbc158921c689cb4a22c
validation,validation_00417,hallucinated,supported,0.525522,0.474478,0.051044,medhalt_reasoning_fct,val,incorrect_student_answer,9fcfdfd586e91c7e0de6
validation,validation_00418,supported,supported,0.531004,0.468996,0.062009,medhalt_reasoning_fct,val,correct_answer,7b30df8195d3caabd41a
validation,validation_00419,supported,hallucinated,0.496139,0.503861,0.007721,medhalt_reasoning_fct,val,correct_answer,f60f0324f8ecb19f039c
validation,validation_00420,supported,supported,0.549903,0.450097,0.099806,medhalt_reasoning_fct,val,correct_answer,b292f6137ad867117f3f
validation,validation_00421,supported,supported,0.501451,0.498549,0.002902,medhalt_reasoning_fct,val,correct_answer,c27cfbb36c7485e16e24
validation,validation_00422,hallucinated,supported,0.50303,0.49697,0.006059,medhalt_reasoning_fct,val,incorrect_student_answer,3c77c47b64d45e050df0
validation,validation_00423,hallucinated,hallucinated,0.419254,0.580746,0.161493,medhalt_reasoning_fct,val,incorrect_student_answer,815a42fd44057a59d964
validation,validation_00424,supported,supported,0.52701,0.47299,0.05402,medhalt_reasoning_fct,val,correct_answer,be4eb34ee4ab6f61ddf8
validation,validation_00425,supported,hallucinated,0.421523,0.578477,0.156954,medhalt_reasoning_fct,val,correct_answer,bf359146278cc310fb64
validation,validation_00426,hallucinated,hallucinated,0.489117,0.510883,0.021766,medhalt_reasoning_fct,val,incorrect_student_answer,b57f1fc66f4ab980f452
validation,validation_00427,hallucinated,supported,0.522011,0.477989,0.044022,medhalt_reasoning_fct,val,incorrect_student_answer,551dafe4eee8a1a043c0
validation,validation_00428,supported,hallucinated,0.494658,0.505342,0.010684,medhalt_reasoning_fct,val,correct_answer,40c706c222de476c9430
validation,validation_00429,supported,hallucinated,0.476427,0.523573,0.047147,medhalt_reasoning_fct,val,correct_answer,2d0fa65b1660f7d9e1bb
validation,validation_00430,hallucinated,supported,0.52376,0.47624,0.047521,medhalt_reasoning_fct,val,incorrect_student_answer,b240fb5669ae04bfdcd5
validation,validation_00431,supported,supported,0.506581,0.493419,0.013163,medhalt_reasoning_fct,val,correct_answer,8795d4d99773afe64d25
validation,validation_00432,supported,hallucinated,0.479708,0.520292,0.040583,medhalt_reasoning_fct,val,correct_answer,fdd42a78d60d7a9d7926
validation,validation_00433,supported,supported,0.568619,0.431381,0.137238,medhalt_reasoning_fct,val,correct_answer,671b8a9686880e377983
validation,validation_00434,supported,hallucinated,0.485347,0.514653,0.029306,medhalt_reasoning_fct,val,correct_answer,698483d5d07c33366697
validation,validation_00435,supported,hallucinated,0.499974,0.500026,5.1e-05,medhalt_reasoning_fct,val,correct_answer,28004684ecacdc17cc04
validation,validation_00436,supported,hallucinated,0.483671,0.516329,0.032658,medhalt_reasoning_fct,val,correct_answer,ef9148faf29ac4dc1930
validation,validation_00437,hallucinated,supported,0.509904,0.490096,0.019808,medhalt_reasoning_fct,val,incorrect_student_answer,80a29a666aa7bb212053
validation,validation_00438,hallucinated,hallucinated,0.492959,0.507041,0.014083,medhalt_reasoning_fct,val,incorrect_student_answer,424a2a555390a42ddf1a
validation,validation_00439,hallucinated,hallucinated,0.479419,0.520581,0.041163,medhalt_reasoning_fct,val,incorrect_student_answer,c2f3d418e7dedb70c1f4
validation,validation_00440,hallucinated,hallucinated,0.48888,0.51112,0.022241,medhalt_reasoning_fct,val,incorrect_student_answer,82bd42fa83682e39263e
validation,validation_00441,hallucinated,hallucinated,0.499303,0.500697,0.001393,medhalt_reasoning_fct,val,incorrect_student_answer,d7edd73dab1d5c916f49
validation,validation_00442,hallucinated,hallucinated,0.490489,0.509511,0.019022,medhalt_reasoning_fct,val,incorrect_student_answer,429a7069ae5b3e262890
validation,validation_00443,hallucinated,supported,0.503059,0.496941,0.006118,medhalt_reasoning_fct,val,incorrect_student_answer,866de3f66246c1e29cde
validation,validation_00444,hallucinated,hallucinated,0.448568,0.551432,0.102863,medhalt_reasoning_fct,val,incorrect_student_answer,9a97a11a70988ae335e6
validation,validation_00445,hallucinated,supported,0.522549,0.477451,0.045098,medhalt_reasoning_fct,val,incorrect_student_answer,3c0481dfe29ed5c06c1e
validation,validation_00446,supported,supported,0.51726,0.48274,0.034521,medhalt_reasoning_fct,val,correct_answer,f5a11a271b3f771fc8aa
validation,validation_00447,supported,supported,0.503843,0.496157,0.007685,medhalt_reasoning_fct,val,correct_answer,615358799aaefd09b87d
validation,validation_00448,supported,hallucinated,0.498193,0.501807,0.003614,medhalt_reasoning_fct,val,correct_answer,b14b156ea49ad7728416
validation,validation_00449,supported,hallucinated,0.49464,0.50536,0.010721,medhalt_reasoning_fct,val,correct_answer,02ad21cd89c94c1f98f7
validation,validation_00450,hallucinated,hallucinated,0.419901,0.580099,0.160198,medhalt_reasoning_fct,val,incorrect_student_answer,b943dd7d56f1ae9626fe
validation,validation_00451,hallucinated,hallucinated,0.480288,0.519712,0.039423,medhalt_reasoning_fct,val,incorrect_student_answer,c600bc4d876b717839f3
validation,validation_00452,hallucinated,supported,0.503165,0.496835,0.00633,medhalt_reasoning_fct,val,incorrect_student_answer,12ae30506d5701e53449
validation,validation_00453,hallucinated,hallucinated,0.494516,0.505484,0.010968,medhalt_reasoning_fct,val,incorrect_student_answer,0c35e1d27bbedbebdac4
validation,validation_00454,supported,supported,0.628552,0.371448,0.257105,medhalt_reasoning_fct,val,correct_answer,79610d03bfcaeba2d458
validation,validation_00455,supported,hallucinated,0.499489,0.500511,0.001022,medhalt_reasoning_fct,val,correct_answer,b24685a361765207090f
validation,validation_00456,supported,supported,0.537688,0.462312,0.075376,medhalt_reasoning_fct,val,correct_answer,11d7fbdcf74fbabfd700
validation,validation_00457,hallucinated,hallucinated,0.494109,0.505891,0.011782,medhalt_reasoning_fct,val,incorrect_student_answer,d5d82b34490da04a1bd7
validation,validation_00458,supported,supported,0.510318,0.489682,0.020636,medhalt_reasoning_fct,val,correct_answer,74ede07874a92396e11d
validation,validation_00459,hallucinated,supported,0.556692,0.443308,0.113383,medhalt_reasoning_fct,val,incorrect_student_answer,a28f6a8425efd6f2a572
validation,validation_00460,supported,supported,0.51681,0.48319,0.03362,medhalt_reasoning_fct,val,correct_answer,3c0481dfe29ed5c06c1e
validation,validation_00461,hallucinated,hallucinated,0.492136,0.507864,0.015729,medhalt_reasoning_fct,val,incorrect_student_answer,a5e3787efcff6b704ef6
validation,validation_00462,supported,hallucinated,0.478218,0.521782,0.043564,medhalt_reasoning_fct,val,correct_answer,fabecd29ffd5d2eabcfc
validation,validation_00463,supported,supported,0.504101,0.495899,0.008201,medhalt_reasoning_fct,val,correct_answer,827259d6cb2b12c1a4f9
validation,validation_00464,supported,supported,0.539336,0.460664,0.078672,medhalt_reasoning_fct,val,correct_answer,551dafe4eee8a1a043c0
validation,validation_00465,hallucinated,hallucinated,0.450387,0.549613,0.099227,medhalt_reasoning_fct,val,incorrect_student_answer,2e858bba04f0a5745947
validation,validation_00466,supported,supported,0.55764,0.44236,0.11528,medhalt_reasoning_fct,val,correct_answer,981e87bfc2db9b4c5403
validation,validation_00467,supported,supported,0.500098,0.499902,0.000196,medhalt_reasoning_fct,val,correct_answer,249ba77dcbd11f39f541
validation,validation_00468,supported,supported,0.512946,0.487054,0.025892,medhalt_reasoning_fct,val,correct_answer,20d7cdbc31bb3c84478c
validation,validation_00469,supported,hallucinated,0.490327,0.509673,0.019347,medhalt_reasoning_fct,val,correct_answer,b57f1fc66f4ab980f452
validation,validation_00470,supported,supported,0.509482,0.490518,0.018964,medhalt_reasoning_fct,val,correct_answer,ab8671aec246e23be70b
validation,validation_00471,hallucinated,hallucinated,0.45725,0.54275,0.0855,medhalt_reasoning_fct,val,incorrect_student_answer,399cbcce9c9209f3fd18
validation,validation_00472,supported,hallucinated,0.472807,0.527193,0.054386,medhalt_reasoning_fct,val,correct_answer,b94f68a0a7e425b783be
validation,validation_00473,supported,hallucinated,0.49184,0.50816,0.01632,medhalt_reasoning_fct,val,correct_answer,d1a845958ade0069ab38
validation,validation_00474,supported,supported,0.561916,0.438084,0.123833,medhalt_reasoning_fct,val,correct_answer,4b916d68c77ab68ef089
validation,validation_00475,supported,supported,0.52052,0.47948,0.04104,medhalt_reasoning_fct,val,correct_answer,b240fb5669ae04bfdcd5
validation,validation_00476,supported,hallucinated,0.493819,0.506181,0.012362,medhalt_reasoning_fct,val,correct_answer,6db8693735588fbdffbd
validation,validation_00477,hallucinated,hallucinated,0.468324,0.531676,0.063352,medhalt_reasoning_fct,val,incorrect_student_answer,521f10ec34707c242ece
validation,validation_00478,supported,supported,0.512602,0.487398,0.025204,medhalt_reasoning_fct,val,correct_answer,e8805dbbeea4d106bcae
validation,validation_00479,hallucinated,supported,0.505665,0.494335,0.011331,medhalt_reasoning_fct,val,incorrect_student_answer,a6c59a3517d03fc33455
validation,validation_00480,supported,supported,0.521476,0.478524,0.042953,medhalt_reasoning_fct,val,correct_answer,ce7839610af19545fdbb
validation,validation_00481,hallucinated,hallucinated,0.496109,0.503891,0.007782,medhalt_reasoning_fct,val,incorrect_student_answer,1e043c815b372c55ad53
validation,validation_00482,supported,supported,0.506185,0.493815,0.01237,medhalt_reasoning_fct,val,correct_answer,612a85e335b31848bc2a
validation,validation_00483,hallucinated,supported,0.536618,0.463382,0.073235,medhalt_reasoning_fct,val,incorrect_student_answer,4210b46196f0bee81b54
validation,validation_00484,supported,hallucinated,0.497037,0.502963,0.005926,medhalt_reasoning_fct,val,correct_answer,4014cc134c8623ca1ad8
validation,validation_00485,hallucinated,hallucinated,0.487289,0.512711,0.025421,medhalt_reasoning_fct,val,incorrect_student_answer,6a4148f342cc18f461fe
validation,validation_00486,hallucinated,hallucinated,0.499139,0.500861,0.001722,medhalt_reasoning_fct,val,incorrect_student_answer,d5a11cfb0ce9a9e7211c
validation,validation_00487,hallucinated,hallucinated,0.470386,0.529614,0.059229,medhalt_reasoning_fct,val,incorrect_student_answer,e6dd3a6ff3574462bae5
validation,validation_00488,supported,supported,0.562197,0.437803,0.124395,medhalt_reasoning_fct,val,correct_answer,8a7ad02cbbbc92535113
validation,validation_00489,hallucinated,hallucinated,0.438514,0.561486,0.122972,medhalt_reasoning_fct,val,incorrect_student_answer,465d115122f03c4381c1
validation,validation_00490,hallucinated,supported,0.531377,0.468623,0.062754,medhalt_reasoning_fct,val,incorrect_student_answer,c71db612a2c83488a83e
validation,validation_00491,hallucinated,supported,0.628552,0.371448,0.257105,medhalt_reasoning_fct,val,incorrect_student_answer,79610d03bfcaeba2d458
validation,validation_00492,supported,hallucinated,0.476057,0.523943,0.047886,medhalt_reasoning_fct,val,correct_answer,24fbc96cb1bd044d67f5
validation,validation_00493,supported,hallucinated,0.482323,0.517677,0.035354,medhalt_reasoning_fct,val,correct_answer,4142d3a01ab2629e4789
validation,validation_00494,supported,hallucinated,0.498012,0.501988,0.003976,medhalt_reasoning_fct,val,correct_answer,e4efcd4f641692010d63
validation,validation_00495,hallucinated,hallucinated,0.499254,0.500746,0.001492,medhalt_reasoning_fct,val,incorrect_student_answer,a8bc0a3b3a1fdb8b44af
validation,validation_00496,supported,hallucinated,0.487514,0.512486,0.024972,medhalt_reasoning_fct,val,correct_answer,63688fcbee3077c8133e
validation,validation_00497,hallucinated,hallucinated,0.460644,0.539356,0.078711,medhalt_reasoning_fct,val,incorrect_student_answer,0ced8597d87c49a2b786
validation,validation_00498,supported,hallucinated,0.48978,0.51022,0.020441,medhalt_reasoning_fct,val,correct_answer,0fd6f3c5d1204837e6d4
validation,validation_00499,hallucinated,supported,0.529885,0.470115,0.05977,medhalt_reasoning_fct,val,incorrect_student_answer,4d6ed12a2c6d6f8f419d
validation,validation_00500,hallucinated,supported,0.525951,0.474049,0.051901,medhalt_reasoning_fct,val,incorrect_student_answer,ac137cdff3a97d9b4d24
validation,validation_00501,hallucinated,hallucinated,0.455646,0.544354,0.088709,medhalt_reasoning_fct,val,incorrect_student_answer,ff751103f93243d43788
validation,validation_00502,hallucinated,supported,0.516253,0.483747,0.032506,medhalt_reasoning_fct,val,incorrect_student_answer,ab434586bdbf0fdee33b
validation,validation_00503,hallucinated,hallucinated,0.465058,0.534942,0.069883,medhalt_reasoning_fct,val,incorrect_student_answer,9bd87d702f4d93eb41f9
validation,validation_00504,hallucinated,supported,0.518178,0.481822,0.036356,medhalt_reasoning_fct,val,incorrect_student_answer,c307c10ea21bb7d19889
validation,validation_00505,hallucinated,hallucinated,0.476032,0.523968,0.047935,medhalt_reasoning_fct,val,incorrect_student_answer,24fbc96cb1bd044d67f5
validation,validation_00506,hallucinated,hallucinated,0.431545,0.568455,0.136911,medhalt_reasoning_fct,val,incorrect_student_answer,6d997eaaeb69dd252158
validation,validation_00507,supported,hallucinated,0.492109,0.507891,0.015782,medhalt_reasoning_fct,val,correct_answer,d6928812377f3d668b2a
validation,validation_00508,supported,supported,0.503016,0.496984,0.006033,medhalt_reasoning_fct,val,correct_answer,b522bbc487a6fd605348
validation,validation_00509,hallucinated,hallucinated,0.462843,0.537157,0.074313,medhalt_reasoning_fct,val,incorrect_student_answer,2d9b0bea311b62d4d449
validation,validation_00510,hallucinated,hallucinated,0.486746,0.513254,0.026508,medhalt_reasoning_fct,val,incorrect_student_answer,5df7b93a7cfb419e5c90
validation,validation_00511,hallucinated,hallucinated,0.404467,0.595533,0.191066,medhalt_reasoning_fct,val,incorrect_student_answer,548b73caa710056c66b5
validation,validation_00512,supported,supported,0.529656,0.470344,0.059313,medhalt_reasoning_fct,val,correct_answer,59541c595649740d4de6
validation,validation_00513,supported,hallucinated,0.435283,0.564717,0.129434,medhalt_reasoning_fct,val,correct_answer,9fb1f685175a76025024
validation,validation_00514,supported,hallucinated,0.483829,0.516171,0.032341,medhalt_reasoning_fct,val,correct_answer,21a4767f3b7ffe5d28f6
validation,validation_00515,supported,supported,0.526866,0.473134,0.053732,medhalt_reasoning_fct,val,correct_answer,511762a25fb7ec43c308
validation,validation_00516,hallucinated,supported,0.504993,0.495007,0.009986,medhalt_reasoning_fct,val,incorrect_student_answer,ecbcfe3997be5389f6b0
validation,validation_00517,hallucinated,supported,0.511658,0.488342,0.023315,medhalt_reasoning_fct,val,incorrect_student_answer,99c6b3610e86ff7cf3bd
validation,validation_00518,supported,supported,0.502982,0.497018,0.005964,medhalt_reasoning_fct,val,correct_answer,ada7de5a5457b69fe4ab
validation,validation_00519,hallucinated,supported,0.50353,0.49647,0.007061,medhalt_reasoning_fct,val,incorrect_student_answer,eddc366ad4f86f710e98
validation,validation_00520,hallucinated,supported,0.556227,0.443773,0.112455,medhalt_reasoning_fct,val,incorrect_student_answer,369dbee53323a9187481
validation,validation_00521,supported,supported,0.515055,0.484945,0.030109,medhalt_reasoning_fct,val,correct_answer,3eaccc319c7ee403e310
validation,validation_00522,supported,hallucinated,0.48729,0.51271,0.025421,medhalt_reasoning_fct,val,correct_answer,7422619a005fc44ff5dc
validation,validation_00523,hallucinated,hallucinated,0.487873,0.512127,0.024255,medhalt_reasoning_fct,val,incorrect_student_answer,61515ac9d9c987482206
validation,validation_00524,hallucinated,hallucinated,0.49464,0.50536,0.010721,medhalt_reasoning_fct,val,incorrect_student_answer,02ad21cd89c94c1f98f7
validation,validation_00525,supported,hallucinated,0.463561,0.536439,0.072877,medhalt_reasoning_fct,val,correct_answer,9bd87d702f4d93eb41f9
validation,validation_00526,supported,supported,0.507973,0.492027,0.015945,medhalt_reasoning_fct,val,correct_answer,6c537a71a06b2582a4d4
validation,validation_00527,hallucinated,supported,0.574719,0.425281,0.149437,medhalt_reasoning_fct,val,incorrect_student_answer,a3dc27e8297802e508ce
validation,validation_00528,supported,supported,0.520187,0.479813,0.040373,medhalt_reasoning_fct,val,correct_answer,9bd831c463c4338c2e8f
validation,validation_00529,supported,hallucinated,0.491723,0.508277,0.016553,medhalt_reasoning_fct,val,correct_answer,a406212f926dc96cec8b
validation,validation_00530,supported,supported,0.516248,0.483752,0.032496,medhalt_reasoning_fct,val,correct_answer,980471ffd9a0bb56e38e
validation,validation_00531,supported,hallucinated,0.494315,0.505685,0.01137,medhalt_reasoning_fct,val,correct_answer,466034484496a5b018fb
validation,validation_00532,hallucinated,supported,0.526424,0.473576,0.052849,medhalt_reasoning_fct,val,incorrect_student_answer,53189a0136c9eb874f26
validation,validation_00533,supported,supported,0.505639,0.494361,0.011278,medhalt_reasoning_fct,val,correct_answer,ca814e5e4090d364f14e
validation,validation_00534,hallucinated,hallucinated,0.488772,0.511228,0.022456,medhalt_reasoning_fct,val,incorrect_student_answer,5a19a812813f6ba9baad
validation,validation_00535,hallucinated,supported,0.508586,0.491414,0.017172,medhalt_reasoning_fct,val,incorrect_student_answer,125390ee267278629ee9
validation,validation_00536,supported,hallucinated,0.473881,0.526119,0.052238,medhalt_reasoning_fct,val,correct_answer,54c92bd18c8903f1a916
validation,validation_00537,hallucinated,hallucinated,0.485585,0.514415,0.02883,medhalt_reasoning_fct,val,incorrect_student_answer,2e29591a690cbfac6c0e
validation,validation_00538,supported,supported,0.533421,0.466579,0.066842,medhalt_reasoning_fct,val,correct_answer,37247e9ce9580e801b73
validation,validation_00539,supported,hallucinated,0.499952,0.500048,9.7e-05,medhalt_reasoning_fct,val,correct_answer,6d76084ac46f25df8605
validation,validation_00540,hallucinated,supported,0.534884,0.465116,0.069768,medhalt_reasoning_fct,val,incorrect_student_answer,f63c8df331e9a1c096c0
validation,validation_00541,supported,supported,0.521985,0.478015,0.043969,medhalt_reasoning_fct,val,correct_answer,55d0be26f9123f879a73
validation,validation_00542,hallucinated,supported,0.512265,0.487735,0.024529,medhalt_reasoning_fct,val,incorrect_student_answer,20d7cdbc31bb3c84478c
validation,validation_00543,hallucinated,hallucinated,0.425696,0.574304,0.148609,medhalt_reasoning_fct,val,incorrect_student_answer,bf359146278cc310fb64
validation,validation_00544,supported,supported,0.500716,0.499284,0.001431,medhalt_reasoning_fct,val,correct_answer,463cb16a34d72a92d0aa
validation,validation_00545,supported,supported,0.524754,0.475246,0.049507,medhalt_reasoning_fct,val,correct_answer,bd74db27799e37983ec1
validation,validation_00546,hallucinated,hallucinated,0.46164,0.53836,0.076719,medhalt_reasoning_fct,val,incorrect_student_answer,0e10ae29e49b09e9c5ee
validation,validation_00547,hallucinated,hallucinated,0.484009,0.515991,0.031981,medhalt_reasoning_fct,val,incorrect_student_answer,8200683372dd9e8d0064
validation,validation_00548,hallucinated,supported,0.545195,0.454805,0.090391,medhalt_reasoning_fct,val,incorrect_student_answer,ddece43beee4f3eb434e
validation,validation_00549,hallucinated,hallucinated,0.485923,0.514077,0.028155,medhalt_reasoning_fct,val,incorrect_student_answer,ead01c56ec1c9b8ed394
validation,validation_00550,hallucinated,supported,0.533421,0.466579,0.066842,medhalt_reasoning_fct,val,incorrect_student_answer,37247e9ce9580e801b73
validation,validation_00551,supported,supported,0.550634,0.449366,0.101268,medhalt_reasoning_fct,val,correct_answer,2eb12485dd484ccd80e5
validation,validation_00552,supported,supported,0.508143,0.491857,0.016286,medhalt_reasoning_fct,val,correct_answer,09b09ac23b538906cb74
validation,validation_00553,hallucinated,hallucinated,0.494393,0.505607,0.011214,medhalt_reasoning_fct,val,incorrect_student_answer,175bf70116f01d642f79
validation,validation_00554,supported,hallucinated,0.473103,0.526897,0.053793,medhalt_reasoning_fct,val,correct_answer,38a24ced1f1cbe798002
validation,validation_00555,supported,hallucinated,0.49498,0.50502,0.01004,medhalt_reasoning_fct,val,correct_answer,dcee61ff98fc27adb33e
validation,validation_00556,supported,supported,0.500574,0.499426,0.001149,medhalt_reasoning_fct,val,correct_answer,7107bbb2646d1005bbf7
validation,validation_00557,hallucinated,hallucinated,0.496756,0.503244,0.006488,medhalt_reasoning_fct,val,incorrect_student_answer,ef5bb2dee738677f86dd
validation,validation_00558,hallucinated,supported,0.523891,0.476109,0.047782,medhalt_reasoning_fct,val,incorrect_student_answer,5daf38b8c8eeec11e642
validation,validation_00559,supported,supported,0.506351,0.493649,0.012702,medhalt_reasoning_fct,val,correct_answer,553ced5fe1b20bd9a756
validation,validation_00560,hallucinated,supported,0.533193,0.466807,0.066387,medhalt_reasoning_fct,val,incorrect_student_answer,d62c7cc7fde253024d38
validation,validation_00561,supported,supported,0.506298,0.493702,0.012596,medhalt_reasoning_fct,val,correct_answer,d442ca7118c0be61a465
validation,validation_00562,supported,hallucinated,0.484237,0.515763,0.031525,medhalt_reasoning_fct,val,correct_answer,0bf07f3ec2cd79600c9d
validation,validation_00563,hallucinated,supported,0.524052,0.475948,0.048104,medhalt_reasoning_fct,val,incorrect_student_answer,4676c1865c96c1f4562d
validation,validation_00564,hallucinated,supported,0.542369,0.457631,0.084738,medhalt_reasoning_fct,val,incorrect_student_answer,0302000bf65694c8d67f
validation,validation_00565,hallucinated,supported,0.5063,0.4937,0.0126,medhalt_reasoning_fct,val,incorrect_student_answer,b522bbc487a6fd605348
validation,validation_00566,supported,hallucinated,0.488764,0.511236,0.022472,medhalt_reasoning_fct,val,correct_answer,e072b07f6ea241a12387
validation,validation_00567,supported,supported,0.686906,0.313094,0.373812,medhalt_reasoning_fct,val,correct_answer,c9ddc045982f3d45c0ba
validation,validation_00568,hallucinated,supported,0.502868,0.497132,0.005737,medhalt_reasoning_fct,val,incorrect_student_answer,f8581d79807914429343
validation,validation_00569,supported,supported,0.516067,0.483933,0.032134,medhalt_reasoning_fct,val,correct_answer,d16b7f0e4340908dce2d
validation,validation_00570,hallucinated,supported,0.501595,0.498405,0.003189,medhalt_reasoning_fct,val,incorrect_student_answer,82afef4dae9c4aba4e27
validation,validation_00571,supported,hallucinated,0.490194,0.509806,0.019612,medhalt_reasoning_fct,val,correct_answer,bf87fd62dbe208c64a78
validation,validation_00572,hallucinated,hallucinated,0.480524,0.519476,0.038952,medhalt_reasoning_fct,val,incorrect_student_answer,abf67b66f8a694eba0fa
validation,validation_00573,supported,hallucinated,0.482752,0.517248,0.034496,medhalt_reasoning_fct,val,correct_answer,a83b4b7c5088126e2dd1
validation,validation_00574,supported,hallucinated,0.478985,0.521015,0.042029,medhalt_reasoning_fct,val,correct_answer,2e858bba04f0a5745947
validation,validation_00575,supported,supported,0.511796,0.488204,0.023593,medhalt_reasoning_fct,val,correct_answer,a4d0726c0d74157f2a97
validation,validation_00576,hallucinated,supported,0.519667,0.480333,0.039334,medhalt_reasoning_fct,val,incorrect_student_answer,d45581b894ab4cc5172b
validation,validation_00577,supported,supported,0.509702,0.490298,0.019404,medhalt_reasoning_fct,val,correct_answer,4bb80de69c176db342b1
validation,validation_00578,hallucinated,supported,0.512827,0.487173,0.025654,medhalt_reasoning_fct,val,incorrect_student_answer,9bd831c463c4338c2e8f
validation,validation_00579,hallucinated,supported,0.530468,0.469532,0.060936,medhalt_reasoning_fct,val,incorrect_student_answer,1e3fa3a7fdfb01f57959
validation,validation_00580,supported,supported,0.504362,0.495638,0.008724,medhalt_reasoning_fct,val,correct_answer,f168db1fd22be91161c2
validation,validation_00581,hallucinated,supported,0.507297,0.492703,0.014594,medhalt_reasoning_fct,val,incorrect_student_answer,91cf56cbb784cfb2224d
validation,validation_00582,hallucinated,hallucinated,0.499534,0.500466,0.000933,medhalt_reasoning_fct,val,incorrect_student_answer,1fbad28113a56ecd7dc1
validation,validation_00583,supported,hallucinated,0.451233,0.548767,0.097534,medhalt_reasoning_fct,val,correct_answer,e4f3eca2a90740dd7163
validation,validation_00584,hallucinated,hallucinated,0.489553,0.510447,0.020893,medhalt_reasoning_fct,val,incorrect_student_answer,a406212f926dc96cec8b
validation,validation_00585,supported,supported,0.540964,0.459036,0.081927,medhalt_reasoning_fct,val,correct_answer,2eea89b8ff531760753c
validation,validation_00586,supported,supported,0.529648,0.470352,0.059297,medhalt_reasoning_fct,val,correct_answer,237c7348393d0899e112
validation,validation_00587,supported,supported,0.513203,0.486797,0.026405,medhalt_reasoning_fct,val,correct_answer,e86e2ebfdafdcb6da11a
validation,validation_00588,hallucinated,supported,0.501665,0.498335,0.003329,medhalt_reasoning_fct,val,incorrect_student_answer,815fe6b1cf9cdc72638f
validation,validation_00589,hallucinated,supported,0.537827,0.462173,0.075654,medhalt_reasoning_fct,val,incorrect_student_answer,07acb690a81783810ad7
validation,validation_00590,supported,supported,0.524174,0.475826,0.048348,medhalt_reasoning_fct,val,correct_answer,80a7b4b80d19bf1cc85c
validation,validation_00591,supported,supported,0.513514,0.486486,0.027029,medhalt_reasoning_fct,val,correct_answer,ab434586bdbf0fdee33b
validation,validation_00592,supported,hallucinated,0.48878,0.51122,0.02244,medhalt_reasoning_fct,val,correct_answer,429a7069ae5b3e262890
validation,validation_00593,supported,supported,0.512244,0.487756,0.024487,medhalt_reasoning_fct,val,correct_answer,ae4ff5132bed696df5cf
validation,validation_00594,hallucinated,hallucinated,0.446968,0.553032,0.106064,medhalt_reasoning_fct,val,incorrect_student_answer,22b3d65637fc3790314f
validation,validation_00595,hallucinated,supported,0.526946,0.473054,0.053892,medhalt_reasoning_fct,val,incorrect_student_answer,a2320432d03bd7efacfb
validation,validation_00596,supported,hallucinated,0.410174,0.589826,0.179652,medhalt_reasoning_fct,val,correct_answer,94e7210f2a4f328d12bb
validation,validation_00597,hallucinated,supported,0.502128,0.497872,0.004256,medhalt_reasoning_fct,val,incorrect_student_answer,d442ca7118c0be61a465
validation,validation_00598,hallucinated,supported,0.515533,0.484467,0.031066,medhalt_reasoning_fct,val,incorrect_student_answer,e86e2ebfdafdcb6da11a
validation,validation_00599,supported,supported,0.510223,0.489777,0.020446,medhalt_reasoning_fct,val,correct_answer,95635ade1a82572a2830
validation,validation_00600,supported,hallucinated,0.460378,0.539622,0.079243,medhalt_reasoning_fct,val,correct_answer,399cbcce9c9209f3fd18
validation,validation_00601,hallucinated,supported,0.509767,0.490233,0.019533,medhalt_reasoning_fct,val,incorrect_student_answer,95635ade1a82572a2830
validation,validation_00602,supported,hallucinated,0.498915,0.501085,0.002171,medhalt_reasoning_fct,val,correct_answer,64a2bb8a2a03db171c93
validation,validation_00603,supported,hallucinated,0.478589,0.521411,0.042822,medhalt_reasoning_fct,val,correct_answer,2b2e57aa08b0338b531e
validation,validation_00604,supported,hallucinated,0.49703,0.50297,0.00594,medhalt_reasoning_fct,val,correct_answer,d7edd73dab1d5c916f49
validation,validation_00605,supported,supported,0.508295,0.491705,0.01659,medhalt_reasoning_fct,val,correct_answer,80c49e989b28869553b2
validation,validation_00606,supported,supported,0.522577,0.477423,0.045154,medhalt_reasoning_fct,val,correct_answer,44e22c9b367381ace287
validation,validation_00607,supported,hallucinated,0.496635,0.503365,0.006731,medhalt_reasoning_fct,val,correct_answer,e020433105b58313d4f2
validation,validation_00608,supported,supported,0.514208,0.485792,0.028415,medhalt_reasoning_fct,val,correct_answer,766438572500108233bd
validation,validation_00609,supported,hallucinated,0.47235,0.52765,0.055301,medhalt_reasoning_fct,val,correct_answer,39fbd71b1c125cde1c52
validation,validation_00610,hallucinated,hallucinated,0.497755,0.502245,0.00449,medhalt_reasoning_fct,val,incorrect_student_answer,c8ff5a53dbf3fba6bb39
validation,validation_00611,hallucinated,supported,0.509942,0.490058,0.019883,medhalt_reasoning_fct,val,incorrect_student_answer,9777b473f3a39ce766f3
validation,validation_00612,supported,supported,0.536714,0.463286,0.073428,medhalt_reasoning_fct,val,correct_answer,947632ebb963a4e57ea1
validation,validation_00613,hallucinated,supported,0.535003,0.464997,0.070007,medhalt_reasoning_fct,val,incorrect_student_answer,5416d2b9b72c112951fb
validation,validation_00614,hallucinated,hallucinated,0.475018,0.524982,0.049963,medhalt_reasoning_fct,val,incorrect_student_answer,c7ebb62f501bd3f04788
validation,validation_00615,hallucinated,supported,0.518599,0.481401,0.037198,medhalt_reasoning_fct,val,incorrect_student_answer,22804eed1a874a6dba66
validation,validation_00616,hallucinated,hallucinated,0.440991,0.559009,0.118018,medhalt_reasoning_fct,val,incorrect_student_answer,ad68ab7f314cf352fc58
validation,validation_00617,hallucinated,supported,0.508771,0.491229,0.017543,medhalt_reasoning_fct,val,incorrect_student_answer,09b09ac23b538906cb74
validation,validation_00618,hallucinated,hallucinated,0.476468,0.523532,0.047065,medhalt_reasoning_fct,val,incorrect_student_answer,89d0d91c50320215ddcf
validation,validation_00619,supported,hallucinated,0.491736,0.508264,0.016529,medhalt_reasoning_fct,val,correct_answer,c8ff5a53dbf3fba6bb39
validation,validation_00620,hallucinated,supported,0.50398,0.49602,0.007959,medhalt_reasoning_fct,val,incorrect_student_answer,084655eefc1f149f23ca
validation,validation_00621,hallucinated,supported,0.501395,0.498605,0.002789,medhalt_reasoning_fct,val,incorrect_student_answer,341951d9145e9d99e2d6
validation,validation_00622,supported,supported,0.506573,0.493427,0.013146,medhalt_reasoning_fct,val,correct_answer,7e41acd070ba93b93617
validation,validation_00623,supported,supported,0.51191,0.48809,0.02382,medhalt_reasoning_fct,val,correct_answer,1385447d86dc6ff64694
validation,validation_00624,supported,hallucinated,0.483434,0.516566,0.033131,medhalt_reasoning_fct,val,correct_answer,c6548857725dcc4b6bcb
validation,validation_00625,hallucinated,supported,0.513993,0.486007,0.027985,medhalt_reasoning_fct,val,incorrect_student_answer,737b66fca50ec9981a0c
validation,validation_00626,supported,hallucinated,0.481895,0.518105,0.03621,medhalt_reasoning_fct,val,correct_answer,28a7e37ec6526413911b
validation,validation_00627,supported,supported,0.504558,0.495442,0.009116,medhalt_reasoning_fct,val,correct_answer,dba640961d97b8aa43b5
validation,validation_00628,hallucinated,hallucinated,0.412366,0.587634,0.175269,medhalt_reasoning_fct,val,incorrect_student_answer,d76e9e77ba6a98d09edd
validation,validation_00629,hallucinated,supported,0.503467,0.496533,0.006934,medhalt_reasoning_fct,val,incorrect_student_answer,82b861006ae69e169a2a
validation,validation_00630,hallucinated,supported,0.510194,0.489806,0.020388,medhalt_reasoning_fct,val,incorrect_student_answer,b6dd6799adb9d29bf5cf
validation,validation_00631,hallucinated,supported,0.519915,0.480085,0.039831,medhalt_reasoning_fct,val,incorrect_student_answer,939657e11233741528ef
validation,validation_00632,hallucinated,hallucinated,0.481418,0.518582,0.037164,medhalt_reasoning_fct,val,incorrect_student_answer,fdd42a78d60d7a9d7926
validation,validation_00633,hallucinated,supported,0.51602,0.48398,0.032039,medhalt_reasoning_fct,val,incorrect_student_answer,bb48e8f4245cefb6da17
validation,validation_00634,supported,supported,0.517938,0.482062,0.035876,medhalt_reasoning_fct,val,correct_answer,fc292a36d034cdbb21ec
validation,validation_00635,supported,hallucinated,0.48089,0.51911,0.038219,medhalt_reasoning_fct,val,correct_answer,c7ebb62f501bd3f04788
validation,validation_00636,supported,supported,0.520143,0.479857,0.040287,medhalt_reasoning_fct,val,correct_answer,d7c6ac30ccfcea315e12
validation,validation_00637,hallucinated,hallucinated,0.489029,0.510971,0.021941,medhalt_reasoning_fct,val,incorrect_student_answer,4a5a1985be2f1a740eaf
validation,validation_00638,supported,supported,0.543189,0.456811,0.086379,medhalt_reasoning_fct,val,correct_answer,369dbee53323a9187481
validation,validation_00639,hallucinated,supported,0.575168,0.424832,0.150335,medhalt_reasoning_fct,val,incorrect_student_answer,0325b3f4ef5d06bbf401
validation,validation_00640,hallucinated,supported,0.527213,0.472787,0.054425,medhalt_reasoning_fct,val,incorrect_student_answer,83704cee4bb0bbd6a8c5
validation,validation_00641,supported,hallucinated,0.490923,0.509077,0.018155,medhalt_reasoning_fct,val,correct_answer,4a5a1985be2f1a740eaf
validation,validation_00642,hallucinated,supported,0.550475,0.449525,0.10095,medhalt_reasoning_fct,val,incorrect_student_answer,093a1d8108f3017b43e4
validation,validation_00643,supported,supported,0.505413,0.494587,0.010827,medhalt_reasoning_fct,val,correct_answer,ecbcfe3997be5389f6b0
validation,validation_00644,hallucinated,supported,0.536254,0.463746,0.072507,medhalt_reasoning_fct,val,incorrect_student_answer,b209eb6b2eb66bcd6af9
validation,validation_00645,hallucinated,supported,0.513342,0.486658,0.026684,medhalt_reasoning_fct,val,incorrect_student_answer,9f5787ba8bad9d6b6b75
validation,validation_00646,supported,supported,0.510544,0.489456,0.021088,medhalt_reasoning_fct,val,correct_answer,63a5dcb522f0c36ebea1
validation,validation_00647,hallucinated,supported,0.501848,0.498152,0.003697,medhalt_reasoning_fct,val,incorrect_student_answer,7659aec4de85bd8c45dd
validation,validation_00648,supported,hallucinated,0.477372,0.522628,0.045255,medhalt_reasoning_fct,val,correct_answer,e245be53f3b4d0bbf660
validation,validation_00649,hallucinated,hallucinated,0.494773,0.505227,0.010454,medhalt_reasoning_fct,val,incorrect_student_answer,186226d792041fa5f98b
validation,validation_00650,hallucinated,supported,0.500229,0.499771,0.000457,medhalt_reasoning_fct,val,incorrect_student_answer,19818b21d68f575e48f9
validation,validation_00651,hallucinated,supported,0.509359,0.490641,0.018718,medhalt_reasoning_fct,val,incorrect_student_answer,6c537a71a06b2582a4d4
validation,validation_00652,supported,supported,0.533387,0.466613,0.066774,medhalt_reasoning_fct,val,correct_answer,4d82275b638a3c647c38
validation,validation_00653,supported,hallucinated,0.425905,0.574095,0.14819,medhalt_reasoning_fct,val,correct_answer,a24e3e7ec694c7715195
validation,validation_00654,hallucinated,supported,0.538805,0.461195,0.077611,medhalt_reasoning_fct,val,incorrect_student_answer,041f07d59950a5b24926
validation,validation_00655,hallucinated,supported,0.511304,0.488696,0.022607,medhalt_reasoning_fct,val,incorrect_student_answer,5ce5270825271d4e9087
validation,validation_00656,supported,supported,0.513626,0.486374,0.027252,medhalt_reasoning_fct,val,correct_answer,37daf60fd69d95ed3299
validation,validation_00657,hallucinated,supported,0.536396,0.463604,0.072792,medhalt_reasoning_fct,val,incorrect_student_answer,53bd8b158f190576d441
validation,validation_00658,hallucinated,supported,0.518911,0.481089,0.037823,medhalt_reasoning_fct,val,incorrect_student_answer,4d628a7deafa87d8dcd7
validation,validation_00659,hallucinated,supported,0.533926,0.466074,0.067853,medhalt_reasoning_fct,val,incorrect_student_answer,f787901e7ab31c7fd353
validation,validation_00660,supported,supported,0.516016,0.483984,0.032033,medhalt_reasoning_fct,val,correct_answer,ae55e1c8798eb821d667
validation,validation_00661,supported,supported,0.527457,0.472543,0.054914,medhalt_reasoning_fct,val,correct_answer,f787901e7ab31c7fd353
validation,validation_00662,hallucinated,supported,0.502891,0.497109,0.005782,medhalt_reasoning_fct,val,incorrect_student_answer,7e152d1f14c725945834
validation,validation_00663,supported,hallucinated,0.400619,0.599381,0.198762,medhalt_reasoning_fct,val,correct_answer,693834f184850fa832bb
validation,validation_00664,hallucinated,supported,0.524575,0.475425,0.049151,medhalt_reasoning_fct,val,incorrect_student_answer,acfdab21c6a3e07c88b8
validation,validation_00665,supported,hallucinated,0.491112,0.508888,0.017776,medhalt_reasoning_fct,val,correct_answer,4cdd1b1338d2cb0b4233
validation,validation_00666,supported,supported,0.514851,0.485149,0.029701,medhalt_reasoning_fct,val,correct_answer,502b2059529940a5a55e
validation,validation_00667,supported,supported,0.507821,0.492179,0.015642,medhalt_reasoning_fct,val,correct_answer,d27cab5544619020f9b3
validation,validation_00668,supported,supported,0.536618,0.463382,0.073235,medhalt_reasoning_fct,val,correct_answer,4210b46196f0bee81b54
validation,validation_00669,hallucinated,supported,0.519719,0.480281,0.039438,medhalt_reasoning_fct,val,incorrect_student_answer,3b353181c6d4e7688d7c
validation,validation_00670,supported,hallucinated,0.460195,0.539805,0.079609,medhalt_reasoning_fct,val,correct_answer,772f3dad15efe4e2a2a4
validation,validation_00671,supported,supported,0.507324,0.492676,0.014648,medhalt_reasoning_fct,val,correct_answer,3c77c47b64d45e050df0
validation,validation_00672,supported,hallucinated,0.479083,0.520917,0.041834,medhalt_reasoning_fct,val,correct_answer,b76747974799c427f1de
validation,validation_00673,hallucinated,hallucinated,0.462237,0.537763,0.075526,medhalt_reasoning_fct,val,incorrect_student_answer,21764c099a3316df0cd3
validation,validation_00674,supported,hallucinated,0.494109,0.505891,0.011782,medhalt_reasoning_fct,val,correct_answer,d5d82b34490da04a1bd7
validation,validation_00675,supported,supported,0.513925,0.486075,0.02785,medhalt_reasoning_fct,val,correct_answer,06774fe1cc2b6e0fb117
validation,validation_00676,hallucinated,supported,0.529582,0.470418,0.059165,medhalt_reasoning_fct,val,incorrect_student_answer,947632ebb963a4e57ea1
validation,validation_00677,supported,hallucinated,0.479443,0.520557,0.041115,medhalt_reasoning_fct,val,correct_answer,abf67b66f8a694eba0fa
validation,validation_00678,hallucinated,hallucinated,0.484695,0.515305,0.03061,medhalt_reasoning_fct,val,incorrect_student_answer,63688fcbee3077c8133e
validation,validation_00679,hallucinated,supported,0.525893,0.474107,0.051787,medhalt_reasoning_fct,val,incorrect_student_answer,109090e5e3d11370c01a
validation,validation_00680,hallucinated,supported,0.526542,0.473458,0.053085,medhalt_reasoning_fct,val,incorrect_student_answer,59541c595649740d4de6
validation,validation_00681,supported,hallucinated,0.495384,0.504616,0.009232,medhalt_reasoning_fct,val,correct_answer,f2ed84f15967b07aeda6
validation,validation_00682,supported,supported,0.501444,0.498556,0.002888,medhalt_reasoning_fct,val,correct_answer,52efc89d21625ea99263
validation,validation_00683,hallucinated,hallucinated,0.499243,0.500757,0.001514,medhalt_reasoning_fct,val,incorrect_student_answer,b0382e6d6dfd61a5fd73
validation,validation_00684,hallucinated,supported,0.551096,0.448904,0.102193,medhalt_reasoning_fct,val,incorrect_student_answer,e921f15f40482069750a
validation,validation_00685,supported,hallucinated,0.486508,0.513492,0.026983,medhalt_reasoning_fct,val,correct_answer,4749c4df1394c8316faf
validation,validation_00686,hallucinated,hallucinated,0.488142,0.511858,0.023716,medhalt_reasoning_fct,val,incorrect_student_answer,ce711acad85f2c3dc97e
validation,validation_00687,supported,hallucinated,0.497998,0.502002,0.004004,medhalt_reasoning_fct,val,correct_answer,1e043c815b372c55ad53
validation,validation_00688,hallucinated,hallucinated,0.489206,0.510794,0.021589,medhalt_reasoning_fct,val,incorrect_student_answer,d299177d55ee36abe156
validation,validation_00689,supported,supported,0.504716,0.495284,0.009433,medhalt_reasoning_fct,val,correct_answer,a6c59a3517d03fc33455
validation,validation_00690,supported,supported,0.506879,0.493121,0.013757,medhalt_reasoning_fct,val,correct_answer,23b81651c67558087b4c
validation,validation_00691,hallucinated,supported,0.555148,0.444852,0.110295,medhalt_reasoning_fct,val,incorrect_student_answer,2deeb6f074fd2803368a
validation,validation_00692,supported,hallucinated,0.490562,0.509438,0.018877,medhalt_reasoning_fct,val,correct_answer,39b9e84dfd4965180bb5
validation,validation_00693,hallucinated,hallucinated,0.476579,0.523421,0.046841,medhalt_reasoning_fct,val,incorrect_student_answer,bf87fd62dbe208c64a78
validation,validation_00694,supported,hallucinated,0.488401,0.511599,0.023198,medhalt_reasoning_fct,val,correct_answer,d57c8a5c48ba3a1e769c
validation,validation_00695,hallucinated,hallucinated,0.499963,0.500037,7.5e-05,medhalt_reasoning_fct,val,incorrect_student_answer,89716569197877de3c70
validation,validation_00696,supported,supported,0.553191,0.446809,0.106383,medhalt_reasoning_fct,val,correct_answer,7039292de5572eaedd9c
validation,validation_00697,supported,supported,0.50353,0.49647,0.007061,medhalt_reasoning_fct,val,correct_answer,eddc366ad4f86f710e98
validation,validation_00698,supported,hallucinated,0.483984,0.516016,0.032031,medhalt_reasoning_fct,val,correct_answer,f3059e8ad3bb8b8b6b18
validation,validation_00699,hallucinated,hallucinated,0.48611,0.51389,0.02778,medhalt_reasoning_fct,val,incorrect_student_answer,4749c4df1394c8316faf
validation,validation_00700,hallucinated,supported,0.509875,0.490125,0.019749,medhalt_reasoning_fct,val,incorrect_student_answer,d132f1ef7796c6124349
validation,validation_00701,hallucinated,supported,0.515555,0.484445,0.03111,medhalt_reasoning_fct,val,incorrect_student_answer,b20189af965c74c74902
validation,validation_00702,supported,hallucinated,0.412251,0.587749,0.175497,medhalt_reasoning_fct,val,correct_answer,1d9982124b176c6d027c
validation,validation_00703,hallucinated,supported,0.500754,0.499246,0.001507,medhalt_reasoning_fct,val,incorrect_student_answer,c5e6fd20d274f8a27469
validation,validation_00704,supported,hallucinated,0.479837,0.520163,0.040327,medhalt_reasoning_fct,val,correct_answer,28829bbdbc0f51dba336
validation,validation_00705,supported,hallucinated,0.49513,0.50487,0.009741,medhalt_reasoning_fct,val,correct_answer,ef5bb2dee738677f86dd
validation,validation_00706,supported,hallucinated,0.495391,0.504609,0.009218,medhalt_reasoning_fct,val,correct_answer,186226d792041fa5f98b
validation,validation_00707,hallucinated,hallucinated,0.453562,0.546438,0.092877,medhalt_reasoning_fct,val,incorrect_student_answer,19728a367325491b6973
validation,validation_00708,hallucinated,supported,0.507719,0.492281,0.015438,medhalt_reasoning_fct,val,incorrect_student_answer,a8f6d87cb4fcfdcd3829
validation,validation_00709,supported,hallucinated,0.498345,0.501655,0.003309,medhalt_reasoning_fct,val,correct_answer,1ec414b7facce31fbd0c
validation,validation_00710,supported,hallucinated,0.497825,0.502175,0.00435,medhalt_reasoning_fct,val,correct_answer,7e964336dfbcb6a4c8b5
validation,validation_00711,supported,supported,0.539958,0.460042,0.079916,medhalt_reasoning_fct,val,correct_answer,0acf41cc0e429175fe1b
validation,validation_00712,supported,supported,0.526441,0.473559,0.052881,medhalt_reasoning_fct,val,correct_answer,83704cee4bb0bbd6a8c5
validation,validation_00713,hallucinated,supported,0.506354,0.493646,0.012708,medhalt_reasoning_fct,val,incorrect_student_answer,4658a0db367fbcb3483b
validation,validation_00714,supported,hallucinated,0.462237,0.537763,0.075526,medhalt_reasoning_fct,val,correct_answer,21764c099a3316df0cd3
validation,validation_00715,supported,supported,0.516377,0.483623,0.032754,medhalt_reasoning_fct,val,correct_answer,4676c1865c96c1f4562d
validation,validation_00716,hallucinated,hallucinated,0.484322,0.515678,0.031356,medhalt_reasoning_fct,val,incorrect_student_answer,ef9148faf29ac4dc1930
validation,validation_00717,supported,hallucinated,0.479901,0.520099,0.040198,medhalt_reasoning_fct,val,correct_answer,c2f3d418e7dedb70c1f4
validation,validation_00718,supported,supported,0.546666,0.453334,0.093332,medhalt_reasoning_fct,val,correct_answer,092c59fc15fb7a1751d3
validation,validation_00719,supported,supported,0.512758,0.487242,0.025516,medhalt_reasoning_fct,val,correct_answer,0f3df27600ce887f27d1
validation,validation_00720,hallucinated,supported,0.518419,0.481581,0.036839,medhalt_reasoning_fct,val,incorrect_student_answer,c7bb4c58fef7560a4122
validation,validation_00721,hallucinated,hallucinated,0.492398,0.507602,0.015204,medhalt_reasoning_fct,val,incorrect_student_answer,203956ab5378afd18d54
validation,validation_00722,hallucinated,supported,0.513212,0.486788,0.026425,medhalt_reasoning_fct,val,incorrect_student_answer,db3ced14958d8a5a7400
validation,validation_00723,supported,supported,0.541921,0.458079,0.083842,medhalt_reasoning_fct,val,correct_answer,f31d02bece69677c52fc
validation,validation_00724,supported,hallucinated,0.497312,0.502688,0.005375,medhalt_reasoning_fct,val,correct_answer,ff8e5e24ae151dbdb3f8
validation,validation_00725,hallucinated,supported,0.504824,0.495176,0.009649,medhalt_reasoning_fct,val,incorrect_student_answer,a221ddcbeeed349c5367
validation,validation_00726,hallucinated,supported,0.506435,0.493565,0.01287,medhalt_reasoning_fct,val,incorrect_student_answer,814bd4c41c790cbd38f6
validation,validation_00727,hallucinated,hallucinated,0.497811,0.502189,0.004379,medhalt_reasoning_fct,val,incorrect_student_answer,034e0e8ef6dd090fc8d2
validation,validation_00728,hallucinated,supported,0.509482,0.490518,0.018964,medhalt_reasoning_fct,val,incorrect_student_answer,ab8671aec246e23be70b
validation,validation_00729,hallucinated,hallucinated,0.482802,0.517198,0.034395,medhalt_reasoning_fct,val,incorrect_student_answer,a83b4b7c5088126e2dd1
validation,validation_00730,supported,hallucinated,0.491068,0.508932,0.017865,medhalt_reasoning_fct,val,correct_answer,6a4148f342cc18f461fe
validation,validation_00731,supported,hallucinated,0.496197,0.503803,0.007605,medhalt_reasoning_fct,val,correct_answer,b0382e6d6dfd61a5fd73
validation,validation_00732,hallucinated,supported,0.511398,0.488602,0.022795,medhalt_reasoning_fct,val,incorrect_student_answer,ea6cd2c4d37e60a1fa93
validation,validation_00733,hallucinated,supported,0.500146,0.499854,0.000293,medhalt_reasoning_fct,val,incorrect_student_answer,da42a4ea61978e88e761
validation,validation_00734,supported,hallucinated,0.469565,0.530435,0.060869,medhalt_reasoning_fct,val,correct_answer,86a1845dea27f559b2bd
validation,validation_00735,hallucinated,hallucinated,0.437848,0.562152,0.124305,medhalt_reasoning_fct,val,incorrect_student_answer,1d4d7db2f1d24f6dceb3
validation,validation_00736,supported,hallucinated,0.492728,0.507272,0.014544,medhalt_reasoning_fct,val,correct_answer,a5e3787efcff6b704ef6
validation,validation_00737,hallucinated,hallucinated,0.491776,0.508224,0.016447,medhalt_reasoning_fct,val,incorrect_student_answer,0fd6f3c5d1204837e6d4
validation,validation_00738,supported,hallucinated,0.438181,0.561819,0.123638,medhalt_reasoning_fct,val,correct_answer,2d9b0bea311b62d4d449
validation,validation_00739,hallucinated,supported,0.507227,0.492773,0.014455,medhalt_reasoning_fct,val,incorrect_student_answer,1418f3150bff6becbbae
validation,validation_00740,hallucinated,supported,0.506633,0.493367,0.013266,medhalt_reasoning_fct,val,incorrect_student_answer,a9ebfa66a8e2ecef3917
validation,validation_00741,supported,hallucinated,0.457825,0.542175,0.08435,medhalt_reasoning_fct,val,correct_answer,fa8a9a69d54abd6a2c68
validation,validation_00742,hallucinated,supported,0.538409,0.461591,0.076817,medhalt_reasoning_fct,val,incorrect_student_answer,2b5c4ba799d567a8a508
validation,validation_00743,hallucinated,supported,0.538383,0.461617,0.076765,medhalt_reasoning_fct,val,incorrect_student_answer,98d2e67cee4e5103c976
validation,validation_00744,hallucinated,supported,0.507821,0.492179,0.015642,medhalt_reasoning_fct,val,incorrect_student_answer,d27cab5544619020f9b3
validation,validation_00745,supported,supported,0.546445,0.453555,0.09289,medhalt_reasoning_fct,val,correct_answer,2323982fab3a1a83335e
validation,validation_00746,supported,supported,0.502806,0.497194,0.005611,medhalt_reasoning_fct,val,correct_answer,8a6000488c1898bdf83c
validation,validation_00747,hallucinated,hallucinated,0.494909,0.505091,0.010182,medhalt_reasoning_fct,val,incorrect_student_answer,1ec414b7facce31fbd0c
validation,validation_00748,hallucinated,hallucinated,0.463935,0.536065,0.07213,medhalt_reasoning_fct,val,incorrect_student_answer,068a630a3ac7017e87de
validation,validation_00749,hallucinated,hallucinated,0.489168,0.510832,0.021664,medhalt_reasoning_fct,val,incorrect_student_answer,d57c8a5c48ba3a1e769c
validation,validation_00750,supported,supported,0.510966,0.489034,0.021932,medhalt_reasoning_fct,val,correct_answer,f5db0283033e062400ca
validation,validation_00751,supported,hallucinated,0.451153,0.548847,0.097693,medhalt_reasoning_fct,val,correct_answer,3bb4309256d5ad3d28d8
validation,validation_00752,hallucinated,hallucinated,0.45659,0.54341,0.08682,medhalt_reasoning_fct,val,incorrect_student_answer,ac3ec4c1b358ceffc43e
validation,validation_00753,supported,supported,0.503428,0.496572,0.006857,medhalt_reasoning_fct,val,correct_answer,f8581d79807914429343
validation,validation_00754,supported,hallucinated,0.495762,0.504238,0.008477,medhalt_reasoning_fct,val,correct_answer,8d27dd586d6e391f67f8
validation,validation_00755,hallucinated,hallucinated,0.497609,0.502391,0.004783,medhalt_reasoning_fct,val,incorrect_student_answer,e020433105b58313d4f2
validation,validation_00756,supported,hallucinated,0.497986,0.502014,0.004027,medhalt_reasoning_fct,val,correct_answer,a57a3d6c9a75dcb636a7
validation,validation_00757,hallucinated,hallucinated,0.497702,0.502298,0.004595,medhalt_reasoning_fct,val,incorrect_student_answer,56f7f91b4d13a92c7951
validation,validation_00758,hallucinated,supported,0.521136,0.478864,0.042272,medhalt_reasoning_fct,val,incorrect_student_answer,5aa87b7627ef34dc8d2d
validation,validation_00759,hallucinated,supported,0.568936,0.431064,0.137872,medhalt_reasoning_fct,val,incorrect_student_answer,4557e54c79450b85e9ce
validation,validation_00760,hallucinated,hallucinated,0.498827,0.501173,0.002346,medhalt_reasoning_fct,val,incorrect_student_answer,44e22c9b367381ace287
validation,validation_00761,hallucinated,supported,0.513163,0.486837,0.026325,medhalt_reasoning_fct,val,incorrect_student_answer,df57919f7868f776ad68
validation,validation_00762,hallucinated,hallucinated,0.449443,0.550557,0.101113,medhalt_reasoning_fct,val,incorrect_student_answer,9fb1f685175a76025024
validation,validation_00763,hallucinated,supported,0.510425,0.489575,0.02085,medhalt_reasoning_fct,val,incorrect_student_answer,161dc7e2af365b75b157
validation,validation_00764,supported,hallucinated,0.476997,0.523003,0.046006,medhalt_reasoning_fct,val,correct_answer,b8f1768f9b668f458175
validation,validation_00765,hallucinated,supported,0.530847,0.469153,0.061694,medhalt_reasoning_fct,val,incorrect_student_answer,734336418f47ade1dccd
validation,validation_00766,supported,hallucinated,0.490944,0.509056,0.018113,medhalt_reasoning_fct,val,correct_answer,8a7b25a1782ea6555897
validation,validation_00767,hallucinated,supported,0.517235,0.482765,0.03447,medhalt_reasoning_fct,val,incorrect_student_answer,799945adeb5bfa233187
validation,validation_00768,supported,hallucinated,0.48695,0.51305,0.026099,medhalt_reasoning_fct,val,correct_answer,0bc522051677fa9cf881
validation,validation_00769,hallucinated,hallucinated,0.482713,0.517287,0.034575,medhalt_reasoning_fct,val,incorrect_student_answer,4fc859cafd46cc00b5e1
validation,validation_00770,hallucinated,hallucinated,0.476339,0.523661,0.047323,medhalt_reasoning_fct,val,incorrect_student_answer,f3e5dc5d97de339a790c
validation,validation_00771,supported,hallucinated,0.49017,0.50983,0.01966,medhalt_reasoning_fct,val,correct_answer,2ac44170fc3545e5ed78
validation,validation_00772,supported,hallucinated,0.495468,0.504532,0.009064,medhalt_reasoning_fct,val,correct_answer,424a2a555390a42ddf1a
validation,validation_00773,hallucinated,hallucinated,0.416928,0.583072,0.166145,medhalt_reasoning_fct,val,incorrect_student_answer,3e6fc73b81008ac55a9d
validation,validation_00774,supported,supported,0.530714,0.469286,0.061428,medhalt_reasoning_fct,val,correct_answer,911b55ca51302ec0cff2
validation,validation_00775,hallucinated,supported,0.525807,0.474193,0.051615,medhalt_reasoning_fct,val,incorrect_student_answer,f69b31f0c759ab9d16dc
validation,validation_00776,hallucinated,hallucinated,0.492139,0.507861,0.015721,medhalt_reasoning_fct,val,incorrect_student_answer,09a8e8172496c6844cfc
validation,validation_00777,hallucinated,supported,0.539795,0.460205,0.079591,medhalt_reasoning_fct,val,incorrect_student_answer,b292f6137ad867117f3f
validation,validation_00778,supported,supported,0.511894,0.488106,0.023788,medhalt_reasoning_fct,val,correct_answer,df57919f7868f776ad68
validation,validation_00779,supported,hallucinated,0.485306,0.514694,0.029388,medhalt_reasoning_fct,val,correct_answer,af0b73742fc4200dcaa1
validation,validation_00780,supported,hallucinated,0.481735,0.518265,0.036531,medhalt_reasoning_fct,val,correct_answer,710bc05b229acbc8cc3c
validation,validation_00781,supported,hallucinated,0.473804,0.526196,0.052392,medhalt_reasoning_fct,val,correct_answer,1febd0f2d5314b4d208f
validation,validation_00782,hallucinated,supported,0.509777,0.490223,0.019555,medhalt_reasoning_fct,val,incorrect_student_answer,199b14184dfd8ecb2088
validation,validation_00783,supported,hallucinated,0.49327,0.50673,0.013459,medhalt_reasoning_fct,val,correct_answer,0c35e1d27bbedbebdac4
validation,validation_00784,hallucinated,hallucinated,0.477507,0.522493,0.044986,medhalt_reasoning_fct,val,incorrect_student_answer,ceab029306b8fee859e7
validation,validation_00785,supported,hallucinated,0.484465,0.515535,0.03107,medhalt_reasoning_fct,val,correct_answer,8188959ebe07500fa253
validation,validation_00786,hallucinated,supported,0.528638,0.471362,0.057275,medhalt_reasoning_fct,val,incorrect_student_answer,f0d023048877d370dc2d
validation,validation_00787,hallucinated,hallucinated,0.480077,0.519923,0.039846,medhalt_reasoning_fct,val,incorrect_student_answer,21a4767f3b7ffe5d28f6
validation,validation_00788,supported,supported,0.529127,0.470873,0.058254,medhalt_reasoning_fct,val,correct_answer,4d6ed12a2c6d6f8f419d
validation,validation_00789,supported,supported,0.522858,0.477142,0.045717,medhalt_reasoning_fct,val,correct_answer,acfdab21c6a3e07c88b8
validation,validation_00790,supported,hallucinated,0.432339,0.567661,0.135322,medhalt_reasoning_fct,val,correct_answer,6d997eaaeb69dd252158
validation,validation_00791,hallucinated,hallucinated,0.480875,0.519125,0.03825,medhalt_reasoning_fct,val,incorrect_student_answer,43a6007b55ddbc26cbdf
validation,validation_00792,hallucinated,hallucinated,0.491661,0.508339,0.016679,medhalt_reasoning_fct,val,incorrect_student_answer,2ac44170fc3545e5ed78
validation,validation_00793,supported,supported,0.512584,0.487416,0.025168,medhalt_reasoning_fct,val,correct_answer,a5dd299d0cf4e197c547
validation,validation_00794,hallucinated,hallucinated,0.483948,0.516052,0.032105,medhalt_reasoning_fct,val,incorrect_student_answer,f3059e8ad3bb8b8b6b18
validation,validation_00795,supported,supported,0.552372,0.447628,0.104745,medhalt_reasoning_fct,val,correct_answer,540286030709f236e708
validation,validation_00796,hallucinated,hallucinated,0.481379,0.518621,0.037242,medhalt_reasoning_fct,val,incorrect_student_answer,2b3fc2b35e0c991d27e1
validation,validation_00797,supported,supported,0.518168,0.481832,0.036335,medhalt_reasoning_fct,val,correct_answer,a28b24f69737f4e8863b
validation,validation_00798,hallucinated,hallucinated,0.414258,0.585742,0.171484,medhalt_reasoning_fct,val,incorrect_student_answer,ec1283eafe30ab6fa2d3
validation,validation_00799,hallucinated,supported,0.519492,0.480508,0.038984,medhalt_reasoning_fct,val,incorrect_student_answer,f5a11a271b3f771fc8aa
validation,validation_00800,hallucinated,supported,0.516456,0.483544,0.032912,medhalt_reasoning_fct,val,incorrect_student_answer,34964022ec98d4d1f50b
validation,validation_00801,hallucinated,hallucinated,0.493545,0.506455,0.012911,medhalt_reasoning_fct,val,incorrect_student_answer,f60f0324f8ecb19f039c
validation,validation_00802,supported,supported,0.545378,0.454622,0.090755,medhalt_reasoning_fct,val,correct_answer,b320db07fba62fcf2d15
validation,validation_00803,hallucinated,supported,0.511792,0.488208,0.023584,medhalt_reasoning_fct,val,incorrect_student_answer,615358799aaefd09b87d
validation,validation_00804,hallucinated,hallucinated,0.498168,0.501832,0.003664,medhalt_reasoning_fct,val,incorrect_student_answer,3d6e1d3d23c0c80303a7
validation,validation_00805,supported,supported,0.56323,0.43677,0.12646,medhalt_reasoning_fct,val,correct_answer,cb0603bb9095db803eb5
validation,validation_00806,hallucinated,supported,0.538201,0.461799,0.076402,medhalt_reasoning_fct,val,incorrect_student_answer,64a94d9a4ef75f044f62
validation,validation_00807,hallucinated,hallucinated,0.479616,0.520384,0.040768,medhalt_reasoning_fct,val,incorrect_student_answer,b8f1768f9b668f458175
validation,validation_00808,supported,hallucinated,0.471899,0.528101,0.056201,medhalt_reasoning_fct,val,correct_answer,19728a367325491b6973
validation,validation_00809,hallucinated,hallucinated,0.49945,0.50055,0.0011,medhalt_reasoning_fct,val,incorrect_student_answer,d05ba7cf0c542d447228
validation,validation_00810,supported,supported,0.529375,0.470625,0.058751,medhalt_reasoning_fct,val,correct_answer,5416d2b9b72c112951fb
validation,validation_00811,hallucinated,supported,0.534629,0.465371,0.069258,medhalt_reasoning_fct,val,incorrect_student_answer,5fc5fc836a016ffde957
validation,validation_00812,hallucinated,supported,0.517687,0.482313,0.035375,medhalt_reasoning_fct,val,incorrect_student_answer,d1e82811af8ee43e31ab
validation,validation_00813,supported,supported,0.510572,0.489428,0.021143,medhalt_reasoning_fct,val,correct_answer,c85510410974e407242e
validation,validation_00814,hallucinated,hallucinated,0.475904,0.524096,0.048192,medhalt_reasoning_fct,val,incorrect_student_answer,0d4d137ef6ec7cd147a7
validation,validation_00815,supported,hallucinated,0.414421,0.585579,0.171157,medhalt_reasoning_fct,val,correct_answer,3e6fc73b81008ac55a9d
validation,validation_00816,supported,hallucinated,0.491526,0.508474,0.016948,medhalt_reasoning_fct,val,correct_answer,37faedb578b7736c2451
validation,validation_00817,supported,supported,0.511554,0.488446,0.023108,medhalt_reasoning_fct,val,correct_answer,9f5787ba8bad9d6b6b75
validation,validation_00818,supported,hallucinated,0.441792,0.558208,0.116415,medhalt_reasoning_fct,val,correct_answer,aeecc67f3b09102c5c2a
validation,validation_00819,hallucinated,hallucinated,0.499624,0.500376,0.000752,medhalt_reasoning_fct,val,incorrect_student_answer,2cc1a35aa354a12e051e
validation,validation_00820,supported,supported,0.523192,0.476808,0.046385,medhalt_reasoning_fct,val,correct_answer,d4626dc0d9a69d2fa7ef
validation,validation_00821,supported,supported,0.549258,0.450742,0.098517,medhalt_reasoning_fct,val,correct_answer,2b5c4ba799d567a8a508
validation,validation_00822,supported,supported,0.50777,0.49223,0.01554,medhalt_reasoning_fct,val,correct_answer,084655eefc1f149f23ca
validation,validation_00823,hallucinated,supported,0.525497,0.474503,0.050994,medhalt_reasoning_fct,val,incorrect_student_answer,f816841a3c212cf5b9e5
validation,validation_00824,hallucinated,supported,0.533387,0.466613,0.066774,medhalt_reasoning_fct,val,incorrect_student_answer,4d82275b638a3c647c38
validation,validation_00825,hallucinated,supported,0.523333,0.476667,0.046666,medhalt_reasoning_fct,val,incorrect_student_answer,d24efa8d9589789c42b6
validation,validation_00826,hallucinated,hallucinated,0.498488,0.501512,0.003023,medhalt_reasoning_fct,val,incorrect_student_answer,d1be5bfb9433054313f1
validation,validation_00827,supported,supported,0.50219,0.49781,0.00438,medhalt_reasoning_fct,val,correct_answer,d82bf98f1e1e168e18e8
validation,validation_00828,supported,hallucinated,0.461281,0.538719,0.077437,medhalt_reasoning_fct,val,correct_answer,ff4fb8657d8d86c0b11a
validation,validation_00829,hallucinated,hallucinated,0.450738,0.549262,0.098524,medhalt_reasoning_fct,val,incorrect_student_answer,e4f3eca2a90740dd7163
validation,validation_00830,hallucinated,supported,0.518285,0.481715,0.036569,medhalt_reasoning_fct,val,incorrect_student_answer,f168db1fd22be91161c2
validation,validation_00831,hallucinated,supported,0.514179,0.485821,0.028359,medhalt_reasoning_fct,val,incorrect_student_answer,ae55e1c8798eb821d667
validation,validation_00832,hallucinated,hallucinated,0.475056,0.524944,0.049888,medhalt_reasoning_fct,val,incorrect_student_answer,b184d8b3cf7b31fbf55e
validation,validation_00833,supported,supported,0.509131,0.490869,0.018262,medhalt_reasoning_fct,val,correct_answer,df4e43d40e6b6c2d0004
validation,validation_00834,supported,supported,0.535907,0.464093,0.071814,medhalt_reasoning_fct,val,correct_answer,09cf765d313487717b33
validation,validation_00835,hallucinated,hallucinated,0.488029,0.511971,0.023943,medhalt_reasoning_fct,val,incorrect_student_answer,d5adb243e12179fcbafa
validation,validation_00836,hallucinated,hallucinated,0.460165,0.539835,0.07967,medhalt_reasoning_fct,val,incorrect_student_answer,772f3dad15efe4e2a2a4
validation,validation_00837,supported,supported,0.507858,0.492142,0.015716,medhalt_reasoning_fct,val,correct_answer,199b14184dfd8ecb2088
validation,validation_00838,supported,supported,0.525608,0.474392,0.051217,medhalt_reasoning_fct,val,correct_answer,5ccffcd7b25fd7c0fa9b
validation,validation_00839,hallucinated,supported,0.501451,0.498549,0.002902,medhalt_reasoning_fct,val,incorrect_student_answer,c27cfbb36c7485e16e24
validation,validation_00840,hallucinated,supported,0.506171,0.493829,0.012342,medhalt_reasoning_fct,val,incorrect_student_answer,895ef3cea0845ad1b532
validation,validation_00841,hallucinated,hallucinated,0.489498,0.510502,0.021004,medhalt_reasoning_fct,val,incorrect_student_answer,d37e9219171dffe31da3
validation,validation_00842,hallucinated,hallucinated,0.413353,0.586647,0.173294,medhalt_reasoning_fct,val,incorrect_student_answer,94e7210f2a4f328d12bb
validation,validation_00843,supported,hallucinated,0.462272,0.537728,0.075456,medhalt_reasoning_fct,val,correct_answer,0e10ae29e49b09e9c5ee
validation,validation_00844,hallucinated,supported,0.519703,0.480297,0.039406,medhalt_reasoning_fct,val,incorrect_student_answer,e053a9c8bcd8af928d3e
validation,validation_00845,hallucinated,supported,0.521057,0.478943,0.042114,medhalt_reasoning_fct,val,incorrect_student_answer,1a9d68d8b3c07235ea67
validation,validation_00846,hallucinated,hallucinated,0.493642,0.506358,0.012717,medhalt_reasoning_fct,val,incorrect_student_answer,6db8693735588fbdffbd
validation,validation_00847,hallucinated,hallucinated,0.496962,0.503038,0.006076,medhalt_reasoning_fct,val,incorrect_student_answer,a57a3d6c9a75dcb636a7
validation,validation_00848,supported,supported,0.508734,0.491266,0.017469,medhalt_reasoning_fct,val,correct_answer,80a29a666aa7bb212053
validation,validation_00849,supported,supported,0.505615,0.494385,0.011229,medhalt_reasoning_fct,val,correct_answer,e6a712ff10c70bae23c5
validation,validation_00850,supported,hallucinated,0.487024,0.512976,0.025953,medhalt_reasoning_fct,val,correct_answer,3769bf6eaa9309f5d606
validation,validation_00851,supported,supported,0.517076,0.482924,0.034153,medhalt_reasoning_fct,val,correct_answer,f494bed21eaabe45248c
validation,validation_00852,hallucinated,supported,0.505196,0.494804,0.010393,medhalt_reasoning_fct,val,incorrect_student_answer,e6a712ff10c70bae23c5
validation,validation_00853,supported,supported,0.536665,0.463335,0.073329,medhalt_reasoning_fct,val,correct_answer,7d65d5c425d927d74df1
validation,validation_00854,hallucinated,hallucinated,0.49293,0.50707,0.01414,medhalt_reasoning_fct,val,incorrect_student_answer,37faedb578b7736c2451
validation,validation_00855,supported,supported,0.518178,0.481822,0.036356,medhalt_reasoning_fct,val,correct_answer,c307c10ea21bb7d19889
validation,validation_00856,hallucinated,supported,0.508684,0.491316,0.017368,medhalt_reasoning_fct,val,incorrect_student_answer,80c49e989b28869553b2
validation,validation_00857,supported,supported,0.521617,0.478383,0.043235,medhalt_reasoning_fct,val,correct_answer,a8f6d87cb4fcfdcd3829
validation,validation_00858,hallucinated,hallucinated,0.489997,0.510003,0.020007,medhalt_reasoning_fct,val,incorrect_student_answer,7422619a005fc44ff5dc
validation,validation_00859,hallucinated,supported,0.52083,0.47917,0.041659,medhalt_reasoning_fct,val,incorrect_student_answer,ed2c225e8c917c756409
validation,validation_00860,supported,supported,0.696866,0.303134,0.393731,medhalt_reasoning_fct,val,correct_answer,4a9f0d309314fce29448
validation,validation_00861,hallucinated,supported,0.53478,0.46522,0.069561,medhalt_reasoning_fct,val,incorrect_student_answer,498df14c7bf62d91ac9e
validation,validation_00862,supported,supported,0.526946,0.473054,0.053892,medhalt_reasoning_fct,val,correct_answer,a2320432d03bd7efacfb
validation,validation_00863,hallucinated,hallucinated,0.477202,0.522798,0.045596,medhalt_reasoning_fct,val,incorrect_student_answer,2d0fa65b1660f7d9e1bb
validation,validation_00864,supported,supported,0.58395,0.41605,0.1679,medhalt_reasoning_fct,val,correct_answer,2896b5d9eb161621610f
validation,validation_00865,hallucinated,hallucinated,0.487015,0.512985,0.02597,medhalt_reasoning_fct,val,incorrect_student_answer,2b2e57aa08b0338b531e
validation,validation_00866,hallucinated,supported,0.510041,0.489959,0.020083,medhalt_reasoning_fct,val,incorrect_student_answer,827259d6cb2b12c1a4f9
validation,validation_00867,hallucinated,supported,0.699274,0.300726,0.398548,medhalt_reasoning_fct,val,incorrect_student_answer,4a9f0d309314fce29448
validation,validation_00868,supported,supported,0.533115,0.466885,0.066231,medhalt_reasoning_fct,val,correct_answer,56f7f91b4d13a92c7951
validation,validation_00869,hallucinated,hallucinated,0.456859,0.543141,0.086282,medhalt_reasoning_fct,val,incorrect_student_answer,bf5f0b74c095b7ca555f
validation,validation_00870,supported,hallucinated,0.467525,0.532475,0.06495,medhalt_reasoning_fct,val,correct_answer,d23fde817af23f36704d
validation,validation_00871,supported,supported,0.519216,0.480784,0.038433,medhalt_reasoning_fct,val,correct_answer,1a9d68d8b3c07235ea67
validation,validation_00872,supported,hallucinated,0.486594,0.513406,0.026812,medhalt_reasoning_fct,val,correct_answer,2e29591a690cbfac6c0e
validation,validation_00873,supported,hallucinated,0.462118,0.537882,0.075765,medhalt_reasoning_fct,val,correct_answer,ff7e29c0d832dce30e87
validation,validation_00874,hallucinated,supported,0.509934,0.490066,0.019868,medhalt_reasoning_fct,val,incorrect_student_answer,612a85e335b31848bc2a
validation,validation_00875,hallucinated,hallucinated,0.48906,0.51094,0.02188,medhalt_reasoning_fct,val,incorrect_student_answer,d930d9f2fec0ab9556c7
validation,validation_00876,hallucinated,hallucinated,0.470353,0.529647,0.059295,medhalt_reasoning_fct,val,incorrect_student_answer,b40ee40ad41d8c95a66b
validation,validation_00877,hallucinated,supported,0.500648,0.499352,0.001297,medhalt_reasoning_fct,val,incorrect_student_answer,8a6000488c1898bdf83c
validation,validation_00878,supported,hallucinated,0.489644,0.510356,0.020712,medhalt_reasoning_fct,val,correct_answer,9de6fbaa930d283927c8
validation,validation_00879,supported,supported,0.512425,0.487575,0.02485,medhalt_reasoning_fct,val,correct_answer,ed7c7c93b24f12d8f762
validation,validation_00880,hallucinated,hallucinated,0.472279,0.527721,0.055442,medhalt_reasoning_fct,val,incorrect_student_answer,b94f68a0a7e425b783be
validation,validation_00881,hallucinated,supported,0.504572,0.495428,0.009144,medhalt_reasoning_fct,val,incorrect_student_answer,cf7c7fd5f0d1d499a132
validation,validation_00882,supported,hallucinated,0.499327,0.500673,0.001346,medhalt_reasoning_fct,val,correct_answer,d05ba7cf0c542d447228
validation,validation_00883,supported,supported,0.542369,0.457631,0.084738,medhalt_reasoning_fct,val,correct_answer,0302000bf65694c8d67f
validation,validation_00884,supported,supported,0.551096,0.448904,0.102193,medhalt_reasoning_fct,val,correct_answer,e921f15f40482069750a
validation,validation_00885,supported,supported,0.50605,0.49395,0.0121,medhalt_reasoning_fct,val,correct_answer,bee422ab642cd4727694
validation,validation_00886,supported,hallucinated,0.492091,0.507909,0.015817,medhalt_reasoning_fct,val,correct_answer,d299177d55ee36abe156
validation,validation_00887,supported,supported,0.517095,0.482905,0.03419,medhalt_reasoning_fct,val,correct_answer,7865f1c660c57574b464
validation,validation_00888,hallucinated,hallucinated,0.480687,0.519313,0.038626,medhalt_reasoning_fct,val,incorrect_student_answer,70d5a99307ccd7bcf1dc
validation,validation_00889,supported,supported,0.501595,0.498405,0.003189,medhalt_reasoning_fct,val,correct_answer,82afef4dae9c4aba4e27
validation,validation_00890,supported,hallucinated,0.490701,0.509299,0.018599,medhalt_reasoning_fct,val,correct_answer,ebf6437fa18311b35ecd
validation,validation_00891,supported,hallucinated,0.482817,0.517183,0.034366,medhalt_reasoning_fct,val,correct_answer,9a97a11a70988ae335e6
validation,validation_00892,hallucinated,supported,0.529785,0.470215,0.05957,medhalt_reasoning_fct,val,incorrect_student_answer,bec909dc115bb61ad0a3
validation,validation_00893,hallucinated,hallucinated,0.498044,0.501956,0.003912,medhalt_reasoning_fct,val,incorrect_student_answer,201a4e5a8b7775576a99
validation,validation_00894,hallucinated,hallucinated,0.4848,0.5152,0.0304,medhalt_reasoning_fct,val,incorrect_student_answer,48d65028f08d1ef33a6e
validation,validation_00895,hallucinated,hallucinated,0.497013,0.502987,0.005974,medhalt_reasoning_fct,val,incorrect_student_answer,adf013589634207494e4
validation,validation_00896,hallucinated,supported,0.511192,0.488808,0.022384,medhalt_reasoning_fct,val,incorrect_student_answer,37daf60fd69d95ed3299
validation,validation_00897,supported,hallucinated,0.495172,0.504828,0.009656,medhalt_reasoning_fct,val,correct_answer,973ce57001a15c62b83f
validation,validation_00898,hallucinated,supported,0.507823,0.492177,0.015647,medhalt_reasoning_fct,val,incorrect_student_answer,d4626dc0d9a69d2fa7ef
validation,validation_00899,supported,supported,0.507617,0.492383,0.015234,medhalt_reasoning_fct,val,correct_answer,eeacb0cfd64d26221c88
validation,validation_00900,supported,supported,0.5164,0.4836,0.032801,medhalt_reasoning_fct,val,correct_answer,3b353181c6d4e7688d7c
validation,validation_00901,hallucinated,supported,0.50156,0.49844,0.003119,medhalt_reasoning_fct,val,incorrect_student_answer,e84db029f94520d5d81e
validation,validation_00902,supported,supported,0.544892,0.455108,0.089783,medhalt_reasoning_fct,val,correct_answer,7eb896d3dc67c9f5e579
validation,validation_00903,hallucinated,hallucinated,0.483962,0.516038,0.032076,medhalt_reasoning_fct,val,incorrect_student_answer,0bf07f3ec2cd79600c9d
validation,validation_00904,supported,supported,0.504249,0.495751,0.008499,medhalt_reasoning_fct,val,correct_answer,866de3f66246c1e29cde
validation,validation_00905,supported,supported,0.502316,0.497684,0.004633,medhalt_reasoning_fct,val,correct_answer,19f624ab40b9dcbc0808
validation,validation_00906,supported,supported,0.533632,0.466368,0.067265,medhalt_reasoning_fct,val,correct_answer,19d34598e478db9c71ff
validation,validation_00907,hallucinated,supported,0.528859,0.471141,0.057719,medhalt_reasoning_fct,val,incorrect_student_answer,8bc2876865e32d827f61
validation,validation_00908,supported,hallucinated,0.470988,0.529012,0.058025,medhalt_reasoning_fct,val,correct_answer,dd0c9311208eab3afcdb
validation,validation_00909,hallucinated,supported,0.509765,0.490235,0.01953,medhalt_reasoning_fct,val,incorrect_student_answer,4cd953818b344f68e425
validation,validation_00910,supported,supported,0.500299,0.499701,0.000599,medhalt_reasoning_fct,val,correct_answer,58d24e31183fc5c06792
validation,validation_00911,hallucinated,supported,0.537451,0.462549,0.074901,medhalt_reasoning_fct,val,incorrect_student_answer,b320db07fba62fcf2d15
validation,validation_00912,supported,supported,0.516988,0.483012,0.033976,medhalt_reasoning_fct,val,correct_answer,659e3842040c59147d81
validation,validation_00913,hallucinated,hallucinated,0.495253,0.504747,0.009495,medhalt_reasoning_fct,val,incorrect_student_answer,466034484496a5b018fb
validation,validation_00914,hallucinated,hallucinated,0.464756,0.535244,0.070488,medhalt_reasoning_fct,val,incorrect_student_answer,ff4fb8657d8d86c0b11a
validation,validation_00915,hallucinated,hallucinated,0.461931,0.538069,0.076137,medhalt_reasoning_fct,val,incorrect_student_answer,d23fde817af23f36704d
validation,validation_00916,hallucinated,supported,0.522131,0.477869,0.044262,medhalt_reasoning_fct,val,incorrect_student_answer,9c8ff7b9b52d11d516a6
validation,validation_00917,supported,hallucinated,0.468481,0.531519,0.063038,medhalt_reasoning_fct,val,correct_answer,e6dd3a6ff3574462bae5
validation,validation_00918,supported,hallucinated,0.493176,0.506824,0.013647,medhalt_reasoning_fct,val,correct_answer,6805a320aeffabdb426a
validation,validation_00919,supported,supported,0.513891,0.486109,0.027782,medhalt_reasoning_fct,val,correct_answer,d1e82811af8ee43e31ab
validation,validation_00920,hallucinated,hallucinated,0.478772,0.521228,0.042456,medhalt_reasoning_fct,val,incorrect_student_answer,28722efc7f0072581025
validation,validation_00921,hallucinated,supported,0.512758,0.487242,0.025516,medhalt_reasoning_fct,val,incorrect_student_answer,0f3df27600ce887f27d1
validation,validation_00922,hallucinated,hallucinated,0.478445,0.521555,0.04311,medhalt_reasoning_fct,val,incorrect_student_answer,1febd0f2d5314b4d208f
validation,validation_00923,hallucinated,supported,0.50766,0.49234,0.015321,medhalt_reasoning_fct,val,incorrect_student_answer,7613018abf61ad75294b
validation,validation_00924,supported,hallucinated,0.487378,0.512622,0.025244,medhalt_reasoning_fct,val,correct_answer,d5adb243e12179fcbafa
validation,validation_00925,hallucinated,hallucinated,0.497608,0.502392,0.004784,medhalt_reasoning_fct,val,incorrect_student_answer,a8b130ce464e93f65dfe
validation,validation_00926,supported,supported,0.527149,0.472851,0.054298,medhalt_reasoning_fct,val,correct_answer,1e3fa3a7fdfb01f57959
validation,validation_00927,supported,supported,0.511426,0.488574,0.022852,medhalt_reasoning_fct,val,correct_answer,99c6b3610e86ff7cf3bd
validation,validation_00928,supported,supported,0.575168,0.424832,0.150335,medhalt_reasoning_fct,val,correct_answer,0325b3f4ef5d06bbf401
validation,validation_00929,hallucinated,supported,0.509479,0.490521,0.018958,medhalt_reasoning_fct,val,incorrect_student_answer,b79e429dea4a96bfc1dc
validation,validation_00930,supported,supported,0.528478,0.471522,0.056956,medhalt_reasoning_fct,val,correct_answer,d24efa8d9589789c42b6
validation,validation_00931,hallucinated,hallucinated,0.444179,0.555821,0.111643,medhalt_reasoning_fct,val,incorrect_student_answer,db112a7d1030a31aff9a
validation,validation_00932,hallucinated,hallucinated,0.4949,0.5051,0.010199,medhalt_reasoning_fct,val,incorrect_student_answer,40c706c222de476c9430
validation,validation_00933,supported,supported,0.518133,0.481867,0.036265,medhalt_reasoning_fct,val,correct_answer,8d8ab8e53e682e761f7b
validation,validation_00934,supported,hallucinated,0.458065,0.541935,0.08387,medhalt_reasoning_fct,val,correct_answer,bf5f0b74c095b7ca555f
validation,validation_00935,supported,hallucinated,0.497913,0.502087,0.004174,medhalt_reasoning_fct,val,correct_answer,b60071c7d1d1f79e36bf
validation,validation_00936,hallucinated,supported,0.541279,0.458721,0.082558,medhalt_reasoning_fct,val,incorrect_student_answer,7039292de5572eaedd9c
validation,validation_00937,hallucinated,supported,0.508222,0.491778,0.016444,medhalt_reasoning_fct,val,incorrect_student_answer,ca814e5e4090d364f14e
validation,validation_00938,hallucinated,hallucinated,0.451555,0.548445,0.09689,medhalt_reasoning_fct,val,incorrect_student_answer,21a8e38f649d1913c5db
validation,validation_00939,hallucinated,supported,0.509262,0.490738,0.018524,medhalt_reasoning_fct,val,incorrect_student_answer,84a7924ccefa2463debc
validation,validation_00940,supported,hallucinated,0.481452,0.518548,0.037097,medhalt_reasoning_fct,val,correct_answer,70d5a99307ccd7bcf1dc
validation,validation_00941,supported,hallucinated,0.496843,0.503157,0.006313,medhalt_reasoning_fct,val,correct_answer,ed39a4b05be6b961f311
validation,validation_00942,supported,hallucinated,0.485696,0.514304,0.028607,medhalt_reasoning_fct,val,correct_answer,82bd42fa83682e39263e
validation,validation_00943,supported,supported,0.555148,0.444852,0.110295,medhalt_reasoning_fct,val,correct_answer,2deeb6f074fd2803368a
validation,validation_00944,supported,supported,0.513853,0.486147,0.027706,medhalt_reasoning_fct,val,correct_answer,f3171e9c19d62bf7f6a3
validation,validation_00945,supported,supported,0.510296,0.489704,0.020592,medhalt_reasoning_fct,val,correct_answer,4658a0db367fbcb3483b
validation,validation_00946,hallucinated,supported,0.508589,0.491411,0.017178,medhalt_reasoning_fct,val,incorrect_student_answer,eeacb0cfd64d26221c88
validation,validation_00947,supported,supported,0.537761,0.462239,0.075522,medhalt_reasoning_fct,val,correct_answer,33ea327cde8817149f37
validation,validation_00948,hallucinated,supported,0.531638,0.468362,0.063277,medhalt_reasoning_fct,val,incorrect_student_answer,a4fa47ad2644d8554236
validation,validation_00949,supported,supported,0.521026,0.478974,0.042052,medhalt_reasoning_fct,val,correct_answer,4ec8a71163101293c26d
validation,validation_00950,hallucinated,hallucinated,0.498485,0.501515,0.003029,medhalt_reasoning_fct,val,incorrect_student_answer,19f624ab40b9dcbc0808
validation,validation_00951,supported,hallucinated,0.481728,0.518272,0.036543,medhalt_reasoning_fct,val,correct_answer,d76e123335233af7cc8f
validation,validation_00952,supported,hallucinated,0.495082,0.504918,0.009835,medhalt_reasoning_fct,val,correct_answer,24565a10f22923dba44a
validation,validation_00953,hallucinated,supported,0.541921,0.458079,0.083842,medhalt_reasoning_fct,val,incorrect_student_answer,f31d02bece69677c52fc
validation,validation_00954,hallucinated,hallucinated,0.49106,0.50894,0.01788,medhalt_reasoning_fct,val,incorrect_student_answer,90fba805660a9178e595
validation,validation_00955,hallucinated,supported,0.500794,0.499206,0.001588,medhalt_reasoning_fct,val,incorrect_student_answer,64a2bb8a2a03db171c93
validation,validation_00956,hallucinated,hallucinated,0.476526,0.523474,0.046949,medhalt_reasoning_fct,val,incorrect_student_answer,f1fb55afa52014e817c7
validation,validation_00957,hallucinated,supported,0.513862,0.486138,0.027724,medhalt_reasoning_fct,val,incorrect_student_answer,4f46f97b5728bf4d9ca8
validation,validation_00958,hallucinated,hallucinated,0.487665,0.512335,0.02467,medhalt_reasoning_fct,val,incorrect_student_answer,eee3384e3969f17d0f9f
validation,validation_00959,supported,supported,0.502743,0.497257,0.005486,medhalt_reasoning_fct,val,correct_answer,175bf70116f01d642f79
validation,validation_00960,hallucinated,supported,0.501966,0.498034,0.003932,medhalt_reasoning_fct,val,incorrect_student_answer,e4efcd4f641692010d63
validation,validation_00961,hallucinated,hallucinated,0.496857,0.503143,0.006286,medhalt_reasoning_fct,val,incorrect_student_answer,517c635bae1c2ff20ae4
validation,validation_00962,hallucinated,supported,0.523167,0.476833,0.046334,medhalt_reasoning_fct,val,incorrect_student_answer,bd74db27799e37983ec1
validation,validation_00963,hallucinated,supported,0.535907,0.464093,0.071814,medhalt_reasoning_fct,val,incorrect_student_answer,09cf765d313487717b33
validation,validation_00964,supported,hallucinated,0.470148,0.529852,0.059705,medhalt_reasoning_fct,val,correct_answer,b40ee40ad41d8c95a66b
validation,validation_00965,hallucinated,supported,0.56323,0.43677,0.12646,medhalt_reasoning_fct,val,incorrect_student_answer,cb0603bb9095db803eb5
validation,validation_00966,hallucinated,hallucinated,0.494651,0.505349,0.010698,medhalt_reasoning_fct,val,incorrect_student_answer,c0de9369eca1da3ff379
validation,validation_00967,hallucinated,supported,0.528109,0.471891,0.056218,medhalt_reasoning_fct,val,incorrect_student_answer,be4eb34ee4ab6f61ddf8
validation,validation_00968,supported,supported,0.535019,0.464981,0.070038,medhalt_reasoning_fct,val,correct_answer,f63c8df331e9a1c096c0
validation,validation_00969,hallucinated,supported,0.527222,0.472778,0.054444,medhalt_reasoning_fct,val,incorrect_student_answer,423284acee3c4db06ab6
validation,validation_00970,hallucinated,supported,0.505104,0.494896,0.010209,medhalt_reasoning_fct,val,incorrect_student_answer,d39e71eedd9644707d60
validation,validation_00971,hallucinated,supported,0.508661,0.491339,0.017323,medhalt_reasoning_fct,val,incorrect_student_answer,23b81651c67558087b4c
validation,validation_00972,supported,hallucinated,0.427239,0.572761,0.145521,medhalt_reasoning_fct,val,correct_answer,e5526727da0830747cbc
validation,validation_00973,supported,hallucinated,0.476618,0.523382,0.046764,medhalt_reasoning_fct,val,correct_answer,3ea5c911ec4cf91c4406
validation,validation_00974,hallucinated,supported,0.506765,0.493235,0.01353,medhalt_reasoning_fct,val,incorrect_student_answer,b9cbd8819e57ef75f185
validation,validation_00975,supported,hallucinated,0.440563,0.559437,0.118874,medhalt_reasoning_fct,val,correct_answer,db112a7d1030a31aff9a
validation,validation_00976,hallucinated,hallucinated,0.448944,0.551056,0.102111,medhalt_reasoning_fct,val,incorrect_student_answer,92fa6722ee303ded2f3e
validation,validation_00977,supported,hallucinated,0.487336,0.512664,0.025329,medhalt_reasoning_fct,val,correct_answer,61515ac9d9c987482206
validation,validation_00978,supported,hallucinated,0.493861,0.506139,0.012277,medhalt_reasoning_fct,val,correct_answer,78c356cb4cdcb2adb83f
validation,validation_00979,supported,hallucinated,0.492657,0.507343,0.014687,medhalt_reasoning_fct,val,correct_answer,1aa412e63811a2a81835
validation,validation_00980,supported,supported,0.501415,0.498585,0.00283,medhalt_reasoning_fct,val,correct_answer,7e152d1f14c725945834
validation,validation_00981,supported,supported,0.538201,0.461799,0.076402,medhalt_reasoning_fct,val,correct_answer,64a94d9a4ef75f044f62
validation,validation_00982,hallucinated,supported,0.517131,0.482869,0.034262,medhalt_reasoning_fct,val,incorrect_student_answer,766438572500108233bd
validation,validation_00983,supported,supported,0.502296,0.497704,0.004592,medhalt_reasoning_fct,val,correct_answer,e84db029f94520d5d81e
validation,validation_00984,supported,hallucinated,0.487767,0.512233,0.024466,medhalt_reasoning_fct,val,correct_answer,d37e9219171dffe31da3
validation,validation_00985,hallucinated,hallucinated,0.4979,0.5021,0.004199,medhalt_reasoning_fct,val,incorrect_student_answer,ff8e5e24ae151dbdb3f8
validation,validation_00986,supported,supported,0.512346,0.487654,0.024692,medhalt_reasoning_fct,val,correct_answer,ddbd7ae205c996038b49
validation,validation_00987,hallucinated,hallucinated,0.498041,0.501959,0.003919,medhalt_reasoning_fct,val,incorrect_student_answer,7107bbb2646d1005bbf7
validation,validation_00988,hallucinated,hallucinated,0.494278,0.505722,0.011444,medhalt_reasoning_fct,val,incorrect_student_answer,e322933baf205f7ed461
validation,validation_00989,hallucinated,supported,0.518385,0.481615,0.03677,medhalt_reasoning_fct,val,incorrect_student_answer,f494bed21eaabe45248c
validation,validation_00990,supported,supported,0.516233,0.483767,0.032466,medhalt_reasoning_fct,val,correct_answer,de9621332991cd2120fe
validation,validation_00991,supported,supported,0.528684,0.471316,0.057368,medhalt_reasoning_fct,val,correct_answer,34e307399a3d96ecfc78
validation,validation_00992,supported,hallucinated,0.494152,0.505848,0.011697,medhalt_reasoning_fct,val,correct_answer,adf013589634207494e4
validation,validation_00993,supported,hallucinated,0.4863,0.5137,0.0274,medhalt_reasoning_fct,val,correct_answer,4fc859cafd46cc00b5e1
validation,validation_00994,hallucinated,supported,0.571541,0.428459,0.143082,medhalt_reasoning_fct,val,incorrect_student_answer,06ec4c16c75676c630f6
validation,validation_00995,hallucinated,supported,0.541448,0.458552,0.082895,medhalt_reasoning_fct,val,incorrect_student_answer,11d7fbdcf74fbabfd700
validation,validation_00996,supported,hallucinated,0.499449,0.500551,0.001102,medhalt_reasoning_fct,val,correct_answer,4a137c864eca0961e8f0
validation,validation_00997,supported,supported,0.506978,0.493022,0.013957,medhalt_reasoning_fct,val,correct_answer,d5a11cfb0ce9a9e7211c
validation,validation_00998,supported,supported,0.562734,0.437266,0.125468,medhalt_reasoning_fct,val,correct_answer,4557e54c79450b85e9ce
validation,validation_00999,hallucinated,supported,0.508301,0.491699,0.016602,medhalt_reasoning_fct,val,incorrect_student_answer,52efc89d21625ea99263
validation,validation_01000,hallucinated,supported,0.505008,0.494992,0.010015,medhalt_reasoning_fct,val,incorrect_student_answer,d82bf98f1e1e168e18e8
frozen_test,test_00001,hallucinated,supported,0.550622,0.449378,0.101245,medhalt_reasoning_fct,test,incorrect_student_answer,00760d1b2fd6dcdfe5e1
frozen_test,test_00002,supported,supported,0.550622,0.449378,0.101245,medhalt_reasoning_fct,test,correct_answer,00760d1b2fd6dcdfe5e1
frozen_test,test_00003,hallucinated,hallucinated,0.457332,0.542668,0.085336,medhalt_reasoning_fct,test,incorrect_student_answer,0141aa19d2efc5ba5543
frozen_test,test_00004,supported,hallucinated,0.457583,0.542417,0.084834,medhalt_reasoning_fct,test,correct_answer,0141aa19d2efc5ba5543
frozen_test,test_00005,hallucinated,supported,0.507352,0.492648,0.014703,medhalt_reasoning_fct,test,incorrect_student_answer,01823e56deff99a5ba62
frozen_test,test_00006,supported,supported,0.507284,0.492716,0.014569,medhalt_reasoning_fct,test,correct_answer,01823e56deff99a5ba62
frozen_test,test_00007,hallucinated,supported,0.507922,0.492078,0.015843,medhalt_reasoning_fct,test,incorrect_student_answer,01ca04025ba56b0a3a72
frozen_test,test_00008,supported,supported,0.505382,0.494618,0.010764,medhalt_reasoning_fct,test,correct_answer,01ca04025ba56b0a3a72
frozen_test,test_00009,hallucinated,hallucinated,0.484244,0.515756,0.031513,medhalt_reasoning_fct,test,incorrect_student_answer,025959e8efca841b0947
frozen_test,test_00010,supported,hallucinated,0.48896,0.51104,0.022079,medhalt_reasoning_fct,test,correct_answer,025959e8efca841b0947
frozen_test,test_00011,hallucinated,supported,0.52347,0.47653,0.04694,medhalt_reasoning_fct,test,incorrect_student_answer,03344cbb655ed2f808c8
frozen_test,test_00012,supported,supported,0.529208,0.470792,0.058416,medhalt_reasoning_fct,test,correct_answer,03344cbb655ed2f808c8
frozen_test,test_00013,hallucinated,supported,0.527491,0.472509,0.054982,medhalt_reasoning_fct,test,incorrect_student_answer,03390186af712b6341bf
frozen_test,test_00014,supported,supported,0.527491,0.472509,0.054982,medhalt_reasoning_fct,test,correct_answer,03390186af712b6341bf
frozen_test,test_00015,hallucinated,hallucinated,0.481206,0.518794,0.037589,medhalt_reasoning_fct,test,incorrect_student_answer,03b11b662568b65308c6
frozen_test,test_00016,supported,hallucinated,0.480928,0.519072,0.038143,medhalt_reasoning_fct,test,correct_answer,03b11b662568b65308c6
frozen_test,test_00017,hallucinated,supported,0.509935,0.490065,0.01987,medhalt_reasoning_fct,test,incorrect_student_answer,04402f063a9a3878ea1c
frozen_test,test_00018,supported,supported,0.51084,0.48916,0.02168,medhalt_reasoning_fct,test,correct_answer,04402f063a9a3878ea1c
frozen_test,test_00019,hallucinated,supported,0.508219,0.491781,0.016438,medhalt_reasoning_fct,test,incorrect_student_answer,0474ef6f789c430e547a
frozen_test,test_00020,supported,supported,0.504639,0.495361,0.009279,medhalt_reasoning_fct,test,correct_answer,0474ef6f789c430e547a
frozen_test,test_00021,hallucinated,hallucinated,0.483445,0.516555,0.03311,medhalt_reasoning_fct,test,incorrect_student_answer,05709f24c274a9d1833e
frozen_test,test_00022,supported,hallucinated,0.488043,0.511957,0.023913,medhalt_reasoning_fct,test,correct_answer,05709f24c274a9d1833e
frozen_test,test_00023,hallucinated,supported,0.519178,0.480822,0.038356,medhalt_reasoning_fct,test,incorrect_student_answer,067aa72147be0e4b877b
frozen_test,test_00024,supported,supported,0.519657,0.480343,0.039314,medhalt_reasoning_fct,test,correct_answer,067aa72147be0e4b877b
frozen_test,test_00025,hallucinated,supported,0.51303,0.48697,0.026059,medhalt_reasoning_fct,test,incorrect_student_answer,0688fa9c77b0b11d0eb4
frozen_test,test_00026,supported,supported,0.524527,0.475473,0.049053,medhalt_reasoning_fct,test,correct_answer,0688fa9c77b0b11d0eb4
frozen_test,test_00027,hallucinated,hallucinated,0.459236,0.540764,0.081529,medhalt_reasoning_fct,test,incorrect_student_answer,06973bbd6b9e36ff3861
frozen_test,test_00028,supported,hallucinated,0.457748,0.542252,0.084504,medhalt_reasoning_fct,test,correct_answer,06973bbd6b9e36ff3861
frozen_test,test_00029,hallucinated,supported,0.518084,0.481916,0.036167,medhalt_reasoning_fct,test,incorrect_student_answer,077bb6a5b1ec3f52387b
frozen_test,test_00030,supported,supported,0.51169,0.48831,0.023379,medhalt_reasoning_fct,test,correct_answer,077bb6a5b1ec3f52387b
frozen_test,test_00031,hallucinated,supported,0.539411,0.460589,0.078823,medhalt_reasoning_fct,test,incorrect_student_answer,083d430c512fc772deda
frozen_test,test_00032,supported,supported,0.530475,0.469525,0.060951,medhalt_reasoning_fct,test,correct_answer,083d430c512fc772deda
frozen_test,test_00033,hallucinated,supported,0.512449,0.487551,0.024899,medhalt_reasoning_fct,test,incorrect_student_answer,0929086e4e29cf4e4e12
frozen_test,test_00034,supported,supported,0.511016,0.488984,0.022031,medhalt_reasoning_fct,test,correct_answer,0929086e4e29cf4e4e12
frozen_test,test_00035,hallucinated,hallucinated,0.492929,0.507071,0.014141,medhalt_reasoning_fct,test,incorrect_student_answer,09554179a3a8cf5b0671
frozen_test,test_00036,supported,hallucinated,0.492069,0.507931,0.015861,medhalt_reasoning_fct,test,correct_answer,09554179a3a8cf5b0671
frozen_test,test_00037,hallucinated,hallucinated,0.485391,0.514609,0.029219,medhalt_reasoning_fct,test,incorrect_student_answer,098389a7047b1ed0f7a4
frozen_test,test_00038,supported,hallucinated,0.485546,0.514454,0.028908,medhalt_reasoning_fct,test,correct_answer,098389a7047b1ed0f7a4
frozen_test,test_00039,hallucinated,hallucinated,0.417478,0.582522,0.165044,medhalt_reasoning_fct,test,incorrect_student_answer,09c7a1306f16a320a1f0
frozen_test,test_00040,supported,hallucinated,0.414841,0.585159,0.170318,medhalt_reasoning_fct,test,correct_answer,09c7a1306f16a320a1f0
frozen_test,test_00041,hallucinated,supported,0.514122,0.485878,0.028243,medhalt_reasoning_fct,test,incorrect_student_answer,0a30e26801cc9f199b87
frozen_test,test_00042,supported,supported,0.517704,0.482296,0.035407,medhalt_reasoning_fct,test,correct_answer,0a30e26801cc9f199b87
frozen_test,test_00043,hallucinated,hallucinated,0.487693,0.512307,0.024615,medhalt_reasoning_fct,test,incorrect_student_answer,0a965c896f08f70a9c43
frozen_test,test_00044,supported,hallucinated,0.486259,0.513741,0.027483,medhalt_reasoning_fct,test,correct_answer,0a965c896f08f70a9c43
frozen_test,test_00045,hallucinated,supported,0.53533,0.46467,0.07066,medhalt_reasoning_fct,test,incorrect_student_answer,0b08ddb16192b8a1a151
frozen_test,test_00046,supported,supported,0.531166,0.468834,0.062333,medhalt_reasoning_fct,test,correct_answer,0b08ddb16192b8a1a151
frozen_test,test_00047,hallucinated,hallucinated,0.497814,0.502186,0.004372,medhalt_reasoning_fct,test,incorrect_student_answer,0be3d582f6ed6c85da51
frozen_test,test_00048,supported,hallucinated,0.497825,0.502175,0.00435,medhalt_reasoning_fct,test,correct_answer,0be3d582f6ed6c85da51
frozen_test,test_00049,hallucinated,supported,0.529504,0.470496,0.059007,medhalt_reasoning_fct,test,incorrect_student_answer,0c466d7d90c4c4b653b8
frozen_test,test_00050,supported,supported,0.529504,0.470496,0.059007,medhalt_reasoning_fct,test,correct_answer,0c466d7d90c4c4b653b8
frozen_test,test_00051,hallucinated,hallucinated,0.499638,0.500362,0.000724,medhalt_reasoning_fct,test,incorrect_student_answer,0c84f0f205a2979a56eb
frozen_test,test_00052,supported,hallucinated,0.496119,0.503881,0.007763,medhalt_reasoning_fct,test,correct_answer,0c84f0f205a2979a56eb
frozen_test,test_00053,hallucinated,supported,0.525907,0.474093,0.051814,medhalt_reasoning_fct,test,incorrect_student_answer,0ceae9fd370a30b9eadc
frozen_test,test_00054,supported,supported,0.54672,0.45328,0.09344,medhalt_reasoning_fct,test,correct_answer,0ceae9fd370a30b9eadc
frozen_test,test_00055,hallucinated,hallucinated,0.473517,0.526483,0.052967,medhalt_reasoning_fct,test,incorrect_student_answer,0cf5daa387d7dc17ef26
frozen_test,test_00056,supported,hallucinated,0.477955,0.522045,0.044091,medhalt_reasoning_fct,test,correct_answer,0cf5daa387d7dc17ef26
frozen_test,test_00057,hallucinated,supported,0.552452,0.447548,0.104905,medhalt_reasoning_fct,test,incorrect_student_answer,0dd9fad5ddfb098770c6
frozen_test,test_00058,supported,supported,0.552452,0.447548,0.104905,medhalt_reasoning_fct,test,correct_answer,0dd9fad5ddfb098770c6
frozen_test,test_00059,hallucinated,hallucinated,0.48749,0.51251,0.025021,medhalt_reasoning_fct,test,incorrect_student_answer,0e28d617a85b6a040d53
frozen_test,test_00060,supported,hallucinated,0.486734,0.513266,0.026532,medhalt_reasoning_fct,test,correct_answer,0e28d617a85b6a040d53
frozen_test,test_00061,hallucinated,supported,0.538849,0.461151,0.077698,medhalt_reasoning_fct,test,incorrect_student_answer,0f6557826cfdda0b9755
frozen_test,test_00062,supported,supported,0.549998,0.450002,0.099997,medhalt_reasoning_fct,test,correct_answer,0f6557826cfdda0b9755
frozen_test,test_00063,hallucinated,hallucinated,0.499469,0.500531,0.001061,medhalt_reasoning_fct,test,incorrect_student_answer,0fba51132d1c97c919d6
frozen_test,test_00064,supported,hallucinated,0.499999,0.500001,1e-06,medhalt_reasoning_fct,test,correct_answer,0fba51132d1c97c919d6
frozen_test,test_00065,hallucinated,hallucinated,0.47933,0.52067,0.041341,medhalt_reasoning_fct,test,incorrect_student_answer,0fd7a5c36d6143c5d345
frozen_test,test_00066,supported,hallucinated,0.476758,0.523242,0.046483,medhalt_reasoning_fct,test,correct_answer,0fd7a5c36d6143c5d345
frozen_test,test_00067,hallucinated,hallucinated,0.407979,0.592021,0.184041,medhalt_reasoning_fct,test,incorrect_student_answer,1095107feacf458620a7
frozen_test,test_00068,supported,hallucinated,0.405874,0.594126,0.188251,medhalt_reasoning_fct,test,correct_answer,1095107feacf458620a7
frozen_test,test_00069,hallucinated,hallucinated,0.487402,0.512598,0.025197,medhalt_reasoning_fct,test,incorrect_student_answer,117033bcbd9d221ea573
frozen_test,test_00070,supported,hallucinated,0.488625,0.511375,0.02275,medhalt_reasoning_fct,test,correct_answer,117033bcbd9d221ea573
frozen_test,test_00071,hallucinated,hallucinated,0.488011,0.511989,0.023977,medhalt_reasoning_fct,test,incorrect_student_answer,11f1c59ccd3e7e52b960
frozen_test,test_00072,supported,hallucinated,0.488104,0.511896,0.023793,medhalt_reasoning_fct,test,correct_answer,11f1c59ccd3e7e52b960
frozen_test,test_00073,hallucinated,hallucinated,0.482333,0.517667,0.035333,medhalt_reasoning_fct,test,incorrect_student_answer,121751b073a8549ee3cd
frozen_test,test_00074,supported,hallucinated,0.478979,0.521021,0.042043,medhalt_reasoning_fct,test,correct_answer,121751b073a8549ee3cd
frozen_test,test_00075,hallucinated,hallucinated,0.445656,0.554344,0.108689,medhalt_reasoning_fct,test,incorrect_student_answer,133ec74a0c4d2726bc2f
frozen_test,test_00076,supported,hallucinated,0.443317,0.556683,0.113367,medhalt_reasoning_fct,test,correct_answer,133ec74a0c4d2726bc2f
frozen_test,test_00077,hallucinated,supported,0.507601,0.492399,0.015201,medhalt_reasoning_fct,test,incorrect_student_answer,1485e2371a3ac8c6041d
frozen_test,test_00078,supported,supported,0.513979,0.486021,0.027958,medhalt_reasoning_fct,test,correct_answer,1485e2371a3ac8c6041d
frozen_test,test_00079,hallucinated,hallucinated,0.452907,0.547093,0.094186,medhalt_reasoning_fct,test,incorrect_student_answer,15ff36be2660896888d1
frozen_test,test_00080,supported,hallucinated,0.456575,0.543425,0.086851,medhalt_reasoning_fct,test,correct_answer,15ff36be2660896888d1
frozen_test,test_00081,hallucinated,hallucinated,0.49571,0.50429,0.00858,medhalt_reasoning_fct,test,incorrect_student_answer,16ad1c07a84198d0a944
frozen_test,test_00082,supported,hallucinated,0.49571,0.50429,0.00858,medhalt_reasoning_fct,test,correct_answer,16ad1c07a84198d0a944
frozen_test,test_00083,hallucinated,supported,0.605561,0.394439,0.211121,medhalt_reasoning_fct,test,incorrect_student_answer,1704763173aec25098f9
frozen_test,test_00084,supported,supported,0.597437,0.402563,0.194875,medhalt_reasoning_fct,test,correct_answer,1704763173aec25098f9
frozen_test,test_00085,hallucinated,hallucinated,0.494276,0.505724,0.011448,medhalt_reasoning_fct,test,incorrect_student_answer,170edcaedd19a001726d
frozen_test,test_00086,supported,hallucinated,0.497101,0.502899,0.005798,medhalt_reasoning_fct,test,correct_answer,170edcaedd19a001726d
frozen_test,test_00087,hallucinated,supported,0.507304,0.492696,0.014607,medhalt_reasoning_fct,test,incorrect_student_answer,176b9bad3590517c2b3b
frozen_test,test_00088,supported,supported,0.501286,0.498714,0.002573,medhalt_reasoning_fct,test,correct_answer,176b9bad3590517c2b3b
frozen_test,test_00089,hallucinated,hallucinated,0.485928,0.514072,0.028145,medhalt_reasoning_fct,test,incorrect_student_answer,1a336c1ed96f5f228323
frozen_test,test_00090,supported,hallucinated,0.485345,0.514655,0.029309,medhalt_reasoning_fct,test,correct_answer,1a336c1ed96f5f228323
frozen_test,test_00091,hallucinated,supported,0.519482,0.480518,0.038963,medhalt_reasoning_fct,test,incorrect_student_answer,1a5231e8da1ba703f566
frozen_test,test_00092,supported,supported,0.516281,0.483719,0.032563,medhalt_reasoning_fct,test,correct_answer,1a5231e8da1ba703f566
frozen_test,test_00093,hallucinated,supported,0.509589,0.490411,0.019177,medhalt_reasoning_fct,test,incorrect_student_answer,1a6d6833266e3d2ac091
frozen_test,test_00094,supported,supported,0.512257,0.487743,0.024514,medhalt_reasoning_fct,test,correct_answer,1a6d6833266e3d2ac091
frozen_test,test_00095,hallucinated,supported,0.508027,0.491973,0.016053,medhalt_reasoning_fct,test,incorrect_student_answer,1b1967993a8f3465b1c2
frozen_test,test_00096,supported,supported,0.514213,0.485787,0.028425,medhalt_reasoning_fct,test,correct_answer,1b1967993a8f3465b1c2
frozen_test,test_00097,hallucinated,supported,0.592953,0.407047,0.185906,medhalt_reasoning_fct,test,incorrect_student_answer,1b48542a9f8c6508579d
frozen_test,test_00098,supported,supported,0.625928,0.374072,0.251856,medhalt_reasoning_fct,test,correct_answer,1b48542a9f8c6508579d
frozen_test,test_00099,hallucinated,supported,0.537418,0.462582,0.074836,medhalt_reasoning_fct,test,incorrect_student_answer,1b697437d111ed4c050a
frozen_test,test_00100,supported,supported,0.538437,0.461563,0.076875,medhalt_reasoning_fct,test,correct_answer,1b697437d111ed4c050a
frozen_test,test_00101,hallucinated,supported,0.518107,0.481893,0.036213,medhalt_reasoning_fct,test,incorrect_student_answer,1cc82ff43bb3b12e361f
frozen_test,test_00102,supported,supported,0.521897,0.478103,0.043793,medhalt_reasoning_fct,test,correct_answer,1cc82ff43bb3b12e361f
frozen_test,test_00103,hallucinated,hallucinated,0.466716,0.533284,0.066567,medhalt_reasoning_fct,test,incorrect_student_answer,1d3560dcf285b7de8c9e
frozen_test,test_00104,supported,hallucinated,0.466951,0.533049,0.066098,medhalt_reasoning_fct,test,correct_answer,1d3560dcf285b7de8c9e
frozen_test,test_00105,hallucinated,supported,0.509905,0.490095,0.019811,medhalt_reasoning_fct,test,incorrect_student_answer,1dcfa3f447dc72e52a25
frozen_test,test_00106,supported,supported,0.509905,0.490095,0.019811,medhalt_reasoning_fct,test,correct_answer,1dcfa3f447dc72e52a25
frozen_test,test_00107,hallucinated,hallucinated,0.495332,0.504668,0.009336,medhalt_reasoning_fct,test,incorrect_student_answer,1e106b189d9d98c03433
frozen_test,test_00108,supported,hallucinated,0.496066,0.503934,0.007868,medhalt_reasoning_fct,test,correct_answer,1e106b189d9d98c03433
frozen_test,test_00109,hallucinated,hallucinated,0.454047,0.545953,0.091906,medhalt_reasoning_fct,test,incorrect_student_answer,1e4a2120252114e4bfe2
frozen_test,test_00110,supported,hallucinated,0.441378,0.558622,0.117243,medhalt_reasoning_fct,test,correct_answer,1e4a2120252114e4bfe2
frozen_test,test_00111,hallucinated,supported,0.52487,0.47513,0.049741,medhalt_reasoning_fct,test,incorrect_student_answer,1e896910251225ea78b5
frozen_test,test_00112,supported,supported,0.522922,0.477078,0.045843,medhalt_reasoning_fct,test,correct_answer,1e896910251225ea78b5
frozen_test,test_00113,hallucinated,supported,0.506808,0.493192,0.013616,medhalt_reasoning_fct,test,incorrect_student_answer,1e95174dcc517e1484ae
frozen_test,test_00114,supported,supported,0.51771,0.48229,0.035421,medhalt_reasoning_fct,test,correct_answer,1e95174dcc517e1484ae
frozen_test,test_00115,hallucinated,supported,0.508185,0.491815,0.01637,medhalt_reasoning_fct,test,incorrect_student_answer,1ea539849b9dd8d97dcf
frozen_test,test_00116,supported,supported,0.5108,0.4892,0.0216,medhalt_reasoning_fct,test,correct_answer,1ea539849b9dd8d97dcf
frozen_test,test_00117,hallucinated,supported,0.521887,0.478113,0.043774,medhalt_reasoning_fct,test,incorrect_student_answer,1ecfae3903fc6913fd74
frozen_test,test_00118,supported,supported,0.521887,0.478113,0.043774,medhalt_reasoning_fct,test,correct_answer,1ecfae3903fc6913fd74
frozen_test,test_00119,hallucinated,hallucinated,0.489541,0.510459,0.020918,medhalt_reasoning_fct,test,incorrect_student_answer,1f471e0a72a59121860d
frozen_test,test_00120,supported,hallucinated,0.490364,0.509636,0.019271,medhalt_reasoning_fct,test,correct_answer,1f471e0a72a59121860d
frozen_test,test_00121,hallucinated,hallucinated,0.426627,0.573373,0.146746,medhalt_reasoning_fct,test,incorrect_student_answer,1fd9c2533cbeaceb1379
frozen_test,test_00122,supported,hallucinated,0.426956,0.573044,0.146089,medhalt_reasoning_fct,test,correct_answer,1fd9c2533cbeaceb1379
frozen_test,test_00123,hallucinated,hallucinated,0.4897,0.5103,0.020601,medhalt_reasoning_fct,test,incorrect_student_answer,20236ee40a2cec76f8a5
frozen_test,test_00124,supported,hallucinated,0.488236,0.511764,0.023528,medhalt_reasoning_fct,test,correct_answer,20236ee40a2cec76f8a5
frozen_test,test_00125,hallucinated,supported,0.556692,0.443308,0.113384,medhalt_reasoning_fct,test,incorrect_student_answer,20e2de508ec6302df757
frozen_test,test_00126,supported,supported,0.57124,0.42876,0.142479,medhalt_reasoning_fct,test,correct_answer,20e2de508ec6302df757
frozen_test,test_00127,hallucinated,supported,0.509517,0.490483,0.019035,medhalt_reasoning_fct,test,incorrect_student_answer,2215d33e9825efe7fc81
frozen_test,test_00128,supported,supported,0.50981,0.49019,0.01962,medhalt_reasoning_fct,test,correct_answer,2215d33e9825efe7fc81
frozen_test,test_00129,hallucinated,hallucinated,0.492692,0.507308,0.014616,medhalt_reasoning_fct,test,incorrect_student_answer,22cef49aca5da6e2d86e
frozen_test,test_00130,supported,hallucinated,0.492605,0.507395,0.01479,medhalt_reasoning_fct,test,correct_answer,22cef49aca5da6e2d86e
frozen_test,test_00131,hallucinated,hallucinated,0.484742,0.515258,0.030517,medhalt_reasoning_fct,test,incorrect_student_answer,236c67b4d27b89150db8
frozen_test,test_00132,supported,hallucinated,0.47931,0.52069,0.04138,medhalt_reasoning_fct,test,correct_answer,236c67b4d27b89150db8
frozen_test,test_00133,hallucinated,supported,0.510187,0.489813,0.020375,medhalt_reasoning_fct,test,incorrect_student_answer,2381e9c4d2bb7e40e9cc
frozen_test,test_00134,supported,supported,0.509167,0.490833,0.018334,medhalt_reasoning_fct,test,correct_answer,2381e9c4d2bb7e40e9cc
frozen_test,test_00135,hallucinated,supported,0.550323,0.449677,0.100647,medhalt_reasoning_fct,test,incorrect_student_answer,23d8a4625eda795981f1
frozen_test,test_00136,supported,supported,0.546083,0.453917,0.092166,medhalt_reasoning_fct,test,correct_answer,23d8a4625eda795981f1
frozen_test,test_00137,hallucinated,supported,0.567697,0.432303,0.135394,medhalt_reasoning_fct,test,incorrect_student_answer,24007a9bf4e534c76d3c
frozen_test,test_00138,supported,supported,0.567697,0.432303,0.135394,medhalt_reasoning_fct,test,correct_answer,24007a9bf4e534c76d3c
frozen_test,test_00139,hallucinated,supported,0.518121,0.481879,0.036243,medhalt_reasoning_fct,test,incorrect_student_answer,2400cca4b0b982d32537
frozen_test,test_00140,supported,supported,0.527071,0.472929,0.054142,medhalt_reasoning_fct,test,correct_answer,2400cca4b0b982d32537
frozen_test,test_00141,hallucinated,hallucinated,0.485365,0.514635,0.02927,medhalt_reasoning_fct,test,incorrect_student_answer,24053c76cfd0d02e3e89
frozen_test,test_00142,supported,hallucinated,0.486482,0.513518,0.027037,medhalt_reasoning_fct,test,correct_answer,24053c76cfd0d02e3e89
frozen_test,test_00143,hallucinated,hallucinated,0.478274,0.521726,0.043452,medhalt_reasoning_fct,test,incorrect_student_answer,242c2d74aa2541407914
frozen_test,test_00144,supported,hallucinated,0.48083,0.51917,0.038341,medhalt_reasoning_fct,test,correct_answer,242c2d74aa2541407914
frozen_test,test_00145,hallucinated,supported,0.520831,0.479169,0.041662,medhalt_reasoning_fct,test,incorrect_student_answer,24e34e84725a0b7ce3c3
frozen_test,test_00146,supported,supported,0.516686,0.483314,0.033373,medhalt_reasoning_fct,test,correct_answer,24e34e84725a0b7ce3c3
frozen_test,test_00147,hallucinated,hallucinated,0.471407,0.528593,0.057185,medhalt_reasoning_fct,test,incorrect_student_answer,24f7a7d5cece39a236f8
frozen_test,test_00148,supported,hallucinated,0.468879,0.531121,0.062242,medhalt_reasoning_fct,test,correct_answer,24f7a7d5cece39a236f8
frozen_test,test_00149,hallucinated,hallucinated,0.486488,0.513512,0.027025,medhalt_reasoning_fct,test,incorrect_student_answer,255f33443041822b6aad
frozen_test,test_00150,supported,hallucinated,0.485058,0.514942,0.029883,medhalt_reasoning_fct,test,correct_answer,255f33443041822b6aad
frozen_test,test_00151,hallucinated,supported,0.579964,0.420036,0.159928,medhalt_reasoning_fct,test,incorrect_student_answer,257eb62fe6cb29e5c7cf
frozen_test,test_00152,supported,supported,0.604385,0.395615,0.208771,medhalt_reasoning_fct,test,correct_answer,257eb62fe6cb29e5c7cf
frozen_test,test_00153,hallucinated,hallucinated,0.491721,0.508279,0.016558,medhalt_reasoning_fct,test,incorrect_student_answer,258318233898c13aaf95
frozen_test,test_00154,supported,hallucinated,0.482819,0.517181,0.034362,medhalt_reasoning_fct,test,correct_answer,258318233898c13aaf95
frozen_test,test_00155,hallucinated,hallucinated,0.482808,0.517192,0.034384,medhalt_reasoning_fct,test,incorrect_student_answer,25f270ce6710c359387f
frozen_test,test_00156,supported,hallucinated,0.485614,0.514386,0.028772,medhalt_reasoning_fct,test,correct_answer,25f270ce6710c359387f
frozen_test,test_00157,hallucinated,supported,0.50063,0.49937,0.00126,medhalt_reasoning_fct,test,incorrect_student_answer,261a47e91d9313661c6d
frozen_test,test_00158,supported,hallucinated,0.498475,0.501525,0.003051,medhalt_reasoning_fct,test,correct_answer,261a47e91d9313661c6d
frozen_test,test_00159,hallucinated,supported,0.501793,0.498207,0.003586,medhalt_reasoning_fct,test,incorrect_student_answer,261baeac4f89c43f1d64
frozen_test,test_00160,supported,supported,0.502067,0.497933,0.004134,medhalt_reasoning_fct,test,correct_answer,261baeac4f89c43f1d64
frozen_test,test_00161,hallucinated,supported,0.503025,0.496975,0.00605,medhalt_reasoning_fct,test,incorrect_student_answer,26233f428cd86270e628
frozen_test,test_00162,supported,supported,0.501098,0.498902,0.002195,medhalt_reasoning_fct,test,correct_answer,26233f428cd86270e628
frozen_test,test_00163,hallucinated,supported,0.58468,0.41532,0.16936,medhalt_reasoning_fct,test,incorrect_student_answer,26641dcb8d92f086a767
frozen_test,test_00164,supported,supported,0.542766,0.457234,0.085531,medhalt_reasoning_fct,test,correct_answer,26641dcb8d92f086a767
frozen_test,test_00165,hallucinated,hallucinated,0.423855,0.576145,0.152291,medhalt_reasoning_fct,test,incorrect_student_answer,2679b2a30c75f20c9344
frozen_test,test_00166,supported,hallucinated,0.425618,0.574382,0.148764,medhalt_reasoning_fct,test,correct_answer,2679b2a30c75f20c9344
frozen_test,test_00167,hallucinated,hallucinated,0.422792,0.577208,0.154416,medhalt_reasoning_fct,test,incorrect_student_answer,27145cb86426f39cbaf0
frozen_test,test_00168,supported,hallucinated,0.423141,0.576859,0.153718,medhalt_reasoning_fct,test,correct_answer,27145cb86426f39cbaf0
frozen_test,test_00169,hallucinated,hallucinated,0.466924,0.533076,0.066153,medhalt_reasoning_fct,test,incorrect_student_answer,288c4c2a8879d17e7edd
frozen_test,test_00170,supported,hallucinated,0.482704,0.517296,0.034593,medhalt_reasoning_fct,test,correct_answer,288c4c2a8879d17e7edd
frozen_test,test_00171,hallucinated,hallucinated,0.499512,0.500488,0.000976,medhalt_reasoning_fct,test,incorrect_student_answer,2930d2ac93890c4754af
frozen_test,test_00172,supported,hallucinated,0.499398,0.500602,0.001204,medhalt_reasoning_fct,test,correct_answer,2930d2ac93890c4754af
frozen_test,test_00173,hallucinated,supported,0.503338,0.496662,0.006677,medhalt_reasoning_fct,test,incorrect_student_answer,29862c8dffcd7440d382
frozen_test,test_00174,supported,supported,0.504654,0.495346,0.009309,medhalt_reasoning_fct,test,correct_answer,29862c8dffcd7440d382
frozen_test,test_00175,hallucinated,supported,0.508232,0.491768,0.016464,medhalt_reasoning_fct,test,incorrect_student_answer,29ae604b1c66ff40d275
frozen_test,test_00176,supported,supported,0.50172,0.49828,0.003439,medhalt_reasoning_fct,test,correct_answer,29ae604b1c66ff40d275
frozen_test,test_00177,hallucinated,hallucinated,0.474489,0.525511,0.051021,medhalt_reasoning_fct,test,incorrect_student_answer,2a2e20260946a5dfacfa
frozen_test,test_00178,supported,hallucinated,0.474527,0.525473,0.050946,medhalt_reasoning_fct,test,correct_answer,2a2e20260946a5dfacfa
frozen_test,test_00179,hallucinated,supported,0.512287,0.487713,0.024574,medhalt_reasoning_fct,test,incorrect_student_answer,2c826d29283bdba2a9a3
frozen_test,test_00180,supported,supported,0.526096,0.473904,0.052191,medhalt_reasoning_fct,test,correct_answer,2c826d29283bdba2a9a3
frozen_test,test_00181,hallucinated,supported,0.520517,0.479483,0.041035,medhalt_reasoning_fct,test,incorrect_student_answer,2cb2bf9f0feba4d050d6
frozen_test,test_00182,supported,supported,0.518963,0.481037,0.037925,medhalt_reasoning_fct,test,correct_answer,2cb2bf9f0feba4d050d6
frozen_test,test_00183,hallucinated,hallucinated,0.473765,0.526235,0.052469,medhalt_reasoning_fct,test,incorrect_student_answer,2d1a7239f6aec1c4616b
frozen_test,test_00184,supported,hallucinated,0.47298,0.52702,0.054041,medhalt_reasoning_fct,test,correct_answer,2d1a7239f6aec1c4616b
frozen_test,test_00185,hallucinated,supported,0.510779,0.489221,0.021557,medhalt_reasoning_fct,test,incorrect_student_answer,2d29685eef6ec6f9fbd6
frozen_test,test_00186,supported,supported,0.512144,0.487856,0.024288,medhalt_reasoning_fct,test,correct_answer,2d29685eef6ec6f9fbd6
frozen_test,test_00187,hallucinated,supported,0.500427,0.499573,0.000853,medhalt_reasoning_fct,test,incorrect_student_answer,2d7f39b0845262b15173
frozen_test,test_00188,supported,hallucinated,0.498444,0.501556,0.003111,medhalt_reasoning_fct,test,correct_answer,2d7f39b0845262b15173
frozen_test,test_00189,hallucinated,supported,0.516002,0.483998,0.032004,medhalt_reasoning_fct,test,incorrect_student_answer,2d8e8a01becf3115eb56
frozen_test,test_00190,supported,supported,0.516002,0.483998,0.032004,medhalt_reasoning_fct,test,correct_answer,2d8e8a01becf3115eb56
frozen_test,test_00191,hallucinated,supported,0.548545,0.451455,0.097089,medhalt_reasoning_fct,test,incorrect_student_answer,2e1d835f9aaeb1172e0b
frozen_test,test_00192,supported,supported,0.564608,0.435392,0.129216,medhalt_reasoning_fct,test,correct_answer,2e1d835f9aaeb1172e0b
frozen_test,test_00193,hallucinated,hallucinated,0.477347,0.522653,0.045306,medhalt_reasoning_fct,test,incorrect_student_answer,2ebd15d99e8398964303
frozen_test,test_00194,supported,hallucinated,0.478353,0.521647,0.043294,medhalt_reasoning_fct,test,correct_answer,2ebd15d99e8398964303
frozen_test,test_00195,hallucinated,hallucinated,0.498749,0.501251,0.002503,medhalt_reasoning_fct,test,incorrect_student_answer,2fb41b0688657ba48b49
frozen_test,test_00196,supported,hallucinated,0.494262,0.505738,0.011475,medhalt_reasoning_fct,test,correct_answer,2fb41b0688657ba48b49
frozen_test,test_00197,hallucinated,hallucinated,0.486093,0.513907,0.027814,medhalt_reasoning_fct,test,incorrect_student_answer,30431d02b6ad8b2bc552
frozen_test,test_00198,supported,hallucinated,0.482581,0.517419,0.034837,medhalt_reasoning_fct,test,correct_answer,30431d02b6ad8b2bc552
frozen_test,test_00199,hallucinated,hallucinated,0.465088,0.534912,0.069824,medhalt_reasoning_fct,test,incorrect_student_answer,30f7fbad6b6be5cc1778
frozen_test,test_00200,supported,hallucinated,0.464705,0.535295,0.070591,medhalt_reasoning_fct,test,correct_answer,30f7fbad6b6be5cc1778
frozen_test,test_00201,hallucinated,supported,0.503321,0.496679,0.006642,medhalt_reasoning_fct,test,incorrect_student_answer,3155b7ca66abb8ecb5d1
frozen_test,test_00202,supported,supported,0.505693,0.494307,0.011386,medhalt_reasoning_fct,test,correct_answer,3155b7ca66abb8ecb5d1
frozen_test,test_00203,hallucinated,supported,0.533611,0.466389,0.067222,medhalt_reasoning_fct,test,incorrect_student_answer,31c1ec56f935f357093c
frozen_test,test_00204,supported,supported,0.560383,0.439617,0.120765,medhalt_reasoning_fct,test,correct_answer,31c1ec56f935f357093c
frozen_test,test_00205,hallucinated,supported,0.555134,0.444866,0.110267,medhalt_reasoning_fct,test,incorrect_student_answer,32c58b9eadfc6f517d36
frozen_test,test_00206,supported,supported,0.567942,0.432058,0.135883,medhalt_reasoning_fct,test,correct_answer,32c58b9eadfc6f517d36
frozen_test,test_00207,hallucinated,hallucinated,0.484482,0.515518,0.031037,medhalt_reasoning_fct,test,incorrect_student_answer,33cf0669f0f98ca791bb
frozen_test,test_00208,supported,hallucinated,0.483969,0.516031,0.032063,medhalt_reasoning_fct,test,correct_answer,33cf0669f0f98ca791bb
frozen_test,test_00209,hallucinated,supported,0.508541,0.491459,0.017082,medhalt_reasoning_fct,test,incorrect_student_answer,34160665a75e8d1d7c86
frozen_test,test_00210,supported,supported,0.504845,0.495155,0.00969,medhalt_reasoning_fct,test,correct_answer,34160665a75e8d1d7c86
frozen_test,test_00211,hallucinated,supported,0.507711,0.492289,0.015423,medhalt_reasoning_fct,test,incorrect_student_answer,349bf00872717b1a4d23
frozen_test,test_00212,supported,supported,0.505202,0.494798,0.010404,medhalt_reasoning_fct,test,correct_answer,349bf00872717b1a4d23
frozen_test,test_00213,hallucinated,hallucinated,0.450592,0.549408,0.098817,medhalt_reasoning_fct,test,incorrect_student_answer,34ff3f89ec2d7f7f0839
frozen_test,test_00214,supported,hallucinated,0.452523,0.547477,0.094954,medhalt_reasoning_fct,test,correct_answer,34ff3f89ec2d7f7f0839
frozen_test,test_00215,hallucinated,supported,0.501987,0.498013,0.003974,medhalt_reasoning_fct,test,incorrect_student_answer,35101c2d7f225125cfc6
frozen_test,test_00216,supported,supported,0.501466,0.498534,0.002932,medhalt_reasoning_fct,test,correct_answer,35101c2d7f225125cfc6
frozen_test,test_00217,hallucinated,supported,0.548033,0.451967,0.096067,medhalt_reasoning_fct,test,incorrect_student_answer,35b22da965f55f145577
frozen_test,test_00218,supported,supported,0.553884,0.446116,0.107769,medhalt_reasoning_fct,test,correct_answer,35b22da965f55f145577
frozen_test,test_00219,hallucinated,supported,0.51919,0.48081,0.038379,medhalt_reasoning_fct,test,incorrect_student_answer,363bf3a5e6eec1487e02
frozen_test,test_00220,supported,supported,0.525247,0.474753,0.050494,medhalt_reasoning_fct,test,correct_answer,363bf3a5e6eec1487e02
frozen_test,test_00221,hallucinated,hallucinated,0.480792,0.519208,0.038416,medhalt_reasoning_fct,test,incorrect_student_answer,365023bc6ef25fe8434b
frozen_test,test_00222,supported,hallucinated,0.481934,0.518066,0.036132,medhalt_reasoning_fct,test,correct_answer,365023bc6ef25fe8434b
frozen_test,test_00223,hallucinated,supported,0.539385,0.460615,0.07877,medhalt_reasoning_fct,test,incorrect_student_answer,3678785dbfdf22227e14
frozen_test,test_00224,supported,supported,0.538328,0.461672,0.076657,medhalt_reasoning_fct,test,correct_answer,3678785dbfdf22227e14
frozen_test,test_00225,hallucinated,hallucinated,0.475351,0.524649,0.049297,medhalt_reasoning_fct,test,incorrect_student_answer,36e60f35d5f7975dd155
frozen_test,test_00226,supported,hallucinated,0.474585,0.525415,0.050829,medhalt_reasoning_fct,test,correct_answer,36e60f35d5f7975dd155
frozen_test,test_00227,hallucinated,supported,0.50892,0.49108,0.01784,medhalt_reasoning_fct,test,incorrect_student_answer,37b9a1f0cfa3f2170398
frozen_test,test_00228,supported,supported,0.505919,0.494081,0.011838,medhalt_reasoning_fct,test,correct_answer,37b9a1f0cfa3f2170398
frozen_test,test_00229,hallucinated,hallucinated,0.469518,0.530482,0.060963,medhalt_reasoning_fct,test,incorrect_student_answer,380850ce94f178de8cc4
frozen_test,test_00230,supported,hallucinated,0.484203,0.515797,0.031594,medhalt_reasoning_fct,test,correct_answer,380850ce94f178de8cc4
frozen_test,test_00231,hallucinated,hallucinated,0.469674,0.530326,0.060652,medhalt_reasoning_fct,test,incorrect_student_answer,382dce50be37ed1834e6
frozen_test,test_00232,supported,hallucinated,0.465081,0.534919,0.069838,medhalt_reasoning_fct,test,correct_answer,382dce50be37ed1834e6
frozen_test,test_00233,hallucinated,supported,0.542993,0.457007,0.085985,medhalt_reasoning_fct,test,incorrect_student_answer,3868ee9b7e690523983a
frozen_test,test_00234,supported,supported,0.546521,0.453479,0.093043,medhalt_reasoning_fct,test,correct_answer,3868ee9b7e690523983a
frozen_test,test_00235,hallucinated,supported,0.518178,0.481822,0.036356,medhalt_reasoning_fct,test,incorrect_student_answer,39eb9ff6daab57f31c08
frozen_test,test_00236,supported,supported,0.514593,0.485407,0.029187,medhalt_reasoning_fct,test,correct_answer,39eb9ff6daab57f31c08
frozen_test,test_00237,hallucinated,hallucinated,0.426149,0.573851,0.147703,medhalt_reasoning_fct,test,incorrect_student_answer,3ba788fa2b0703a2d8ba
frozen_test,test_00238,supported,hallucinated,0.420185,0.579815,0.15963,medhalt_reasoning_fct,test,correct_answer,3ba788fa2b0703a2d8ba
frozen_test,test_00239,hallucinated,supported,0.503244,0.496756,0.006487,medhalt_reasoning_fct,test,incorrect_student_answer,3bf5d4c20eff8af3304e
frozen_test,test_00240,supported,hallucinated,0.497595,0.502405,0.004811,medhalt_reasoning_fct,test,correct_answer,3bf5d4c20eff8af3304e
frozen_test,test_00241,hallucinated,hallucinated,0.494708,0.505292,0.010584,medhalt_reasoning_fct,test,incorrect_student_answer,3c2845695552c5f9b208
frozen_test,test_00242,supported,hallucinated,0.495127,0.504873,0.009745,medhalt_reasoning_fct,test,correct_answer,3c2845695552c5f9b208
frozen_test,test_00243,hallucinated,supported,0.53281,0.46719,0.065621,medhalt_reasoning_fct,test,incorrect_student_answer,3ca073f95554503e5a73
frozen_test,test_00244,supported,supported,0.543647,0.456353,0.087293,medhalt_reasoning_fct,test,correct_answer,3ca073f95554503e5a73
frozen_test,test_00245,hallucinated,supported,0.516284,0.483716,0.032567,medhalt_reasoning_fct,test,incorrect_student_answer,3cae8d03ae70925e0c34
frozen_test,test_00246,supported,supported,0.514271,0.485729,0.028542,medhalt_reasoning_fct,test,correct_answer,3cae8d03ae70925e0c34
frozen_test,test_00247,hallucinated,supported,0.531153,0.468847,0.062307,medhalt_reasoning_fct,test,incorrect_student_answer,3e7a8a540fcaf19ed454
frozen_test,test_00248,supported,supported,0.549614,0.450386,0.099228,medhalt_reasoning_fct,test,correct_answer,3e7a8a540fcaf19ed454
frozen_test,test_00249,hallucinated,hallucinated,0.493404,0.506596,0.013193,medhalt_reasoning_fct,test,incorrect_student_answer,3eb5feb9142a4546ad0c
frozen_test,test_00250,supported,hallucinated,0.494439,0.505561,0.011123,medhalt_reasoning_fct,test,correct_answer,3eb5feb9142a4546ad0c
frozen_test,test_00251,hallucinated,supported,0.517369,0.482631,0.034738,medhalt_reasoning_fct,test,incorrect_student_answer,3ec80eef765de094bdf1
frozen_test,test_00252,supported,supported,0.512801,0.487199,0.025601,medhalt_reasoning_fct,test,correct_answer,3ec80eef765de094bdf1
frozen_test,test_00253,hallucinated,hallucinated,0.496841,0.503159,0.006319,medhalt_reasoning_fct,test,incorrect_student_answer,3ee9db172e925d6c87b1
frozen_test,test_00254,supported,hallucinated,0.495604,0.504396,0.008791,medhalt_reasoning_fct,test,correct_answer,3ee9db172e925d6c87b1
frozen_test,test_00255,hallucinated,hallucinated,0.48872,0.51128,0.022559,medhalt_reasoning_fct,test,incorrect_student_answer,3f20b6552746e07fb3c2
frozen_test,test_00256,supported,supported,0.50079,0.49921,0.001579,medhalt_reasoning_fct,test,correct_answer,3f20b6552746e07fb3c2
frozen_test,test_00257,hallucinated,hallucinated,0.466397,0.533603,0.067207,medhalt_reasoning_fct,test,incorrect_student_answer,3f3f6766e8ba6abf3dfb
frozen_test,test_00258,supported,hallucinated,0.468509,0.531491,0.062982,medhalt_reasoning_fct,test,correct_answer,3f3f6766e8ba6abf3dfb
frozen_test,test_00259,hallucinated,hallucinated,0.429053,0.570947,0.141895,medhalt_reasoning_fct,test,incorrect_student_answer,3f3fef5200010f2fed0f
frozen_test,test_00260,supported,hallucinated,0.429053,0.570947,0.141895,medhalt_reasoning_fct,test,correct_answer,3f3fef5200010f2fed0f
frozen_test,test_00261,hallucinated,supported,0.517312,0.482688,0.034623,medhalt_reasoning_fct,test,incorrect_student_answer,3f56604e31a81648a4e1
frozen_test,test_00262,supported,supported,0.517312,0.482688,0.034623,medhalt_reasoning_fct,test,correct_answer,3f56604e31a81648a4e1
frozen_test,test_00263,hallucinated,hallucinated,0.491557,0.508443,0.016886,medhalt_reasoning_fct,test,incorrect_student_answer,3f75e25aed80636625f7
frozen_test,test_00264,supported,hallucinated,0.491732,0.508268,0.016535,medhalt_reasoning_fct,test,correct_answer,3f75e25aed80636625f7
frozen_test,test_00265,hallucinated,hallucinated,0.468812,0.531188,0.062376,medhalt_reasoning_fct,test,incorrect_student_answer,41068f8e995a45c4ef24
frozen_test,test_00266,supported,hallucinated,0.468774,0.531226,0.062452,medhalt_reasoning_fct,test,correct_answer,41068f8e995a45c4ef24
frozen_test,test_00267,hallucinated,hallucinated,0.491418,0.508582,0.017163,medhalt_reasoning_fct,test,incorrect_student_answer,41f03fbbc5ae7ea41f31
frozen_test,test_00268,supported,supported,0.500519,0.499481,0.001038,medhalt_reasoning_fct,test,correct_answer,41f03fbbc5ae7ea41f31
frozen_test,test_00269,hallucinated,hallucinated,0.497699,0.502301,0.004603,medhalt_reasoning_fct,test,incorrect_student_answer,41f68d128b3b2b6b4f45
frozen_test,test_00270,supported,supported,0.501688,0.498312,0.003376,medhalt_reasoning_fct,test,correct_answer,41f68d128b3b2b6b4f45
frozen_test,test_00271,hallucinated,hallucinated,0.486115,0.513885,0.027769,medhalt_reasoning_fct,test,incorrect_student_answer,420641d0f65abf097732
frozen_test,test_00272,supported,hallucinated,0.48364,0.51636,0.032721,medhalt_reasoning_fct,test,correct_answer,420641d0f65abf097732
frozen_test,test_00273,hallucinated,supported,0.537518,0.462482,0.075035,medhalt_reasoning_fct,test,incorrect_student_answer,42569fb12486e2e8ac11
frozen_test,test_00274,supported,supported,0.540359,0.459641,0.080717,medhalt_reasoning_fct,test,correct_answer,42569fb12486e2e8ac11
frozen_test,test_00275,hallucinated,supported,0.532606,0.467394,0.065212,medhalt_reasoning_fct,test,incorrect_student_answer,4278fe1830ce6fa76bbf
frozen_test,test_00276,supported,supported,0.522791,0.477209,0.045582,medhalt_reasoning_fct,test,correct_answer,4278fe1830ce6fa76bbf
frozen_test,test_00277,hallucinated,hallucinated,0.470582,0.529418,0.058835,medhalt_reasoning_fct,test,incorrect_student_answer,43651d57040240e4299a
frozen_test,test_00278,supported,hallucinated,0.473379,0.526621,0.053243,medhalt_reasoning_fct,test,correct_answer,43651d57040240e4299a
frozen_test,test_00279,hallucinated,supported,0.532727,0.467273,0.065454,medhalt_reasoning_fct,test,incorrect_student_answer,43dfa2db7d60cfa79278
frozen_test,test_00280,supported,supported,0.53458,0.46542,0.069161,medhalt_reasoning_fct,test,correct_answer,43dfa2db7d60cfa79278
frozen_test,test_00281,hallucinated,hallucinated,0.477286,0.522714,0.045429,medhalt_reasoning_fct,test,incorrect_student_answer,447618b080837b2a6f05
frozen_test,test_00282,supported,hallucinated,0.481308,0.518692,0.037383,medhalt_reasoning_fct,test,correct_answer,447618b080837b2a6f05
frozen_test,test_00283,hallucinated,hallucinated,0.492605,0.507395,0.01479,medhalt_reasoning_fct,test,incorrect_student_answer,45543f952706d1943b6d
frozen_test,test_00284,supported,hallucinated,0.490109,0.509891,0.019782,medhalt_reasoning_fct,test,correct_answer,45543f952706d1943b6d
frozen_test,test_00285,hallucinated,hallucinated,0.465515,0.534485,0.06897,medhalt_reasoning_fct,test,incorrect_student_answer,459b4623df020f2d18a6
frozen_test,test_00286,supported,hallucinated,0.464936,0.535064,0.070129,medhalt_reasoning_fct,test,correct_answer,459b4623df020f2d18a6
frozen_test,test_00287,hallucinated,hallucinated,0.488336,0.511664,0.023328,medhalt_reasoning_fct,test,incorrect_student_answer,45d40dcb8acf5d0abdda
frozen_test,test_00288,supported,hallucinated,0.488205,0.511795,0.02359,medhalt_reasoning_fct,test,correct_answer,45d40dcb8acf5d0abdda
frozen_test,test_00289,hallucinated,supported,0.649592,0.350408,0.299183,medhalt_reasoning_fct,test,incorrect_student_answer,4716e0c370387dfd42dd
frozen_test,test_00290,supported,supported,0.649592,0.350408,0.299183,medhalt_reasoning_fct,test,correct_answer,4716e0c370387dfd42dd
frozen_test,test_00291,hallucinated,supported,0.510566,0.489434,0.021132,medhalt_reasoning_fct,test,incorrect_student_answer,475ef4f87e4d28fd6362
frozen_test,test_00292,supported,supported,0.511019,0.488981,0.022038,medhalt_reasoning_fct,test,correct_answer,475ef4f87e4d28fd6362
frozen_test,test_00293,hallucinated,supported,0.564717,0.435283,0.129434,medhalt_reasoning_fct,test,incorrect_student_answer,47e2a0990a436e4b107a
frozen_test,test_00294,supported,supported,0.564717,0.435283,0.129434,medhalt_reasoning_fct,test,correct_answer,47e2a0990a436e4b107a
frozen_test,test_00295,hallucinated,supported,0.501147,0.498853,0.002294,medhalt_reasoning_fct,test,incorrect_student_answer,4879dfcce3836f153ff2
frozen_test,test_00296,supported,supported,0.501176,0.498824,0.002352,medhalt_reasoning_fct,test,correct_answer,4879dfcce3836f153ff2
frozen_test,test_00297,hallucinated,supported,0.51596,0.48404,0.03192,medhalt_reasoning_fct,test,incorrect_student_answer,48b3fd9c3df5bc54c6df
frozen_test,test_00298,supported,supported,0.521144,0.478856,0.042289,medhalt_reasoning_fct,test,correct_answer,48b3fd9c3df5bc54c6df
frozen_test,test_00299,hallucinated,hallucinated,0.467554,0.532446,0.064892,medhalt_reasoning_fct,test,incorrect_student_answer,48f3be631fb76f79d78a
frozen_test,test_00300,supported,hallucinated,0.464199,0.535801,0.071601,medhalt_reasoning_fct,test,correct_answer,48f3be631fb76f79d78a
frozen_test,test_00301,hallucinated,hallucinated,0.486275,0.513725,0.027451,medhalt_reasoning_fct,test,incorrect_student_answer,4962e3d103d0c0fa6f62
frozen_test,test_00302,supported,hallucinated,0.487385,0.512615,0.025229,medhalt_reasoning_fct,test,correct_answer,4962e3d103d0c0fa6f62
frozen_test,test_00303,hallucinated,supported,0.523851,0.476149,0.047702,medhalt_reasoning_fct,test,incorrect_student_answer,497f2a56d78e7b88ec0a
frozen_test,test_00304,supported,supported,0.508212,0.491788,0.016424,medhalt_reasoning_fct,test,correct_answer,497f2a56d78e7b88ec0a
frozen_test,test_00305,hallucinated,hallucinated,0.498619,0.501381,0.002762,medhalt_reasoning_fct,test,incorrect_student_answer,4981253c4abca54544f1
frozen_test,test_00306,supported,hallucinated,0.497432,0.502568,0.005137,medhalt_reasoning_fct,test,correct_answer,4981253c4abca54544f1
frozen_test,test_00307,hallucinated,supported,0.529808,0.470192,0.059616,medhalt_reasoning_fct,test,incorrect_student_answer,499d1c63567debfc3cde
frozen_test,test_00308,supported,supported,0.536432,0.463568,0.072865,medhalt_reasoning_fct,test,correct_answer,499d1c63567debfc3cde
frozen_test,test_00309,hallucinated,supported,0.52893,0.47107,0.05786,medhalt_reasoning_fct,test,incorrect_student_answer,4a488ec563d65d440d24
frozen_test,test_00310,supported,supported,0.535087,0.464913,0.070174,medhalt_reasoning_fct,test,correct_answer,4a488ec563d65d440d24
frozen_test,test_00311,hallucinated,hallucinated,0.490009,0.509991,0.019982,medhalt_reasoning_fct,test,incorrect_student_answer,4b60872dc5fa35f38bfd
frozen_test,test_00312,supported,hallucinated,0.48956,0.51044,0.02088,medhalt_reasoning_fct,test,correct_answer,4b60872dc5fa35f38bfd
frozen_test,test_00313,hallucinated,hallucinated,0.482472,0.517528,0.035057,medhalt_reasoning_fct,test,incorrect_student_answer,4b830737d666cc08a5cd
frozen_test,test_00314,supported,hallucinated,0.481516,0.518484,0.036969,medhalt_reasoning_fct,test,correct_answer,4b830737d666cc08a5cd
frozen_test,test_00315,hallucinated,hallucinated,0.472457,0.527543,0.055086,medhalt_reasoning_fct,test,incorrect_student_answer,4bd37f76c8e174dc6411
frozen_test,test_00316,supported,hallucinated,0.472565,0.527435,0.05487,medhalt_reasoning_fct,test,correct_answer,4bd37f76c8e174dc6411
frozen_test,test_00317,hallucinated,hallucinated,0.497519,0.502481,0.004961,medhalt_reasoning_fct,test,incorrect_student_answer,4bf5885a8406e3e55c41
frozen_test,test_00318,supported,hallucinated,0.49659,0.50341,0.006821,medhalt_reasoning_fct,test,correct_answer,4bf5885a8406e3e55c41
frozen_test,test_00319,hallucinated,hallucinated,0.492408,0.507592,0.015183,medhalt_reasoning_fct,test,incorrect_student_answer,4cd060404ca048d6501f
frozen_test,test_00320,supported,hallucinated,0.496104,0.503896,0.007792,medhalt_reasoning_fct,test,correct_answer,4cd060404ca048d6501f
frozen_test,test_00321,hallucinated,hallucinated,0.487712,0.512288,0.024577,medhalt_reasoning_fct,test,incorrect_student_answer,4d626752c349fd0472f5
frozen_test,test_00322,supported,hallucinated,0.488773,0.511227,0.022453,medhalt_reasoning_fct,test,correct_answer,4d626752c349fd0472f5
frozen_test,test_00323,hallucinated,supported,0.549157,0.450843,0.098314,medhalt_reasoning_fct,test,incorrect_student_answer,4d7bff04eae25379f179
frozen_test,test_00324,supported,supported,0.539035,0.460965,0.07807,medhalt_reasoning_fct,test,correct_answer,4d7bff04eae25379f179
frozen_test,test_00325,hallucinated,supported,0.566567,0.433433,0.133134,medhalt_reasoning_fct,test,incorrect_student_answer,4da4dfae648257ae0c30
frozen_test,test_00326,supported,supported,0.566567,0.433433,0.133134,medhalt_reasoning_fct,test,correct_answer,4da4dfae648257ae0c30
frozen_test,test_00327,hallucinated,hallucinated,0.485239,0.514761,0.029521,medhalt_reasoning_fct,test,incorrect_student_answer,4de7c2f20eb189b880db
frozen_test,test_00328,supported,hallucinated,0.485131,0.514869,0.029738,medhalt_reasoning_fct,test,correct_answer,4de7c2f20eb189b880db
frozen_test,test_00329,hallucinated,hallucinated,0.495018,0.504982,0.009964,medhalt_reasoning_fct,test,incorrect_student_answer,4eaa996668c5f390573d
frozen_test,test_00330,supported,hallucinated,0.495311,0.504689,0.009377,medhalt_reasoning_fct,test,correct_answer,4eaa996668c5f390573d
frozen_test,test_00331,hallucinated,supported,0.514113,0.485887,0.028226,medhalt_reasoning_fct,test,incorrect_student_answer,4ec6e37ca9a58d9ced07
frozen_test,test_00332,supported,supported,0.52484,0.47516,0.04968,medhalt_reasoning_fct,test,correct_answer,4ec6e37ca9a58d9ced07
frozen_test,test_00333,hallucinated,hallucinated,0.495322,0.504678,0.009357,medhalt_reasoning_fct,test,incorrect_student_answer,4f522ca6ecb89a91f434
frozen_test,test_00334,supported,hallucinated,0.495322,0.504678,0.009357,medhalt_reasoning_fct,test,correct_answer,4f522ca6ecb89a91f434
frozen_test,test_00335,hallucinated,supported,0.564961,0.435039,0.129922,medhalt_reasoning_fct,test,incorrect_student_answer,4f929fd1fab6198cad31
frozen_test,test_00336,supported,supported,0.564961,0.435039,0.129922,medhalt_reasoning_fct,test,correct_answer,4f929fd1fab6198cad31
frozen_test,test_00337,hallucinated,hallucinated,0.481194,0.518806,0.037612,medhalt_reasoning_fct,test,incorrect_student_answer,4fdf9a3b96dcdcc2faa4
frozen_test,test_00338,supported,hallucinated,0.477805,0.522195,0.04439,medhalt_reasoning_fct,test,correct_answer,4fdf9a3b96dcdcc2faa4
frozen_test,test_00339,hallucinated,supported,0.507345,0.492655,0.01469,medhalt_reasoning_fct,test,incorrect_student_answer,50591d4a3f7e84f8ac21
frozen_test,test_00340,supported,supported,0.507835,0.492165,0.015669,medhalt_reasoning_fct,test,correct_answer,50591d4a3f7e84f8ac21
frozen_test,test_00341,hallucinated,supported,0.529399,0.470601,0.058798,medhalt_reasoning_fct,test,incorrect_student_answer,50cbe49808c6e985f411
frozen_test,test_00342,supported,supported,0.529399,0.470601,0.058798,medhalt_reasoning_fct,test,correct_answer,50cbe49808c6e985f411
frozen_test,test_00343,hallucinated,hallucinated,0.470344,0.529656,0.059311,medhalt_reasoning_fct,test,incorrect_student_answer,50cc14a309807d5d0fed
frozen_test,test_00344,supported,hallucinated,0.480644,0.519356,0.038713,medhalt_reasoning_fct,test,correct_answer,50cc14a309807d5d0fed
frozen_test,test_00345,hallucinated,supported,0.525504,0.474496,0.051008,medhalt_reasoning_fct,test,incorrect_student_answer,522bd15ba4fd44476853
frozen_test,test_00346,supported,supported,0.528345,0.471655,0.056691,medhalt_reasoning_fct,test,correct_answer,522bd15ba4fd44476853
frozen_test,test_00347,hallucinated,supported,0.505408,0.494592,0.010817,medhalt_reasoning_fct,test,incorrect_student_answer,523ee651f40a8c7e72c1
frozen_test,test_00348,supported,supported,0.501136,0.498864,0.002273,medhalt_reasoning_fct,test,correct_answer,523ee651f40a8c7e72c1
frozen_test,test_00349,hallucinated,supported,0.507044,0.492956,0.014088,medhalt_reasoning_fct,test,incorrect_student_answer,52ba1d6f3fbea0f78c52
frozen_test,test_00350,supported,supported,0.506844,0.493156,0.013689,medhalt_reasoning_fct,test,correct_answer,52ba1d6f3fbea0f78c52
frozen_test,test_00351,hallucinated,supported,0.50103,0.49897,0.00206,medhalt_reasoning_fct,test,incorrect_student_answer,5304a9cae7f7295021e9
frozen_test,test_00352,supported,supported,0.508129,0.491871,0.016258,medhalt_reasoning_fct,test,correct_answer,5304a9cae7f7295021e9
frozen_test,test_00353,hallucinated,hallucinated,0.449416,0.550584,0.101169,medhalt_reasoning_fct,test,incorrect_student_answer,535cac5ba231d62cbc61
frozen_test,test_00354,supported,hallucinated,0.480795,0.519205,0.038409,medhalt_reasoning_fct,test,correct_answer,535cac5ba231d62cbc61
frozen_test,test_00355,hallucinated,hallucinated,0.497569,0.502431,0.004861,medhalt_reasoning_fct,test,incorrect_student_answer,536b2e257472143921ee
frozen_test,test_00356,supported,supported,0.501691,0.498309,0.003383,medhalt_reasoning_fct,test,correct_answer,536b2e257472143921ee
frozen_test,test_00357,hallucinated,supported,0.559609,0.440391,0.119217,medhalt_reasoning_fct,test,incorrect_student_answer,538dc89448361f06b336
frozen_test,test_00358,supported,supported,0.559609,0.440391,0.119217,medhalt_reasoning_fct,test,correct_answer,538dc89448361f06b336
frozen_test,test_00359,hallucinated,hallucinated,0.498146,0.501854,0.003708,medhalt_reasoning_fct,test,incorrect_student_answer,545830cc3bc404aebf03
frozen_test,test_00360,supported,hallucinated,0.495092,0.504908,0.009816,medhalt_reasoning_fct,test,correct_answer,545830cc3bc404aebf03
frozen_test,test_00361,hallucinated,supported,0.512362,0.487638,0.024724,medhalt_reasoning_fct,test,incorrect_student_answer,54654fcd7b1b5bacdd21
frozen_test,test_00362,supported,supported,0.510169,0.489831,0.020338,medhalt_reasoning_fct,test,correct_answer,54654fcd7b1b5bacdd21
frozen_test,test_00363,hallucinated,hallucinated,0.494722,0.505278,0.010556,medhalt_reasoning_fct,test,incorrect_student_answer,55a511f7434542508804
frozen_test,test_00364,supported,hallucinated,0.499185,0.500815,0.001629,medhalt_reasoning_fct,test,correct_answer,55a511f7434542508804
frozen_test,test_00365,hallucinated,hallucinated,0.452258,0.547742,0.095484,medhalt_reasoning_fct,test,incorrect_student_answer,5679b26015563b38f997
frozen_test,test_00366,supported,hallucinated,0.435111,0.564889,0.129778,medhalt_reasoning_fct,test,correct_answer,5679b26015563b38f997
frozen_test,test_00367,hallucinated,hallucinated,0.484979,0.515021,0.030041,medhalt_reasoning_fct,test,incorrect_student_answer,5799d9f78402e0f1e3a5
frozen_test,test_00368,supported,hallucinated,0.492154,0.507846,0.015693,medhalt_reasoning_fct,test,correct_answer,5799d9f78402e0f1e3a5
frozen_test,test_00369,hallucinated,hallucinated,0.49222,0.50778,0.015559,medhalt_reasoning_fct,test,incorrect_student_answer,57c60b79c51810f72437
frozen_test,test_00370,supported,hallucinated,0.491463,0.508537,0.017074,medhalt_reasoning_fct,test,correct_answer,57c60b79c51810f72437
frozen_test,test_00371,hallucinated,hallucinated,0.445791,0.554209,0.108418,medhalt_reasoning_fct,test,incorrect_student_answer,5809573df46e5034536f
frozen_test,test_00372,supported,hallucinated,0.445477,0.554523,0.109047,medhalt_reasoning_fct,test,correct_answer,5809573df46e5034536f
frozen_test,test_00373,hallucinated,supported,0.505472,0.494528,0.010944,medhalt_reasoning_fct,test,incorrect_student_answer,585bb024457663aa0a66
frozen_test,test_00374,supported,supported,0.507213,0.492787,0.014426,medhalt_reasoning_fct,test,correct_answer,585bb024457663aa0a66
frozen_test,test_00375,hallucinated,supported,0.521231,0.478769,0.042462,medhalt_reasoning_fct,test,incorrect_student_answer,58cf2855c14def25397e
frozen_test,test_00376,supported,supported,0.517269,0.482731,0.034537,medhalt_reasoning_fct,test,correct_answer,58cf2855c14def25397e
frozen_test,test_00377,hallucinated,supported,0.53588,0.46412,0.07176,medhalt_reasoning_fct,test,incorrect_student_answer,5a5cc4320fdce41af0db
frozen_test,test_00378,supported,supported,0.530341,0.469659,0.060683,medhalt_reasoning_fct,test,correct_answer,5a5cc4320fdce41af0db
frozen_test,test_00379,hallucinated,supported,0.528265,0.471735,0.05653,medhalt_reasoning_fct,test,incorrect_student_answer,5a83eaff02c6620042c8
frozen_test,test_00380,supported,supported,0.522119,0.477881,0.044237,medhalt_reasoning_fct,test,correct_answer,5a83eaff02c6620042c8
frozen_test,test_00381,hallucinated,hallucinated,0.448747,0.551253,0.102507,medhalt_reasoning_fct,test,incorrect_student_answer,5b597e20e152782c3b43
frozen_test,test_00382,supported,hallucinated,0.484847,0.515153,0.030306,medhalt_reasoning_fct,test,correct_answer,5b597e20e152782c3b43
frozen_test,test_00383,hallucinated,hallucinated,0.497734,0.502266,0.004532,medhalt_reasoning_fct,test,incorrect_student_answer,5bdbca071e2643e39a0d
frozen_test,test_00384,supported,hallucinated,0.49977,0.50023,0.00046,medhalt_reasoning_fct,test,correct_answer,5bdbca071e2643e39a0d
frozen_test,test_00385,hallucinated,supported,0.535544,0.464456,0.071089,medhalt_reasoning_fct,test,incorrect_student_answer,5c432757a730ba46dc50
frozen_test,test_00386,supported,supported,0.534084,0.465916,0.068168,medhalt_reasoning_fct,test,correct_answer,5c432757a730ba46dc50
frozen_test,test_00387,hallucinated,hallucinated,0.486895,0.513105,0.02621,medhalt_reasoning_fct,test,incorrect_student_answer,5d2aa35929010f083fd9
frozen_test,test_00388,supported,hallucinated,0.486347,0.513653,0.027307,medhalt_reasoning_fct,test,correct_answer,5d2aa35929010f083fd9
frozen_test,test_00389,hallucinated,supported,0.504389,0.495611,0.008778,medhalt_reasoning_fct,test,incorrect_student_answer,5d32ab69d3a8ce1c868d
frozen_test,test_00390,supported,supported,0.503619,0.496381,0.007239,medhalt_reasoning_fct,test,correct_answer,5d32ab69d3a8ce1c868d
frozen_test,test_00391,hallucinated,supported,0.500499,0.499501,0.000997,medhalt_reasoning_fct,test,incorrect_student_answer,5d8ec3fbaeca3191d153
frozen_test,test_00392,supported,supported,0.500499,0.499501,0.000997,medhalt_reasoning_fct,test,correct_answer,5d8ec3fbaeca3191d153
frozen_test,test_00393,hallucinated,hallucinated,0.472805,0.527195,0.054391,medhalt_reasoning_fct,test,incorrect_student_answer,5d9647bdfcb253814735
frozen_test,test_00394,supported,hallucinated,0.472693,0.527307,0.054613,medhalt_reasoning_fct,test,correct_answer,5d9647bdfcb253814735
frozen_test,test_00395,hallucinated,supported,0.507775,0.492225,0.01555,medhalt_reasoning_fct,test,incorrect_student_answer,5d9f39946cba25aafb01
frozen_test,test_00396,supported,supported,0.510902,0.489098,0.021804,medhalt_reasoning_fct,test,correct_answer,5d9f39946cba25aafb01
frozen_test,test_00397,hallucinated,hallucinated,0.483061,0.516939,0.033879,medhalt_reasoning_fct,test,incorrect_student_answer,5dacd654716748a8be0b
frozen_test,test_00398,supported,hallucinated,0.487341,0.512659,0.025317,medhalt_reasoning_fct,test,correct_answer,5dacd654716748a8be0b
frozen_test,test_00399,hallucinated,hallucinated,0.498297,0.501703,0.003407,medhalt_reasoning_fct,test,incorrect_student_answer,5ddd0867055fdb98ec9a
frozen_test,test_00400,supported,hallucinated,0.494973,0.505027,0.010053,medhalt_reasoning_fct,test,correct_answer,5ddd0867055fdb98ec9a
frozen_test,test_00401,hallucinated,hallucinated,0.48173,0.51827,0.036539,medhalt_reasoning_fct,test,incorrect_student_answer,5e02da357c664c40db09
frozen_test,test_00402,supported,hallucinated,0.481381,0.518619,0.037239,medhalt_reasoning_fct,test,correct_answer,5e02da357c664c40db09
frozen_test,test_00403,hallucinated,hallucinated,0.487744,0.512256,0.024512,medhalt_reasoning_fct,test,incorrect_student_answer,5e1f05a8caf18da1db47
frozen_test,test_00404,supported,hallucinated,0.487208,0.512792,0.025583,medhalt_reasoning_fct,test,correct_answer,5e1f05a8caf18da1db47
frozen_test,test_00405,hallucinated,supported,0.544788,0.455212,0.089576,medhalt_reasoning_fct,test,incorrect_student_answer,5e790642782aada0db01
frozen_test,test_00406,supported,supported,0.544788,0.455212,0.089576,medhalt_reasoning_fct,test,correct_answer,5e790642782aada0db01
frozen_test,test_00407,hallucinated,supported,0.524795,0.475205,0.049591,medhalt_reasoning_fct,test,incorrect_student_answer,60d3b15c0a89f01a1c99
frozen_test,test_00408,supported,supported,0.532011,0.467989,0.064022,medhalt_reasoning_fct,test,correct_answer,60d3b15c0a89f01a1c99
frozen_test,test_00409,hallucinated,hallucinated,0.471855,0.528145,0.05629,medhalt_reasoning_fct,test,incorrect_student_answer,611e1836a2527d5e1dbb
frozen_test,test_00410,supported,hallucinated,0.472971,0.527029,0.054058,medhalt_reasoning_fct,test,correct_answer,611e1836a2527d5e1dbb
frozen_test,test_00411,hallucinated,supported,0.522519,0.477481,0.045039,medhalt_reasoning_fct,test,incorrect_student_answer,61376453d0a2ceef3d67
frozen_test,test_00412,supported,supported,0.519495,0.480505,0.038991,medhalt_reasoning_fct,test,correct_answer,61376453d0a2ceef3d67
frozen_test,test_00413,hallucinated,hallucinated,0.467614,0.532386,0.064772,medhalt_reasoning_fct,test,incorrect_student_answer,61eb84f58ba607667b71
frozen_test,test_00414,supported,hallucinated,0.465368,0.534632,0.069264,medhalt_reasoning_fct,test,correct_answer,61eb84f58ba607667b71
frozen_test,test_00415,hallucinated,hallucinated,0.418134,0.581866,0.163733,medhalt_reasoning_fct,test,incorrect_student_answer,61ebe1adcd2c19d9aa12
frozen_test,test_00416,supported,hallucinated,0.418269,0.581731,0.163462,medhalt_reasoning_fct,test,correct_answer,61ebe1adcd2c19d9aa12
frozen_test,test_00417,hallucinated,hallucinated,0.488136,0.511864,0.023729,medhalt_reasoning_fct,test,incorrect_student_answer,6215cd6935d86771683a
frozen_test,test_00418,supported,hallucinated,0.486078,0.513922,0.027845,medhalt_reasoning_fct,test,correct_answer,6215cd6935d86771683a
frozen_test,test_00419,hallucinated,hallucinated,0.494413,0.505587,0.011173,medhalt_reasoning_fct,test,incorrect_student_answer,6436ab070792f8b16e0c
frozen_test,test_00420,supported,hallucinated,0.494654,0.505346,0.010692,medhalt_reasoning_fct,test,correct_answer,6436ab070792f8b16e0c
frozen_test,test_00421,hallucinated,hallucinated,0.49772,0.50228,0.00456,medhalt_reasoning_fct,test,incorrect_student_answer,649e3567733cc483463b
frozen_test,test_00422,supported,hallucinated,0.497042,0.502958,0.005917,medhalt_reasoning_fct,test,correct_answer,649e3567733cc483463b
frozen_test,test_00423,hallucinated,supported,0.554662,0.445338,0.109324,medhalt_reasoning_fct,test,incorrect_student_answer,657e4f607601c2b1a567
frozen_test,test_00424,supported,supported,0.554662,0.445338,0.109324,medhalt_reasoning_fct,test,correct_answer,657e4f607601c2b1a567
frozen_test,test_00425,hallucinated,hallucinated,0.477309,0.522691,0.045382,medhalt_reasoning_fct,test,incorrect_student_answer,661b6e812fb69f0838b7
frozen_test,test_00426,supported,hallucinated,0.477679,0.522321,0.044641,medhalt_reasoning_fct,test,correct_answer,661b6e812fb69f0838b7
frozen_test,test_00427,hallucinated,supported,0.621775,0.378225,0.24355,medhalt_reasoning_fct,test,incorrect_student_answer,66c03bb8f6b595804096
frozen_test,test_00428,supported,supported,0.619678,0.380322,0.239355,medhalt_reasoning_fct,test,correct_answer,66c03bb8f6b595804096
frozen_test,test_00429,hallucinated,hallucinated,0.473633,0.526367,0.052733,medhalt_reasoning_fct,test,incorrect_student_answer,66c96849b3a7c91b72c1
frozen_test,test_00430,supported,hallucinated,0.473059,0.526941,0.053883,medhalt_reasoning_fct,test,correct_answer,66c96849b3a7c91b72c1
frozen_test,test_00431,hallucinated,hallucinated,0.48811,0.51189,0.02378,medhalt_reasoning_fct,test,incorrect_student_answer,66e09ef64def2380a494
frozen_test,test_00432,supported,hallucinated,0.486332,0.513668,0.027336,medhalt_reasoning_fct,test,correct_answer,66e09ef64def2380a494
frozen_test,test_00433,hallucinated,hallucinated,0.480758,0.519242,0.038483,medhalt_reasoning_fct,test,incorrect_student_answer,67d546e0aee63b813772
frozen_test,test_00434,supported,hallucinated,0.479581,0.520419,0.040838,medhalt_reasoning_fct,test,correct_answer,67d546e0aee63b813772
frozen_test,test_00435,hallucinated,hallucinated,0.476079,0.523921,0.047842,medhalt_reasoning_fct,test,incorrect_student_answer,6825c6d35154bfec89e3
frozen_test,test_00436,supported,hallucinated,0.474697,0.525303,0.050607,medhalt_reasoning_fct,test,correct_answer,6825c6d35154bfec89e3
frozen_test,test_00437,hallucinated,hallucinated,0.436407,0.563593,0.127186,medhalt_reasoning_fct,test,incorrect_student_answer,69830715abfdf85c9f05
frozen_test,test_00438,supported,hallucinated,0.436906,0.563094,0.126187,medhalt_reasoning_fct,test,correct_answer,69830715abfdf85c9f05
frozen_test,test_00439,hallucinated,supported,0.501292,0.498708,0.002584,medhalt_reasoning_fct,test,incorrect_student_answer,6a66c41fc1762cbcf6a6
frozen_test,test_00440,supported,hallucinated,0.494737,0.505263,0.010525,medhalt_reasoning_fct,test,correct_answer,6a66c41fc1762cbcf6a6
frozen_test,test_00441,hallucinated,hallucinated,0.493694,0.506306,0.012612,medhalt_reasoning_fct,test,incorrect_student_answer,6aa3588db5fe33adaad9
frozen_test,test_00442,supported,hallucinated,0.49691,0.50309,0.00618,medhalt_reasoning_fct,test,correct_answer,6aa3588db5fe33adaad9
frozen_test,test_00443,hallucinated,hallucinated,0.463376,0.536624,0.073249,medhalt_reasoning_fct,test,incorrect_student_answer,6baf92163806693161e8
frozen_test,test_00444,supported,hallucinated,0.471044,0.528956,0.057913,medhalt_reasoning_fct,test,correct_answer,6baf92163806693161e8
frozen_test,test_00445,hallucinated,supported,0.514104,0.485896,0.028209,medhalt_reasoning_fct,test,incorrect_student_answer,6c0a390ea13677df5bba
frozen_test,test_00446,supported,supported,0.514184,0.485816,0.028368,medhalt_reasoning_fct,test,correct_answer,6c0a390ea13677df5bba
frozen_test,test_00447,hallucinated,hallucinated,0.480544,0.519456,0.038912,medhalt_reasoning_fct,test,incorrect_student_answer,6c36fbc58c6f7436c874
frozen_test,test_00448,supported,hallucinated,0.480663,0.519337,0.038674,medhalt_reasoning_fct,test,correct_answer,6c36fbc58c6f7436c874
frozen_test,test_00449,hallucinated,hallucinated,0.469357,0.530643,0.061285,medhalt_reasoning_fct,test,incorrect_student_answer,6c3c15c410463c843c0d
frozen_test,test_00450,supported,hallucinated,0.461655,0.538345,0.07669,medhalt_reasoning_fct,test,correct_answer,6c3c15c410463c843c0d
frozen_test,test_00451,hallucinated,supported,0.561328,0.438672,0.122656,medhalt_reasoning_fct,test,incorrect_student_answer,6c4fdf4ebcac0e20160d
frozen_test,test_00452,supported,supported,0.561328,0.438672,0.122656,medhalt_reasoning_fct,test,correct_answer,6c4fdf4ebcac0e20160d
frozen_test,test_00453,hallucinated,hallucinated,0.491491,0.508509,0.017018,medhalt_reasoning_fct,test,incorrect_student_answer,6e37a93bfe64541a1a59
frozen_test,test_00454,supported,hallucinated,0.489892,0.510108,0.020217,medhalt_reasoning_fct,test,correct_answer,6e37a93bfe64541a1a59
frozen_test,test_00455,hallucinated,supported,0.506875,0.493125,0.013751,medhalt_reasoning_fct,test,incorrect_student_answer,6e7c64d0f947bf375bb8
frozen_test,test_00456,supported,supported,0.501953,0.498047,0.003906,medhalt_reasoning_fct,test,correct_answer,6e7c64d0f947bf375bb8
frozen_test,test_00457,hallucinated,hallucinated,0.463902,0.536098,0.072195,medhalt_reasoning_fct,test,incorrect_student_answer,6f7cdd07f22069ca1fcf
frozen_test,test_00458,supported,hallucinated,0.469903,0.530097,0.060194,medhalt_reasoning_fct,test,correct_answer,6f7cdd07f22069ca1fcf
frozen_test,test_00459,hallucinated,hallucinated,0.480102,0.519898,0.039797,medhalt_reasoning_fct,test,incorrect_student_answer,6f9f100eb78518753f17
frozen_test,test_00460,supported,hallucinated,0.479835,0.520165,0.040331,medhalt_reasoning_fct,test,correct_answer,6f9f100eb78518753f17
frozen_test,test_00461,hallucinated,hallucinated,0.487161,0.512839,0.025679,medhalt_reasoning_fct,test,incorrect_student_answer,6fee4e7a3f5ec35bcdd5
frozen_test,test_00462,supported,hallucinated,0.487161,0.512839,0.025679,medhalt_reasoning_fct,test,correct_answer,6fee4e7a3f5ec35bcdd5
frozen_test,test_00463,hallucinated,supported,0.511601,0.488399,0.023202,medhalt_reasoning_fct,test,incorrect_student_answer,7028dfe0781e88c592a6
frozen_test,test_00464,supported,supported,0.509416,0.490584,0.018832,medhalt_reasoning_fct,test,correct_answer,7028dfe0781e88c592a6
frozen_test,test_00465,hallucinated,hallucinated,0.461708,0.538292,0.076585,medhalt_reasoning_fct,test,incorrect_student_answer,706b5b1f4188def98c6f
frozen_test,test_00466,supported,hallucinated,0.46313,0.53687,0.073739,medhalt_reasoning_fct,test,correct_answer,706b5b1f4188def98c6f
frozen_test,test_00467,hallucinated,supported,0.522075,0.477925,0.04415,medhalt_reasoning_fct,test,incorrect_student_answer,708ba6f356287d0f8602
frozen_test,test_00468,supported,supported,0.519268,0.480732,0.038536,medhalt_reasoning_fct,test,correct_answer,708ba6f356287d0f8602
frozen_test,test_00469,hallucinated,supported,0.527903,0.472097,0.055807,medhalt_reasoning_fct,test,incorrect_student_answer,70c8f80a23234ec8c513
frozen_test,test_00470,supported,supported,0.528016,0.471984,0.056031,medhalt_reasoning_fct,test,correct_answer,70c8f80a23234ec8c513
frozen_test,test_00471,hallucinated,hallucinated,0.465263,0.534737,0.069474,medhalt_reasoning_fct,test,incorrect_student_answer,70e81f30626987ad7d03
frozen_test,test_00472,supported,hallucinated,0.476449,0.523551,0.047103,medhalt_reasoning_fct,test,correct_answer,70e81f30626987ad7d03
frozen_test,test_00473,hallucinated,supported,0.526271,0.473729,0.052543,medhalt_reasoning_fct,test,incorrect_student_answer,70fc397eb53785d5db21
frozen_test,test_00474,supported,supported,0.529814,0.470186,0.059627,medhalt_reasoning_fct,test,correct_answer,70fc397eb53785d5db21
frozen_test,test_00475,hallucinated,hallucinated,0.480234,0.519766,0.039533,medhalt_reasoning_fct,test,incorrect_student_answer,71325cabe2e07e275336
frozen_test,test_00476,supported,hallucinated,0.481793,0.518207,0.036414,medhalt_reasoning_fct,test,correct_answer,71325cabe2e07e275336
frozen_test,test_00477,hallucinated,hallucinated,0.496919,0.503081,0.006163,medhalt_reasoning_fct,test,incorrect_student_answer,71e51e2a55954004c374
frozen_test,test_00478,supported,supported,0.502946,0.497054,0.005892,medhalt_reasoning_fct,test,correct_answer,71e51e2a55954004c374
frozen_test,test_00479,hallucinated,hallucinated,0.497525,0.502475,0.00495,medhalt_reasoning_fct,test,incorrect_student_answer,724f1de4e610638106fb
frozen_test,test_00480,supported,hallucinated,0.498987,0.501013,0.002025,medhalt_reasoning_fct,test,correct_answer,724f1de4e610638106fb
frozen_test,test_00481,hallucinated,supported,0.507585,0.492415,0.015171,medhalt_reasoning_fct,test,incorrect_student_answer,72e664bc3501e9a10397
frozen_test,test_00482,supported,supported,0.505909,0.494091,0.011817,medhalt_reasoning_fct,test,correct_answer,72e664bc3501e9a10397
frozen_test,test_00483,hallucinated,supported,0.514785,0.485215,0.029569,medhalt_reasoning_fct,test,incorrect_student_answer,738936fe1c0ccc2a02a1
frozen_test,test_00484,supported,supported,0.515452,0.484548,0.030904,medhalt_reasoning_fct,test,correct_answer,738936fe1c0ccc2a02a1
frozen_test,test_00485,hallucinated,supported,0.509272,0.490728,0.018544,medhalt_reasoning_fct,test,incorrect_student_answer,73981e2b0a38571494d1
frozen_test,test_00486,supported,supported,0.509272,0.490728,0.018544,medhalt_reasoning_fct,test,correct_answer,73981e2b0a38571494d1
frozen_test,test_00487,hallucinated,hallucinated,0.496636,0.503364,0.006728,medhalt_reasoning_fct,test,incorrect_student_answer,73ae2f7c2dbb07c695f1
frozen_test,test_00488,supported,hallucinated,0.492624,0.507376,0.014752,medhalt_reasoning_fct,test,correct_answer,73ae2f7c2dbb07c695f1
frozen_test,test_00489,hallucinated,supported,0.553867,0.446133,0.107734,medhalt_reasoning_fct,test,incorrect_student_answer,744853db397860d35809
frozen_test,test_00490,supported,supported,0.538513,0.461487,0.077026,medhalt_reasoning_fct,test,correct_answer,744853db397860d35809
frozen_test,test_00491,hallucinated,supported,0.507872,0.492128,0.015744,medhalt_reasoning_fct,test,incorrect_student_answer,74856ca65ded1d420d46
frozen_test,test_00492,supported,supported,0.50936,0.49064,0.01872,medhalt_reasoning_fct,test,correct_answer,74856ca65ded1d420d46
frozen_test,test_00493,hallucinated,hallucinated,0.491217,0.508783,0.017566,medhalt_reasoning_fct,test,incorrect_student_answer,7534b22797e3b5ebceef
frozen_test,test_00494,supported,hallucinated,0.490551,0.509449,0.018898,medhalt_reasoning_fct,test,correct_answer,7534b22797e3b5ebceef
frozen_test,test_00495,hallucinated,hallucinated,0.479106,0.520894,0.041787,medhalt_reasoning_fct,test,incorrect_student_answer,7586c9f7f46c220304e4
frozen_test,test_00496,supported,hallucinated,0.477034,0.522966,0.045933,medhalt_reasoning_fct,test,correct_answer,7586c9f7f46c220304e4
frozen_test,test_00497,hallucinated,hallucinated,0.463832,0.536168,0.072335,medhalt_reasoning_fct,test,incorrect_student_answer,766c46172f57c3e575ed
frozen_test,test_00498,supported,hallucinated,0.464519,0.535481,0.070961,medhalt_reasoning_fct,test,correct_answer,766c46172f57c3e575ed
frozen_test,test_00499,hallucinated,supported,0.511883,0.488117,0.023766,medhalt_reasoning_fct,test,incorrect_student_answer,78bf918ca7d7d144f1de
frozen_test,test_00500,supported,supported,0.521093,0.478907,0.042186,medhalt_reasoning_fct,test,correct_answer,78bf918ca7d7d144f1de
frozen_test,test_00501,hallucinated,supported,0.50358,0.49642,0.007161,medhalt_reasoning_fct,test,incorrect_student_answer,79d6cd56132565565b13
frozen_test,test_00502,supported,supported,0.503458,0.496542,0.006916,medhalt_reasoning_fct,test,correct_answer,79d6cd56132565565b13
frozen_test,test_00503,hallucinated,hallucinated,0.480461,0.519539,0.039079,medhalt_reasoning_fct,test,incorrect_student_answer,7a758c6d9085d7091a96
frozen_test,test_00504,supported,hallucinated,0.478835,0.521165,0.042331,medhalt_reasoning_fct,test,correct_answer,7a758c6d9085d7091a96
frozen_test,test_00505,hallucinated,hallucinated,0.488132,0.511868,0.023736,medhalt_reasoning_fct,test,incorrect_student_answer,7a8aaab7d7e4ef430d2b
frozen_test,test_00506,supported,hallucinated,0.490849,0.509151,0.018301,medhalt_reasoning_fct,test,correct_answer,7a8aaab7d7e4ef430d2b
frozen_test,test_00507,hallucinated,hallucinated,0.490114,0.509886,0.019773,medhalt_reasoning_fct,test,incorrect_student_answer,7b7d1e9a9629021561bc
frozen_test,test_00508,supported,hallucinated,0.490048,0.509952,0.019903,medhalt_reasoning_fct,test,correct_answer,7b7d1e9a9629021561bc
frozen_test,test_00509,hallucinated,supported,0.506439,0.493561,0.012878,medhalt_reasoning_fct,test,incorrect_student_answer,7c4a4bdce0fc590517fd
frozen_test,test_00510,supported,supported,0.511735,0.488265,0.02347,medhalt_reasoning_fct,test,correct_answer,7c4a4bdce0fc590517fd
frozen_test,test_00511,hallucinated,supported,0.533793,0.466207,0.067585,medhalt_reasoning_fct,test,incorrect_student_answer,7c5fc21e2de9af909cf6
frozen_test,test_00512,supported,supported,0.531726,0.468274,0.063453,medhalt_reasoning_fct,test,correct_answer,7c5fc21e2de9af909cf6
frozen_test,test_00513,hallucinated,hallucinated,0.435339,0.564661,0.129322,medhalt_reasoning_fct,test,incorrect_student_answer,7cfadb879655fe20b8b6
frozen_test,test_00514,supported,hallucinated,0.43581,0.56419,0.12838,medhalt_reasoning_fct,test,correct_answer,7cfadb879655fe20b8b6
frozen_test,test_00515,hallucinated,hallucinated,0.480848,0.519152,0.038304,medhalt_reasoning_fct,test,incorrect_student_answer,7e3ceb1582915ab60cb6
frozen_test,test_00516,supported,hallucinated,0.484357,0.515643,0.031286,medhalt_reasoning_fct,test,correct_answer,7e3ceb1582915ab60cb6
frozen_test,test_00517,hallucinated,hallucinated,0.492841,0.507159,0.014317,medhalt_reasoning_fct,test,incorrect_student_answer,7e6cc8e435b933e646ad
frozen_test,test_00518,supported,hallucinated,0.491543,0.508457,0.016913,medhalt_reasoning_fct,test,correct_answer,7e6cc8e435b933e646ad
frozen_test,test_00519,hallucinated,hallucinated,0.447767,0.552233,0.104465,medhalt_reasoning_fct,test,incorrect_student_answer,8071d48303bcc889870b
frozen_test,test_00520,supported,hallucinated,0.44617,0.55383,0.107659,medhalt_reasoning_fct,test,correct_answer,8071d48303bcc889870b
frozen_test,test_00521,hallucinated,hallucinated,0.478386,0.521614,0.043228,medhalt_reasoning_fct,test,incorrect_student_answer,821a389522b7aaf15373
frozen_test,test_00522,supported,hallucinated,0.47654,0.52346,0.04692,medhalt_reasoning_fct,test,correct_answer,821a389522b7aaf15373
frozen_test,test_00523,hallucinated,supported,0.508244,0.491756,0.016489,medhalt_reasoning_fct,test,incorrect_student_answer,825531c6f9f45e9556cc
frozen_test,test_00524,supported,supported,0.507043,0.492957,0.014087,medhalt_reasoning_fct,test,correct_answer,825531c6f9f45e9556cc
frozen_test,test_00525,hallucinated,supported,0.549107,0.450893,0.098214,medhalt_reasoning_fct,test,incorrect_student_answer,844189b14e11f0db7664
frozen_test,test_00526,supported,supported,0.551602,0.448398,0.103204,medhalt_reasoning_fct,test,correct_answer,844189b14e11f0db7664
frozen_test,test_00527,hallucinated,supported,0.537762,0.462238,0.075524,medhalt_reasoning_fct,test,incorrect_student_answer,85687f3872c70a5adb73
frozen_test,test_00528,supported,supported,0.540274,0.459726,0.080548,medhalt_reasoning_fct,test,correct_answer,85687f3872c70a5adb73
frozen_test,test_00529,hallucinated,hallucinated,0.448744,0.551256,0.102511,medhalt_reasoning_fct,test,incorrect_student_answer,857fc6fc31364f5e62fb
frozen_test,test_00530,supported,hallucinated,0.452296,0.547704,0.095408,medhalt_reasoning_fct,test,correct_answer,857fc6fc31364f5e62fb
frozen_test,test_00531,hallucinated,supported,0.522259,0.477741,0.044519,medhalt_reasoning_fct,test,incorrect_student_answer,85c874327b0c797114e3
frozen_test,test_00532,supported,supported,0.526149,0.473851,0.052297,medhalt_reasoning_fct,test,correct_answer,85c874327b0c797114e3
frozen_test,test_00533,hallucinated,hallucinated,0.439715,0.560285,0.12057,medhalt_reasoning_fct,test,incorrect_student_answer,86c3c5f5cf1812f9e95d
frozen_test,test_00534,supported,hallucinated,0.437173,0.562827,0.125655,medhalt_reasoning_fct,test,correct_answer,86c3c5f5cf1812f9e95d
frozen_test,test_00535,hallucinated,hallucinated,0.477481,0.522519,0.045038,medhalt_reasoning_fct,test,incorrect_student_answer,878323c6f0d8e5a51204
frozen_test,test_00536,supported,hallucinated,0.476487,0.523513,0.047026,medhalt_reasoning_fct,test,correct_answer,878323c6f0d8e5a51204
frozen_test,test_00537,hallucinated,hallucinated,0.496321,0.503679,0.007357,medhalt_reasoning_fct,test,incorrect_student_answer,87fe2a17802a19d9d527
frozen_test,test_00538,supported,hallucinated,0.493597,0.506403,0.012806,medhalt_reasoning_fct,test,correct_answer,87fe2a17802a19d9d527
frozen_test,test_00539,hallucinated,supported,0.518535,0.481465,0.037069,medhalt_reasoning_fct,test,incorrect_student_answer,887eeac73d145193ed27
frozen_test,test_00540,supported,supported,0.508846,0.491154,0.017692,medhalt_reasoning_fct,test,correct_answer,887eeac73d145193ed27
frozen_test,test_00541,hallucinated,hallucinated,0.489902,0.510098,0.020196,medhalt_reasoning_fct,test,incorrect_student_answer,892d1feb187d256991bd
frozen_test,test_00542,supported,hallucinated,0.490328,0.509672,0.019343,medhalt_reasoning_fct,test,correct_answer,892d1feb187d256991bd
frozen_test,test_00543,hallucinated,supported,0.54433,0.45567,0.08866,medhalt_reasoning_fct,test,incorrect_student_answer,8a3e334e90072425f69e
frozen_test,test_00544,supported,supported,0.548988,0.451012,0.097976,medhalt_reasoning_fct,test,correct_answer,8a3e334e90072425f69e
frozen_test,test_00545,hallucinated,hallucinated,0.485187,0.514813,0.029625,medhalt_reasoning_fct,test,incorrect_student_answer,8b43de9860d7df9c7f23
frozen_test,test_00546,supported,hallucinated,0.484128,0.515872,0.031744,medhalt_reasoning_fct,test,correct_answer,8b43de9860d7df9c7f23
frozen_test,test_00547,hallucinated,supported,0.525075,0.474925,0.050151,medhalt_reasoning_fct,test,incorrect_student_answer,8c51a85ca9d044c20524
frozen_test,test_00548,supported,supported,0.527181,0.472819,0.054362,medhalt_reasoning_fct,test,correct_answer,8c51a85ca9d044c20524
frozen_test,test_00549,hallucinated,hallucinated,0.491204,0.508796,0.017591,medhalt_reasoning_fct,test,incorrect_student_answer,8dcbf3137b131a2b5efe
frozen_test,test_00550,supported,hallucinated,0.491879,0.508121,0.016242,medhalt_reasoning_fct,test,correct_answer,8dcbf3137b131a2b5efe
frozen_test,test_00551,hallucinated,supported,0.510312,0.489688,0.020624,medhalt_reasoning_fct,test,incorrect_student_answer,8dd6f72d835300a8c40f
frozen_test,test_00552,supported,supported,0.510193,0.489807,0.020385,medhalt_reasoning_fct,test,correct_answer,8dd6f72d835300a8c40f
frozen_test,test_00553,hallucinated,supported,0.534975,0.465025,0.06995,medhalt_reasoning_fct,test,incorrect_student_answer,8dec966ed9bd3e46dac9
frozen_test,test_00554,supported,supported,0.523602,0.476398,0.047205,medhalt_reasoning_fct,test,correct_answer,8dec966ed9bd3e46dac9
frozen_test,test_00555,hallucinated,supported,0.535847,0.464153,0.071694,medhalt_reasoning_fct,test,incorrect_student_answer,8e0744c5cb12a0f10950
frozen_test,test_00556,supported,supported,0.551032,0.448968,0.102064,medhalt_reasoning_fct,test,correct_answer,8e0744c5cb12a0f10950
frozen_test,test_00557,hallucinated,hallucinated,0.489359,0.510641,0.021282,medhalt_reasoning_fct,test,incorrect_student_answer,8e290c0672fccac6088a
frozen_test,test_00558,supported,hallucinated,0.480245,0.519755,0.03951,medhalt_reasoning_fct,test,correct_answer,8e290c0672fccac6088a
frozen_test,test_00559,hallucinated,supported,0.524169,0.475831,0.048339,medhalt_reasoning_fct,test,incorrect_student_answer,8e310c8ed05d26c2ec7d
frozen_test,test_00560,supported,supported,0.529807,0.470193,0.059615,medhalt_reasoning_fct,test,correct_answer,8e310c8ed05d26c2ec7d
frozen_test,test_00561,hallucinated,supported,0.506664,0.493336,0.013329,medhalt_reasoning_fct,test,incorrect_student_answer,8e3c470666922fb5cb5e
frozen_test,test_00562,supported,supported,0.507249,0.492751,0.014497,medhalt_reasoning_fct,test,correct_answer,8e3c470666922fb5cb5e
frozen_test,test_00563,hallucinated,supported,0.51548,0.48452,0.03096,medhalt_reasoning_fct,test,incorrect_student_answer,8e5d3a1d18e99bcfe74a
frozen_test,test_00564,supported,supported,0.51689,0.48311,0.033779,medhalt_reasoning_fct,test,correct_answer,8e5d3a1d18e99bcfe74a
frozen_test,test_00565,hallucinated,supported,0.527004,0.472996,0.054009,medhalt_reasoning_fct,test,incorrect_student_answer,8e68046da8454d5c6c6a
frozen_test,test_00566,supported,supported,0.518455,0.481545,0.03691,medhalt_reasoning_fct,test,correct_answer,8e68046da8454d5c6c6a
frozen_test,test_00567,hallucinated,supported,0.523993,0.476007,0.047985,medhalt_reasoning_fct,test,incorrect_student_answer,8edd56efa3cb3e3d0307
frozen_test,test_00568,supported,supported,0.522938,0.477062,0.045876,medhalt_reasoning_fct,test,correct_answer,8edd56efa3cb3e3d0307
frozen_test,test_00569,hallucinated,hallucinated,0.47785,0.52215,0.0443,medhalt_reasoning_fct,test,incorrect_student_answer,8f28a791a24c6dc893a1
frozen_test,test_00570,supported,hallucinated,0.477966,0.522034,0.044069,medhalt_reasoning_fct,test,correct_answer,8f28a791a24c6dc893a1
frozen_test,test_00571,hallucinated,supported,0.536244,0.463756,0.072489,medhalt_reasoning_fct,test,incorrect_student_answer,8f7f1783d85701c41b7d
frozen_test,test_00572,supported,supported,0.536244,0.463756,0.072489,medhalt_reasoning_fct,test,correct_answer,8f7f1783d85701c41b7d
frozen_test,test_00573,hallucinated,supported,0.526672,0.473328,0.053344,medhalt_reasoning_fct,test,incorrect_student_answer,9274b239402cef525f37
frozen_test,test_00574,supported,supported,0.532607,0.467393,0.065214,medhalt_reasoning_fct,test,correct_answer,9274b239402cef525f37
frozen_test,test_00575,hallucinated,supported,0.500531,0.499469,0.001063,medhalt_reasoning_fct,test,incorrect_student_answer,93fb201a0f2febeab4b9
frozen_test,test_00576,supported,supported,0.500188,0.499812,0.000376,medhalt_reasoning_fct,test,correct_answer,93fb201a0f2febeab4b9
frozen_test,test_00577,hallucinated,hallucinated,0.490937,0.509063,0.018126,medhalt_reasoning_fct,test,incorrect_student_answer,94a99e7e61297b204cad
frozen_test,test_00578,supported,hallucinated,0.492816,0.507184,0.014368,medhalt_reasoning_fct,test,correct_answer,94a99e7e61297b204cad
frozen_test,test_00579,hallucinated,supported,0.555206,0.444794,0.110413,medhalt_reasoning_fct,test,incorrect_student_answer,94d338b242e3112998c8
frozen_test,test_00580,supported,supported,0.566431,0.433569,0.132861,medhalt_reasoning_fct,test,correct_answer,94d338b242e3112998c8
frozen_test,test_00581,hallucinated,hallucinated,0.45476,0.54524,0.09048,medhalt_reasoning_fct,test,incorrect_student_answer,9532da85532bdc38a662
frozen_test,test_00582,supported,hallucinated,0.455071,0.544929,0.089859,medhalt_reasoning_fct,test,correct_answer,9532da85532bdc38a662
frozen_test,test_00583,hallucinated,supported,0.529767,0.470233,0.059534,medhalt_reasoning_fct,test,incorrect_student_answer,961186d17bd54c0ebdf8
frozen_test,test_00584,supported,supported,0.532154,0.467846,0.064308,medhalt_reasoning_fct,test,correct_answer,961186d17bd54c0ebdf8
frozen_test,test_00585,hallucinated,hallucinated,0.450166,0.549834,0.099668,medhalt_reasoning_fct,test,incorrect_student_answer,96e6cdbdb7ab10f82cf2
frozen_test,test_00586,supported,hallucinated,0.433663,0.566337,0.132674,medhalt_reasoning_fct,test,correct_answer,96e6cdbdb7ab10f82cf2
frozen_test,test_00587,hallucinated,supported,0.513935,0.486065,0.027869,medhalt_reasoning_fct,test,incorrect_student_answer,971bd53ee43a2b13c82d
frozen_test,test_00588,supported,supported,0.511169,0.488831,0.022339,medhalt_reasoning_fct,test,correct_answer,971bd53ee43a2b13c82d
frozen_test,test_00589,hallucinated,supported,0.506065,0.493935,0.012129,medhalt_reasoning_fct,test,incorrect_student_answer,9734f085f80e64973427
frozen_test,test_00590,supported,supported,0.50617,0.49383,0.01234,medhalt_reasoning_fct,test,correct_answer,9734f085f80e64973427
frozen_test,test_00591,hallucinated,hallucinated,0.496004,0.503996,0.007992,medhalt_reasoning_fct,test,incorrect_student_answer,9856f4e93592a060cb2b
frozen_test,test_00592,supported,hallucinated,0.496952,0.503048,0.006096,medhalt_reasoning_fct,test,correct_answer,9856f4e93592a060cb2b
frozen_test,test_00593,hallucinated,hallucinated,0.496474,0.503526,0.007053,medhalt_reasoning_fct,test,incorrect_student_answer,9882382f9d692a7a0804
frozen_test,test_00594,supported,hallucinated,0.496693,0.503307,0.006613,medhalt_reasoning_fct,test,correct_answer,9882382f9d692a7a0804
frozen_test,test_00595,hallucinated,hallucinated,0.498875,0.501125,0.00225,medhalt_reasoning_fct,test,incorrect_student_answer,993a400c85fea0c4900c
frozen_test,test_00596,supported,hallucinated,0.498875,0.501125,0.00225,medhalt_reasoning_fct,test,correct_answer,993a400c85fea0c4900c
frozen_test,test_00597,hallucinated,supported,0.509021,0.490979,0.018042,medhalt_reasoning_fct,test,incorrect_student_answer,99c174e5e21e4cad98f5
frozen_test,test_00598,supported,supported,0.511066,0.488934,0.022131,medhalt_reasoning_fct,test,correct_answer,99c174e5e21e4cad98f5
frozen_test,test_00599,hallucinated,supported,0.522069,0.477931,0.044138,medhalt_reasoning_fct,test,incorrect_student_answer,99cf0ef0eb5b9ff300e8
frozen_test,test_00600,supported,supported,0.525006,0.474994,0.050012,medhalt_reasoning_fct,test,correct_answer,99cf0ef0eb5b9ff300e8
frozen_test,test_00601,hallucinated,supported,0.540529,0.459471,0.081059,medhalt_reasoning_fct,test,incorrect_student_answer,9ba3c8366ffd3bbcd4ca
frozen_test,test_00602,supported,supported,0.540919,0.459081,0.081838,medhalt_reasoning_fct,test,correct_answer,9ba3c8366ffd3bbcd4ca
frozen_test,test_00603,hallucinated,hallucinated,0.488824,0.511176,0.022351,medhalt_reasoning_fct,test,incorrect_student_answer,9cb17ab860427f1b32bb
frozen_test,test_00604,supported,hallucinated,0.486622,0.513378,0.026755,medhalt_reasoning_fct,test,correct_answer,9cb17ab860427f1b32bb
frozen_test,test_00605,hallucinated,hallucinated,0.44361,0.55639,0.11278,medhalt_reasoning_fct,test,incorrect_student_answer,9ddb1153276daa41f2d5
frozen_test,test_00606,supported,hallucinated,0.440488,0.559512,0.119024,medhalt_reasoning_fct,test,correct_answer,9ddb1153276daa41f2d5
frozen_test,test_00607,hallucinated,supported,0.525282,0.474718,0.050564,medhalt_reasoning_fct,test,incorrect_student_answer,9e3a58557c99f4e3888d
frozen_test,test_00608,supported,supported,0.521931,0.478069,0.043861,medhalt_reasoning_fct,test,correct_answer,9e3a58557c99f4e3888d
frozen_test,test_00609,hallucinated,hallucinated,0.45361,0.54639,0.09278,medhalt_reasoning_fct,test,incorrect_student_answer,9e6411f71c052895c694
frozen_test,test_00610,supported,hallucinated,0.450718,0.549282,0.098564,medhalt_reasoning_fct,test,correct_answer,9e6411f71c052895c694
frozen_test,test_00611,hallucinated,supported,0.582546,0.417454,0.165091,medhalt_reasoning_fct,test,incorrect_student_answer,9f22fe3e5bac1cbc9004
frozen_test,test_00612,supported,supported,0.582546,0.417454,0.165091,medhalt_reasoning_fct,test,correct_answer,9f22fe3e5bac1cbc9004
frozen_test,test_00613,hallucinated,hallucinated,0.484423,0.515577,0.031154,medhalt_reasoning_fct,test,incorrect_student_answer,a13aebcb4d443cb4e790
frozen_test,test_00614,supported,hallucinated,0.484066,0.515934,0.031868,medhalt_reasoning_fct,test,correct_answer,a13aebcb4d443cb4e790
frozen_test,test_00615,hallucinated,supported,0.612695,0.387305,0.22539,medhalt_reasoning_fct,test,incorrect_student_answer,a150033f60a676a42f23
frozen_test,test_00616,supported,supported,0.612695,0.387305,0.22539,medhalt_reasoning_fct,test,correct_answer,a150033f60a676a42f23
frozen_test,test_00617,hallucinated,hallucinated,0.488569,0.511431,0.022862,medhalt_reasoning_fct,test,incorrect_student_answer,a15c4c6fa4d8cdc1fe39
frozen_test,test_00618,supported,hallucinated,0.488248,0.511752,0.023504,medhalt_reasoning_fct,test,correct_answer,a15c4c6fa4d8cdc1fe39
frozen_test,test_00619,hallucinated,hallucinated,0.49584,0.50416,0.00832,medhalt_reasoning_fct,test,incorrect_student_answer,a169fa2b09fa16019578
frozen_test,test_00620,supported,hallucinated,0.495496,0.504504,0.009008,medhalt_reasoning_fct,test,correct_answer,a169fa2b09fa16019578
frozen_test,test_00621,hallucinated,hallucinated,0.485747,0.514253,0.028505,medhalt_reasoning_fct,test,incorrect_student_answer,a1b1e46d21e4c32821a5
frozen_test,test_00622,supported,hallucinated,0.480816,0.519184,0.038369,medhalt_reasoning_fct,test,correct_answer,a1b1e46d21e4c32821a5
frozen_test,test_00623,hallucinated,hallucinated,0.409279,0.590721,0.181442,medhalt_reasoning_fct,test,incorrect_student_answer,a1c31834e83ef5ce1e3d
frozen_test,test_00624,supported,hallucinated,0.409429,0.590571,0.181142,medhalt_reasoning_fct,test,correct_answer,a1c31834e83ef5ce1e3d
frozen_test,test_00625,hallucinated,supported,0.510031,0.489969,0.020063,medhalt_reasoning_fct,test,incorrect_student_answer,a2bb2482e591612ec9c0
frozen_test,test_00626,supported,supported,0.502937,0.497063,0.005875,medhalt_reasoning_fct,test,correct_answer,a2bb2482e591612ec9c0
frozen_test,test_00627,hallucinated,supported,0.526241,0.473759,0.052482,medhalt_reasoning_fct,test,incorrect_student_answer,a389efa8117f941b90ab
frozen_test,test_00628,supported,supported,0.526241,0.473759,0.052482,medhalt_reasoning_fct,test,correct_answer,a389efa8117f941b90ab
frozen_test,test_00629,hallucinated,hallucinated,0.494597,0.505403,0.010807,medhalt_reasoning_fct,test,incorrect_student_answer,a38f5e851f9e60454a4a
frozen_test,test_00630,supported,hallucinated,0.495394,0.504606,0.009213,medhalt_reasoning_fct,test,correct_answer,a38f5e851f9e60454a4a
frozen_test,test_00631,hallucinated,supported,0.536912,0.463088,0.073823,medhalt_reasoning_fct,test,incorrect_student_answer,a3920814c050818619f3
frozen_test,test_00632,supported,supported,0.535751,0.464249,0.071501,medhalt_reasoning_fct,test,correct_answer,a3920814c050818619f3
frozen_test,test_00633,hallucinated,supported,0.548015,0.451985,0.09603,medhalt_reasoning_fct,test,incorrect_student_answer,a3f986d4e91bdbe49cda
frozen_test,test_00634,supported,supported,0.562185,0.437815,0.12437,medhalt_reasoning_fct,test,correct_answer,a3f986d4e91bdbe49cda
frozen_test,test_00635,hallucinated,supported,0.505354,0.494646,0.010709,medhalt_reasoning_fct,test,incorrect_student_answer,a411f7740d47da856272
frozen_test,test_00636,supported,supported,0.502705,0.497295,0.005409,medhalt_reasoning_fct,test,correct_answer,a411f7740d47da856272
frozen_test,test_00637,hallucinated,hallucinated,0.497549,0.502451,0.004901,medhalt_reasoning_fct,test,incorrect_student_answer,a41c6bdc7983d3c1810f
frozen_test,test_00638,supported,hallucinated,0.498959,0.501041,0.002081,medhalt_reasoning_fct,test,correct_answer,a41c6bdc7983d3c1810f
frozen_test,test_00639,hallucinated,supported,0.52504,0.47496,0.050081,medhalt_reasoning_fct,test,incorrect_student_answer,a43cf70d8b443af892f1
frozen_test,test_00640,supported,supported,0.517964,0.482036,0.035928,medhalt_reasoning_fct,test,correct_answer,a43cf70d8b443af892f1
frozen_test,test_00641,hallucinated,hallucinated,0.491041,0.508959,0.017918,medhalt_reasoning_fct,test,incorrect_student_answer,a5303c9f3cee43df7c94
frozen_test,test_00642,supported,hallucinated,0.491172,0.508828,0.017656,medhalt_reasoning_fct,test,correct_answer,a5303c9f3cee43df7c94
frozen_test,test_00643,hallucinated,supported,0.533851,0.466149,0.067701,medhalt_reasoning_fct,test,incorrect_student_answer,a659316103d973810fb5
frozen_test,test_00644,supported,supported,0.533797,0.466203,0.067595,medhalt_reasoning_fct,test,correct_answer,a659316103d973810fb5
frozen_test,test_00645,hallucinated,hallucinated,0.478685,0.521315,0.04263,medhalt_reasoning_fct,test,incorrect_student_answer,a6aed8af09c42ae9e5c4
frozen_test,test_00646,supported,hallucinated,0.478818,0.521182,0.042363,medhalt_reasoning_fct,test,correct_answer,a6aed8af09c42ae9e5c4
frozen_test,test_00647,hallucinated,hallucinated,0.481151,0.518849,0.037699,medhalt_reasoning_fct,test,incorrect_student_answer,a70450ccc8845b14c9cf
frozen_test,test_00648,supported,hallucinated,0.482819,0.517181,0.034362,medhalt_reasoning_fct,test,correct_answer,a70450ccc8845b14c9cf
frozen_test,test_00649,hallucinated,supported,0.523386,0.476614,0.046772,medhalt_reasoning_fct,test,incorrect_student_answer,a72d269f35a3a3b586a7
frozen_test,test_00650,supported,supported,0.52181,0.47819,0.043621,medhalt_reasoning_fct,test,correct_answer,a72d269f35a3a3b586a7
frozen_test,test_00651,hallucinated,supported,0.517861,0.482139,0.035722,medhalt_reasoning_fct,test,incorrect_student_answer,a7da520b5a2558152f79
frozen_test,test_00652,supported,supported,0.517861,0.482139,0.035722,medhalt_reasoning_fct,test,correct_answer,a7da520b5a2558152f79
frozen_test,test_00653,hallucinated,hallucinated,0.462139,0.537861,0.075722,medhalt_reasoning_fct,test,incorrect_student_answer,a968ac2671348d60e903
frozen_test,test_00654,supported,hallucinated,0.457243,0.542757,0.085515,medhalt_reasoning_fct,test,correct_answer,a968ac2671348d60e903
frozen_test,test_00655,hallucinated,hallucinated,0.459076,0.540924,0.081848,medhalt_reasoning_fct,test,incorrect_student_answer,a995192ec365f1f2f8ac
frozen_test,test_00656,supported,hallucinated,0.497766,0.502234,0.004468,medhalt_reasoning_fct,test,correct_answer,a995192ec365f1f2f8ac
frozen_test,test_00657,hallucinated,supported,0.513609,0.486391,0.027217,medhalt_reasoning_fct,test,incorrect_student_answer,a99f608d4075b362b93d
frozen_test,test_00658,supported,supported,0.516779,0.483221,0.033558,medhalt_reasoning_fct,test,correct_answer,a99f608d4075b362b93d
frozen_test,test_00659,hallucinated,hallucinated,0.488306,0.511694,0.023388,medhalt_reasoning_fct,test,incorrect_student_answer,aa85c0a68700df927e3e
frozen_test,test_00660,supported,hallucinated,0.487213,0.512787,0.025574,medhalt_reasoning_fct,test,correct_answer,aa85c0a68700df927e3e
frozen_test,test_00661,hallucinated,supported,0.503708,0.496292,0.007415,medhalt_reasoning_fct,test,incorrect_student_answer,aaa53fd581a055bd74a1
frozen_test,test_00662,supported,supported,0.504436,0.495564,0.008873,medhalt_reasoning_fct,test,correct_answer,aaa53fd581a055bd74a1
frozen_test,test_00663,hallucinated,hallucinated,0.499366,0.500634,0.001268,medhalt_reasoning_fct,test,incorrect_student_answer,aaf1a078c6857b4fe9f9
frozen_test,test_00664,supported,hallucinated,0.495009,0.504991,0.009983,medhalt_reasoning_fct,test,correct_answer,aaf1a078c6857b4fe9f9
frozen_test,test_00665,hallucinated,hallucinated,0.482492,0.517508,0.035015,medhalt_reasoning_fct,test,incorrect_student_answer,aaff67478964d58bfaf5
frozen_test,test_00666,supported,hallucinated,0.483785,0.516215,0.03243,medhalt_reasoning_fct,test,correct_answer,aaff67478964d58bfaf5
frozen_test,test_00667,hallucinated,hallucinated,0.486222,0.513778,0.027556,medhalt_reasoning_fct,test,incorrect_student_answer,abb58cb464626d695241
frozen_test,test_00668,supported,hallucinated,0.486501,0.513499,0.026997,medhalt_reasoning_fct,test,correct_answer,abb58cb464626d695241
frozen_test,test_00669,hallucinated,supported,0.540984,0.459016,0.081969,medhalt_reasoning_fct,test,incorrect_student_answer,ac14339868d0eaebef39
frozen_test,test_00670,supported,supported,0.54598,0.45402,0.09196,medhalt_reasoning_fct,test,correct_answer,ac14339868d0eaebef39
frozen_test,test_00671,hallucinated,supported,0.524785,0.475215,0.04957,medhalt_reasoning_fct,test,incorrect_student_answer,ac773427e9db2503fd16
frozen_test,test_00672,supported,supported,0.526137,0.473863,0.052273,medhalt_reasoning_fct,test,correct_answer,ac773427e9db2503fd16
frozen_test,test_00673,hallucinated,hallucinated,0.476978,0.523022,0.046045,medhalt_reasoning_fct,test,incorrect_student_answer,ac979e963666df1171dc
frozen_test,test_00674,supported,hallucinated,0.478093,0.521907,0.043813,medhalt_reasoning_fct,test,correct_answer,ac979e963666df1171dc
frozen_test,test_00675,hallucinated,hallucinated,0.473903,0.526097,0.052194,medhalt_reasoning_fct,test,incorrect_student_answer,acc6b2e5b8e5d4de418f
frozen_test,test_00676,supported,hallucinated,0.474947,0.525053,0.050106,medhalt_reasoning_fct,test,correct_answer,acc6b2e5b8e5d4de418f
frozen_test,test_00677,hallucinated,hallucinated,0.417394,0.582606,0.165213,medhalt_reasoning_fct,test,incorrect_student_answer,ad711fd058e52aaa33a9
frozen_test,test_00678,supported,hallucinated,0.416049,0.583951,0.167901,medhalt_reasoning_fct,test,correct_answer,ad711fd058e52aaa33a9
frozen_test,test_00679,hallucinated,supported,0.504646,0.495354,0.009291,medhalt_reasoning_fct,test,incorrect_student_answer,ae4b530abff5cea9503b
frozen_test,test_00680,supported,supported,0.505635,0.494365,0.01127,medhalt_reasoning_fct,test,correct_answer,ae4b530abff5cea9503b
frozen_test,test_00681,hallucinated,hallucinated,0.421124,0.578876,0.157753,medhalt_reasoning_fct,test,incorrect_student_answer,aeb45f3ccba50a432150
frozen_test,test_00682,supported,hallucinated,0.419042,0.580958,0.161915,medhalt_reasoning_fct,test,correct_answer,aeb45f3ccba50a432150
frozen_test,test_00683,hallucinated,supported,0.529807,0.470193,0.059614,medhalt_reasoning_fct,test,incorrect_student_answer,b03b296bcdc53d2ee4fe
frozen_test,test_00684,supported,supported,0.5422,0.4578,0.084401,medhalt_reasoning_fct,test,correct_answer,b03b296bcdc53d2ee4fe
frozen_test,test_00685,hallucinated,hallucinated,0.498125,0.501875,0.003749,medhalt_reasoning_fct,test,incorrect_student_answer,b06a63291fcf262a1dc6
frozen_test,test_00686,supported,hallucinated,0.498753,0.501247,0.002493,medhalt_reasoning_fct,test,correct_answer,b06a63291fcf262a1dc6
frozen_test,test_00687,hallucinated,supported,0.516875,0.483125,0.03375,medhalt_reasoning_fct,test,incorrect_student_answer,b1f56d83d593b61595db
frozen_test,test_00688,supported,supported,0.519926,0.480074,0.039852,medhalt_reasoning_fct,test,correct_answer,b1f56d83d593b61595db
frozen_test,test_00689,hallucinated,hallucinated,0.465132,0.534868,0.069737,medhalt_reasoning_fct,test,incorrect_student_answer,b29f69497158135eb500
frozen_test,test_00690,supported,hallucinated,0.465585,0.534415,0.06883,medhalt_reasoning_fct,test,correct_answer,b29f69497158135eb500
frozen_test,test_00691,hallucinated,hallucinated,0.440128,0.559872,0.119743,medhalt_reasoning_fct,test,incorrect_student_answer,b2cc17572f75872b6fe1
frozen_test,test_00692,supported,hallucinated,0.467455,0.532545,0.06509,medhalt_reasoning_fct,test,correct_answer,b2cc17572f75872b6fe1
frozen_test,test_00693,hallucinated,hallucinated,0.458183,0.541817,0.083634,medhalt_reasoning_fct,test,incorrect_student_answer,b34c838922d1fd522640
frozen_test,test_00694,supported,hallucinated,0.441326,0.558674,0.117348,medhalt_reasoning_fct,test,correct_answer,b34c838922d1fd522640
frozen_test,test_00695,hallucinated,supported,0.502256,0.497744,0.004512,medhalt_reasoning_fct,test,incorrect_student_answer,b3cab939831898043cba
frozen_test,test_00696,supported,supported,0.503087,0.496913,0.006174,medhalt_reasoning_fct,test,correct_answer,b3cab939831898043cba
frozen_test,test_00697,hallucinated,hallucinated,0.427711,0.572289,0.144578,medhalt_reasoning_fct,test,incorrect_student_answer,b3dd79495a769756bebf
frozen_test,test_00698,supported,hallucinated,0.428274,0.571726,0.143451,medhalt_reasoning_fct,test,correct_answer,b3dd79495a769756bebf
frozen_test,test_00699,hallucinated,supported,0.512826,0.487174,0.025652,medhalt_reasoning_fct,test,incorrect_student_answer,b43a53c0b59f9d8a2111
frozen_test,test_00700,supported,supported,0.513758,0.486242,0.027515,medhalt_reasoning_fct,test,correct_answer,b43a53c0b59f9d8a2111
frozen_test,test_00701,hallucinated,supported,0.570178,0.429822,0.140356,medhalt_reasoning_fct,test,incorrect_student_answer,b44b8020c5a48db90007
frozen_test,test_00702,supported,supported,0.571382,0.428618,0.142765,medhalt_reasoning_fct,test,correct_answer,b44b8020c5a48db90007
frozen_test,test_00703,hallucinated,hallucinated,0.434815,0.565185,0.130371,medhalt_reasoning_fct,test,incorrect_student_answer,b5295b05c74ad5599805
frozen_test,test_00704,supported,hallucinated,0.459645,0.540355,0.08071,medhalt_reasoning_fct,test,correct_answer,b5295b05c74ad5599805
frozen_test,test_00705,hallucinated,supported,0.513474,0.486526,0.026949,medhalt_reasoning_fct,test,incorrect_student_answer,b552ae2cd44a1d67379e
frozen_test,test_00706,supported,supported,0.509136,0.490864,0.018272,medhalt_reasoning_fct,test,correct_answer,b552ae2cd44a1d67379e
frozen_test,test_00707,hallucinated,supported,0.509477,0.490523,0.018953,medhalt_reasoning_fct,test,incorrect_student_answer,b628d792be34e866b00a
frozen_test,test_00708,supported,supported,0.510538,0.489462,0.021076,medhalt_reasoning_fct,test,correct_answer,b628d792be34e866b00a
frozen_test,test_00709,hallucinated,supported,0.522878,0.477122,0.045756,medhalt_reasoning_fct,test,incorrect_student_answer,b70d4d50d247097d4c1a
frozen_test,test_00710,supported,supported,0.525909,0.474091,0.051817,medhalt_reasoning_fct,test,correct_answer,b70d4d50d247097d4c1a
frozen_test,test_00711,hallucinated,supported,0.524876,0.475124,0.049753,medhalt_reasoning_fct,test,incorrect_student_answer,b7958f4ce2df6f48086d
frozen_test,test_00712,supported,supported,0.516839,0.483161,0.033678,medhalt_reasoning_fct,test,correct_answer,b7958f4ce2df6f48086d
frozen_test,test_00713,hallucinated,supported,0.513486,0.486514,0.026971,medhalt_reasoning_fct,test,incorrect_student_answer,b7f52a38b2a770bf979c
frozen_test,test_00714,supported,supported,0.514831,0.485169,0.029663,medhalt_reasoning_fct,test,correct_answer,b7f52a38b2a770bf979c
frozen_test,test_00715,hallucinated,hallucinated,0.492638,0.507362,0.014724,medhalt_reasoning_fct,test,incorrect_student_answer,b81e4ba078748c5f6407
frozen_test,test_00716,supported,hallucinated,0.493353,0.506647,0.013294,medhalt_reasoning_fct,test,correct_answer,b81e4ba078748c5f6407
frozen_test,test_00717,hallucinated,hallucinated,0.434543,0.565457,0.130915,medhalt_reasoning_fct,test,incorrect_student_answer,b8bf7c83f67c49e72fd2
frozen_test,test_00718,supported,hallucinated,0.440175,0.559825,0.119649,medhalt_reasoning_fct,test,correct_answer,b8bf7c83f67c49e72fd2
frozen_test,test_00719,hallucinated,hallucinated,0.449944,0.550056,0.100113,medhalt_reasoning_fct,test,incorrect_student_answer,b934ca3da32c6708a629
frozen_test,test_00720,supported,hallucinated,0.476008,0.523992,0.047985,medhalt_reasoning_fct,test,correct_answer,b934ca3da32c6708a629
frozen_test,test_00721,hallucinated,hallucinated,0.489629,0.510371,0.020743,medhalt_reasoning_fct,test,incorrect_student_answer,b9d12f59cd697eda1be1
frozen_test,test_00722,supported,hallucinated,0.479584,0.520416,0.040831,medhalt_reasoning_fct,test,correct_answer,b9d12f59cd697eda1be1
frozen_test,test_00723,hallucinated,supported,0.506313,0.493687,0.012627,medhalt_reasoning_fct,test,incorrect_student_answer,b9d743afd42d6e5c9af6
frozen_test,test_00724,supported,supported,0.508478,0.491522,0.016956,medhalt_reasoning_fct,test,correct_answer,b9d743afd42d6e5c9af6
frozen_test,test_00725,hallucinated,hallucinated,0.488206,0.511794,0.023588,medhalt_reasoning_fct,test,incorrect_student_answer,ba1b21eb70c020e678e1
frozen_test,test_00726,supported,hallucinated,0.492291,0.507709,0.015418,medhalt_reasoning_fct,test,correct_answer,ba1b21eb70c020e678e1
frozen_test,test_00727,hallucinated,supported,0.508423,0.491577,0.016846,medhalt_reasoning_fct,test,incorrect_student_answer,ba7e54676afc35e5e061
frozen_test,test_00728,supported,supported,0.508423,0.491577,0.016846,medhalt_reasoning_fct,test,correct_answer,ba7e54676afc35e5e061
frozen_test,test_00729,hallucinated,hallucinated,0.496188,0.503812,0.007625,medhalt_reasoning_fct,test,incorrect_student_answer,bc2ecab7cfd2b081c215
frozen_test,test_00730,supported,hallucinated,0.494314,0.505686,0.011373,medhalt_reasoning_fct,test,correct_answer,bc2ecab7cfd2b081c215
frozen_test,test_00731,hallucinated,hallucinated,0.483973,0.516027,0.032055,medhalt_reasoning_fct,test,incorrect_student_answer,bc49ee7e2a974a938bf0
frozen_test,test_00732,supported,hallucinated,0.488898,0.511102,0.022204,medhalt_reasoning_fct,test,correct_answer,bc49ee7e2a974a938bf0
frozen_test,test_00733,hallucinated,hallucinated,0.463793,0.536207,0.072413,medhalt_reasoning_fct,test,incorrect_student_answer,bcb861dee3bb9e96cad5
frozen_test,test_00734,supported,hallucinated,0.464035,0.535965,0.071929,medhalt_reasoning_fct,test,correct_answer,bcb861dee3bb9e96cad5
frozen_test,test_00735,hallucinated,supported,0.614985,0.385015,0.22997,medhalt_reasoning_fct,test,incorrect_student_answer,bd0863b2279751e3b175
frozen_test,test_00736,supported,supported,0.614985,0.385015,0.22997,medhalt_reasoning_fct,test,correct_answer,bd0863b2279751e3b175
frozen_test,test_00737,hallucinated,hallucinated,0.490736,0.509264,0.018528,medhalt_reasoning_fct,test,incorrect_student_answer,bd7163c7304c1062c42b
frozen_test,test_00738,supported,hallucinated,0.492567,0.507433,0.014866,medhalt_reasoning_fct,test,correct_answer,bd7163c7304c1062c42b
frozen_test,test_00739,hallucinated,supported,0.616502,0.383498,0.233004,medhalt_reasoning_fct,test,incorrect_student_answer,bd82a2cd97b0d146d08e
frozen_test,test_00740,supported,supported,0.616502,0.383498,0.233004,medhalt_reasoning_fct,test,correct_answer,bd82a2cd97b0d146d08e
frozen_test,test_00741,hallucinated,supported,0.500159,0.499841,0.000317,medhalt_reasoning_fct,test,incorrect_student_answer,be53e3561713e17feda4
frozen_test,test_00742,supported,supported,0.50448,0.49552,0.00896,medhalt_reasoning_fct,test,correct_answer,be53e3561713e17feda4
frozen_test,test_00743,hallucinated,supported,0.537257,0.462743,0.074513,medhalt_reasoning_fct,test,incorrect_student_answer,be7011cbfcac235d8d5f
frozen_test,test_00744,supported,supported,0.537257,0.462743,0.074513,medhalt_reasoning_fct,test,correct_answer,be7011cbfcac235d8d5f
frozen_test,test_00745,hallucinated,supported,0.523589,0.476411,0.047177,medhalt_reasoning_fct,test,incorrect_student_answer,bedda256a49ef3f57967
frozen_test,test_00746,supported,supported,0.529846,0.470154,0.059691,medhalt_reasoning_fct,test,correct_answer,bedda256a49ef3f57967
frozen_test,test_00747,hallucinated,hallucinated,0.459103,0.540897,0.081793,medhalt_reasoning_fct,test,incorrect_student_answer,bfae8b3fece64873a8d4
frozen_test,test_00748,supported,hallucinated,0.494249,0.505751,0.011503,medhalt_reasoning_fct,test,correct_answer,bfae8b3fece64873a8d4
frozen_test,test_00749,hallucinated,supported,0.503309,0.496691,0.006618,medhalt_reasoning_fct,test,incorrect_student_answer,c059c7cde48060953b1b
frozen_test,test_00750,supported,supported,0.503309,0.496691,0.006618,medhalt_reasoning_fct,test,correct_answer,c059c7cde48060953b1b
frozen_test,test_00751,hallucinated,hallucinated,0.495488,0.504512,0.009024,medhalt_reasoning_fct,test,incorrect_student_answer,c05d79e1e1f7d140f76f
frozen_test,test_00752,supported,hallucinated,0.498435,0.501565,0.003129,medhalt_reasoning_fct,test,correct_answer,c05d79e1e1f7d140f76f
frozen_test,test_00753,hallucinated,hallucinated,0.487626,0.512374,0.024748,medhalt_reasoning_fct,test,incorrect_student_answer,c113942cc7fc4eed236d
frozen_test,test_00754,supported,hallucinated,0.487632,0.512368,0.024735,medhalt_reasoning_fct,test,correct_answer,c113942cc7fc4eed236d
frozen_test,test_00755,hallucinated,hallucinated,0.488069,0.511931,0.023862,medhalt_reasoning_fct,test,incorrect_student_answer,c21e8a6a9d35589fdc7a
frozen_test,test_00756,supported,hallucinated,0.488069,0.511931,0.023862,medhalt_reasoning_fct,test,correct_answer,c21e8a6a9d35589fdc7a
frozen_test,test_00757,hallucinated,supported,0.543539,0.456461,0.087078,medhalt_reasoning_fct,test,incorrect_student_answer,c28ba1e490d8d7e6ed3c
frozen_test,test_00758,supported,supported,0.537208,0.462792,0.074416,medhalt_reasoning_fct,test,correct_answer,c28ba1e490d8d7e6ed3c
frozen_test,test_00759,hallucinated,hallucinated,0.492942,0.507058,0.014115,medhalt_reasoning_fct,test,incorrect_student_answer,c2bd780cce8d5d3a4757
frozen_test,test_00760,supported,hallucinated,0.492276,0.507724,0.015448,medhalt_reasoning_fct,test,correct_answer,c2bd780cce8d5d3a4757
frozen_test,test_00761,hallucinated,supported,0.540792,0.459208,0.081584,medhalt_reasoning_fct,test,incorrect_student_answer,c3230f14d530e6c62057
frozen_test,test_00762,supported,supported,0.540792,0.459208,0.081584,medhalt_reasoning_fct,test,correct_answer,c3230f14d530e6c62057
frozen_test,test_00763,hallucinated,hallucinated,0.467248,0.532752,0.065504,medhalt_reasoning_fct,test,incorrect_student_answer,c52f1c49301693f51826
frozen_test,test_00764,supported,hallucinated,0.471494,0.528506,0.057012,medhalt_reasoning_fct,test,correct_answer,c52f1c49301693f51826
frozen_test,test_00765,hallucinated,hallucinated,0.426756,0.573244,0.146487,medhalt_reasoning_fct,test,incorrect_student_answer,c5c8fbdebe7778f8e323
frozen_test,test_00766,supported,hallucinated,0.423268,0.576732,0.153464,medhalt_reasoning_fct,test,correct_answer,c5c8fbdebe7778f8e323
frozen_test,test_00767,hallucinated,hallucinated,0.472171,0.527829,0.055657,medhalt_reasoning_fct,test,incorrect_student_answer,c5e7940bc08dc2732be0
frozen_test,test_00768,supported,hallucinated,0.472026,0.527974,0.055948,medhalt_reasoning_fct,test,correct_answer,c5e7940bc08dc2732be0
frozen_test,test_00769,hallucinated,supported,0.507015,0.492985,0.014031,medhalt_reasoning_fct,test,incorrect_student_answer,c6a247f520fb0654bc80
frozen_test,test_00770,supported,supported,0.511067,0.488933,0.022134,medhalt_reasoning_fct,test,correct_answer,c6a247f520fb0654bc80
frozen_test,test_00771,hallucinated,hallucinated,0.492914,0.507086,0.014173,medhalt_reasoning_fct,test,incorrect_student_answer,c7152581ac44b7b66539
frozen_test,test_00772,supported,hallucinated,0.492212,0.507788,0.015576,medhalt_reasoning_fct,test,correct_answer,c7152581ac44b7b66539
frozen_test,test_00773,hallucinated,hallucinated,0.491266,0.508734,0.017467,medhalt_reasoning_fct,test,incorrect_student_answer,c782d3d1e56c78702508
frozen_test,test_00774,supported,hallucinated,0.492397,0.507603,0.015207,medhalt_reasoning_fct,test,correct_answer,c782d3d1e56c78702508
frozen_test,test_00775,hallucinated,hallucinated,0.470784,0.529216,0.058431,medhalt_reasoning_fct,test,incorrect_student_answer,c90296a2c505bc8e1d29
frozen_test,test_00776,supported,hallucinated,0.471532,0.528468,0.056935,medhalt_reasoning_fct,test,correct_answer,c90296a2c505bc8e1d29
frozen_test,test_00777,hallucinated,supported,0.514372,0.485628,0.028744,medhalt_reasoning_fct,test,incorrect_student_answer,c93f6c14ef7d993e53a8
frozen_test,test_00778,supported,supported,0.513903,0.486097,0.027807,medhalt_reasoning_fct,test,correct_answer,c93f6c14ef7d993e53a8
frozen_test,test_00779,hallucinated,supported,0.545359,0.454641,0.090718,medhalt_reasoning_fct,test,incorrect_student_answer,c9ea4339876c32c40fef
frozen_test,test_00780,supported,supported,0.545359,0.454641,0.090718,medhalt_reasoning_fct,test,correct_answer,c9ea4339876c32c40fef
frozen_test,test_00781,hallucinated,supported,0.527365,0.472635,0.05473,medhalt_reasoning_fct,test,incorrect_student_answer,ca6a8d85dda75d61bc28
frozen_test,test_00782,supported,supported,0.517147,0.482853,0.034294,medhalt_reasoning_fct,test,correct_answer,ca6a8d85dda75d61bc28
frozen_test,test_00783,hallucinated,hallucinated,0.478517,0.521483,0.042966,medhalt_reasoning_fct,test,incorrect_student_answer,cca5d0632b1e24a8a36a
frozen_test,test_00784,supported,hallucinated,0.47882,0.52118,0.04236,medhalt_reasoning_fct,test,correct_answer,cca5d0632b1e24a8a36a
frozen_test,test_00785,hallucinated,hallucinated,0.485677,0.514323,0.028647,medhalt_reasoning_fct,test,incorrect_student_answer,cd29df4790ba179ba37e
frozen_test,test_00786,supported,hallucinated,0.48647,0.51353,0.027059,medhalt_reasoning_fct,test,correct_answer,cd29df4790ba179ba37e
frozen_test,test_00787,hallucinated,hallucinated,0.488494,0.511506,0.023013,medhalt_reasoning_fct,test,incorrect_student_answer,cd8e3c7131d85c4f191f
frozen_test,test_00788,supported,hallucinated,0.491127,0.508873,0.017745,medhalt_reasoning_fct,test,correct_answer,cd8e3c7131d85c4f191f
frozen_test,test_00789,hallucinated,hallucinated,0.484425,0.515575,0.031151,medhalt_reasoning_fct,test,incorrect_student_answer,ceae8966a6693c6af721
frozen_test,test_00790,supported,hallucinated,0.482583,0.517417,0.034835,medhalt_reasoning_fct,test,correct_answer,ceae8966a6693c6af721
frozen_test,test_00791,hallucinated,hallucinated,0.47199,0.52801,0.05602,medhalt_reasoning_fct,test,incorrect_student_answer,d0b98081d5af25796edd
frozen_test,test_00792,supported,hallucinated,0.469325,0.530675,0.06135,medhalt_reasoning_fct,test,correct_answer,d0b98081d5af25796edd
frozen_test,test_00793,hallucinated,hallucinated,0.44134,0.55866,0.11732,medhalt_reasoning_fct,test,incorrect_student_answer,d14949bed70dc16a93db
frozen_test,test_00794,supported,hallucinated,0.444952,0.555048,0.110095,medhalt_reasoning_fct,test,correct_answer,d14949bed70dc16a93db
frozen_test,test_00795,hallucinated,hallucinated,0.447071,0.552929,0.105858,medhalt_reasoning_fct,test,incorrect_student_answer,d15357fd47c76bbd7a91
frozen_test,test_00796,supported,hallucinated,0.475888,0.524112,0.048224,medhalt_reasoning_fct,test,correct_answer,d15357fd47c76bbd7a91
frozen_test,test_00797,hallucinated,hallucinated,0.425128,0.574872,0.149743,medhalt_reasoning_fct,test,incorrect_student_answer,d2b2d3abb3de6ce0c698
frozen_test,test_00798,supported,hallucinated,0.424544,0.575456,0.150912,medhalt_reasoning_fct,test,correct_answer,d2b2d3abb3de6ce0c698
frozen_test,test_00799,hallucinated,supported,0.562017,0.437983,0.124034,medhalt_reasoning_fct,test,incorrect_student_answer,d2f44cc27411f24db3bc
frozen_test,test_00800,supported,supported,0.556193,0.443807,0.112385,medhalt_reasoning_fct,test,correct_answer,d2f44cc27411f24db3bc
frozen_test,test_00801,hallucinated,supported,0.51266,0.48734,0.025319,medhalt_reasoning_fct,test,incorrect_student_answer,d3023bb3afeea0363333
frozen_test,test_00802,supported,supported,0.5132,0.4868,0.026399,medhalt_reasoning_fct,test,correct_answer,d3023bb3afeea0363333
frozen_test,test_00803,hallucinated,hallucinated,0.480525,0.519475,0.038949,medhalt_reasoning_fct,test,incorrect_student_answer,d354dd44b9aadbe3f382
frozen_test,test_00804,supported,hallucinated,0.480485,0.519515,0.039029,medhalt_reasoning_fct,test,correct_answer,d354dd44b9aadbe3f382
frozen_test,test_00805,hallucinated,supported,0.508684,0.491316,0.017368,medhalt_reasoning_fct,test,incorrect_student_answer,d3e1323caa263934b238
frozen_test,test_00806,supported,supported,0.505699,0.494301,0.011397,medhalt_reasoning_fct,test,correct_answer,d3e1323caa263934b238
frozen_test,test_00807,hallucinated,supported,0.508722,0.491278,0.017444,medhalt_reasoning_fct,test,incorrect_student_answer,d3f010037e6b1e795164
frozen_test,test_00808,supported,supported,0.510183,0.489817,0.020366,medhalt_reasoning_fct,test,correct_answer,d3f010037e6b1e795164
frozen_test,test_00809,hallucinated,hallucinated,0.494823,0.505177,0.010354,medhalt_reasoning_fct,test,incorrect_student_answer,d411c461e4eec26b46bc
frozen_test,test_00810,supported,hallucinated,0.495805,0.504195,0.00839,medhalt_reasoning_fct,test,correct_answer,d411c461e4eec26b46bc
frozen_test,test_00811,hallucinated,hallucinated,0.498626,0.501374,0.002747,medhalt_reasoning_fct,test,incorrect_student_answer,d445eee5e59c53f6745c
frozen_test,test_00812,supported,supported,0.501179,0.498821,0.002357,medhalt_reasoning_fct,test,correct_answer,d445eee5e59c53f6745c
frozen_test,test_00813,hallucinated,hallucinated,0.493374,0.506626,0.013251,medhalt_reasoning_fct,test,incorrect_student_answer,d44fef55c2880897b570
frozen_test,test_00814,supported,hallucinated,0.494634,0.505366,0.010732,medhalt_reasoning_fct,test,correct_answer,d44fef55c2880897b570
frozen_test,test_00815,hallucinated,supported,0.54153,0.45847,0.083061,medhalt_reasoning_fct,test,incorrect_student_answer,d467c3cbfd824b19443c
frozen_test,test_00816,supported,supported,0.54153,0.45847,0.083061,medhalt_reasoning_fct,test,correct_answer,d467c3cbfd824b19443c
frozen_test,test_00817,hallucinated,supported,0.538953,0.461047,0.077906,medhalt_reasoning_fct,test,incorrect_student_answer,d4ac7485aecd1297f0af
frozen_test,test_00818,supported,supported,0.538953,0.461047,0.077906,medhalt_reasoning_fct,test,correct_answer,d4ac7485aecd1297f0af
frozen_test,test_00819,hallucinated,supported,0.508662,0.491338,0.017323,medhalt_reasoning_fct,test,incorrect_student_answer,d4ebacc060b884a28374
frozen_test,test_00820,supported,supported,0.504181,0.495819,0.008362,medhalt_reasoning_fct,test,correct_answer,d4ebacc060b884a28374
frozen_test,test_00821,hallucinated,hallucinated,0.449704,0.550296,0.100593,medhalt_reasoning_fct,test,incorrect_student_answer,d5c7eb03e4839cde1fb5
frozen_test,test_00822,supported,hallucinated,0.430697,0.569303,0.138605,medhalt_reasoning_fct,test,correct_answer,d5c7eb03e4839cde1fb5
frozen_test,test_00823,hallucinated,supported,0.54834,0.45166,0.09668,medhalt_reasoning_fct,test,incorrect_student_answer,d654ac8fe98fa0041546
frozen_test,test_00824,supported,supported,0.54834,0.45166,0.09668,medhalt_reasoning_fct,test,correct_answer,d654ac8fe98fa0041546
frozen_test,test_00825,hallucinated,hallucinated,0.495913,0.504087,0.008174,medhalt_reasoning_fct,test,incorrect_student_answer,d68c7575d2e9c1d96876
frozen_test,test_00826,supported,hallucinated,0.497237,0.502763,0.005526,medhalt_reasoning_fct,test,correct_answer,d68c7575d2e9c1d96876
frozen_test,test_00827,hallucinated,supported,0.57127,0.42873,0.142541,medhalt_reasoning_fct,test,incorrect_student_answer,d6afb611a4dee275bc09
frozen_test,test_00828,supported,supported,0.57127,0.42873,0.142541,medhalt_reasoning_fct,test,correct_answer,d6afb611a4dee275bc09
frozen_test,test_00829,hallucinated,hallucinated,0.465073,0.534927,0.069854,medhalt_reasoning_fct,test,incorrect_student_answer,d6b4d57aa06fbb52c1de
frozen_test,test_00830,supported,hallucinated,0.466941,0.533059,0.066118,medhalt_reasoning_fct,test,correct_answer,d6b4d57aa06fbb52c1de
frozen_test,test_00831,hallucinated,hallucinated,0.499022,0.500978,0.001956,medhalt_reasoning_fct,test,incorrect_student_answer,d7003490b4bb5d01bdaf
frozen_test,test_00832,supported,hallucinated,0.499063,0.500937,0.001873,medhalt_reasoning_fct,test,correct_answer,d7003490b4bb5d01bdaf
frozen_test,test_00833,hallucinated,supported,0.514494,0.485506,0.028988,medhalt_reasoning_fct,test,incorrect_student_answer,d70deeb7ab04b5dd355c
frozen_test,test_00834,supported,supported,0.523542,0.476458,0.047084,medhalt_reasoning_fct,test,correct_answer,d70deeb7ab04b5dd355c
frozen_test,test_00835,hallucinated,supported,0.510889,0.489111,0.021777,medhalt_reasoning_fct,test,incorrect_student_answer,d814953a26140b2f8088
frozen_test,test_00836,supported,supported,0.50722,0.49278,0.01444,medhalt_reasoning_fct,test,correct_answer,d814953a26140b2f8088
frozen_test,test_00837,hallucinated,supported,0.590853,0.409147,0.181707,medhalt_reasoning_fct,test,incorrect_student_answer,d850a93e77aa013dc226
frozen_test,test_00838,supported,supported,0.590853,0.409147,0.181707,medhalt_reasoning_fct,test,correct_answer,d850a93e77aa013dc226
frozen_test,test_00839,hallucinated,supported,0.554274,0.445726,0.108548,medhalt_reasoning_fct,test,incorrect_student_answer,da1b96a9ab55090b9028
frozen_test,test_00840,supported,supported,0.554274,0.445726,0.108548,medhalt_reasoning_fct,test,correct_answer,da1b96a9ab55090b9028
frozen_test,test_00841,hallucinated,supported,0.531089,0.468911,0.062177,medhalt_reasoning_fct,test,incorrect_student_answer,dbea1b7ddfaf730c0459
frozen_test,test_00842,supported,supported,0.529351,0.470649,0.058701,medhalt_reasoning_fct,test,correct_answer,dbea1b7ddfaf730c0459
frozen_test,test_00843,hallucinated,supported,0.661257,0.338743,0.322514,medhalt_reasoning_fct,test,incorrect_student_answer,dbf9f9ef68dd0158bea0
frozen_test,test_00844,supported,supported,0.705382,0.294618,0.410764,medhalt_reasoning_fct,test,correct_answer,dbf9f9ef68dd0158bea0
frozen_test,test_00845,hallucinated,hallucinated,0.460705,0.539295,0.07859,medhalt_reasoning_fct,test,incorrect_student_answer,dc74df4f6f12684f7dba
frozen_test,test_00846,supported,hallucinated,0.460445,0.539555,0.079109,medhalt_reasoning_fct,test,correct_answer,dc74df4f6f12684f7dba
frozen_test,test_00847,hallucinated,supported,0.552661,0.447339,0.105321,medhalt_reasoning_fct,test,incorrect_student_answer,dc90b31426f1084ae2a7
frozen_test,test_00848,supported,supported,0.561715,0.438285,0.123431,medhalt_reasoning_fct,test,correct_answer,dc90b31426f1084ae2a7
frozen_test,test_00849,hallucinated,hallucinated,0.494835,0.505165,0.01033,medhalt_reasoning_fct,test,incorrect_student_answer,dcb9db97f9b3a9239b21
frozen_test,test_00850,supported,hallucinated,0.494524,0.505476,0.010952,medhalt_reasoning_fct,test,correct_answer,dcb9db97f9b3a9239b21
frozen_test,test_00851,hallucinated,supported,0.512985,0.487015,0.025971,medhalt_reasoning_fct,test,incorrect_student_answer,ddccf899e2d1f1ab6f78
frozen_test,test_00852,supported,supported,0.506292,0.493708,0.012584,medhalt_reasoning_fct,test,correct_answer,ddccf899e2d1f1ab6f78
frozen_test,test_00853,hallucinated,supported,0.512408,0.487592,0.024816,medhalt_reasoning_fct,test,incorrect_student_answer,deed52850c5482010ab5
frozen_test,test_00854,supported,supported,0.510681,0.489319,0.021363,medhalt_reasoning_fct,test,correct_answer,deed52850c5482010ab5
frozen_test,test_00855,hallucinated,hallucinated,0.49864,0.50136,0.002719,medhalt_reasoning_fct,test,incorrect_student_answer,df69183a1f09fdb70b8a
frozen_test,test_00856,supported,hallucinated,0.497488,0.502512,0.005023,medhalt_reasoning_fct,test,correct_answer,df69183a1f09fdb70b8a
frozen_test,test_00857,hallucinated,supported,0.529325,0.470675,0.058649,medhalt_reasoning_fct,test,incorrect_student_answer,df7463f52ff652b6553f
frozen_test,test_00858,supported,supported,0.52491,0.47509,0.049819,medhalt_reasoning_fct,test,correct_answer,df7463f52ff652b6553f
frozen_test,test_00859,hallucinated,supported,0.523494,0.476506,0.046988,medhalt_reasoning_fct,test,incorrect_student_answer,dfba8d153f1274331eaa
frozen_test,test_00860,supported,supported,0.523845,0.476155,0.04769,medhalt_reasoning_fct,test,correct_answer,dfba8d153f1274331eaa
frozen_test,test_00861,hallucinated,supported,0.502278,0.497722,0.004557,medhalt_reasoning_fct,test,incorrect_student_answer,e02799f3303091d8c22f
frozen_test,test_00862,supported,supported,0.501693,0.498307,0.003386,medhalt_reasoning_fct,test,correct_answer,e02799f3303091d8c22f
frozen_test,test_00863,hallucinated,hallucinated,0.497124,0.502876,0.005752,medhalt_reasoning_fct,test,incorrect_student_answer,e07079d734c026433c33
frozen_test,test_00864,supported,hallucinated,0.495699,0.504301,0.008601,medhalt_reasoning_fct,test,correct_answer,e07079d734c026433c33
frozen_test,test_00865,hallucinated,supported,0.512573,0.487427,0.025146,medhalt_reasoning_fct,test,incorrect_student_answer,e09e2907c3089e3fca8c
frozen_test,test_00866,supported,supported,0.513938,0.486062,0.027877,medhalt_reasoning_fct,test,correct_answer,e09e2907c3089e3fca8c
frozen_test,test_00867,hallucinated,hallucinated,0.496634,0.503366,0.006732,medhalt_reasoning_fct,test,incorrect_student_answer,e0ad46a4a945b4cae4ac
frozen_test,test_00868,supported,hallucinated,0.497663,0.502337,0.004674,medhalt_reasoning_fct,test,correct_answer,e0ad46a4a945b4cae4ac
frozen_test,test_00869,hallucinated,supported,0.533283,0.466717,0.066566,medhalt_reasoning_fct,test,incorrect_student_answer,e0b885c0126ec498c8ce
frozen_test,test_00870,supported,supported,0.535725,0.464275,0.07145,medhalt_reasoning_fct,test,correct_answer,e0b885c0126ec498c8ce
frozen_test,test_00871,hallucinated,supported,0.508076,0.491924,0.016152,medhalt_reasoning_fct,test,incorrect_student_answer,e1ac414b43eed25ecb1e
frozen_test,test_00872,supported,supported,0.504393,0.495607,0.008786,medhalt_reasoning_fct,test,correct_answer,e1ac414b43eed25ecb1e
frozen_test,test_00873,hallucinated,supported,0.526713,0.473287,0.053427,medhalt_reasoning_fct,test,incorrect_student_answer,e1c861c293698102cfbb
frozen_test,test_00874,supported,supported,0.530375,0.469625,0.060751,medhalt_reasoning_fct,test,correct_answer,e1c861c293698102cfbb
frozen_test,test_00875,hallucinated,supported,0.556777,0.443223,0.113553,medhalt_reasoning_fct,test,incorrect_student_answer,e2a00500fb1362cbb90c
frozen_test,test_00876,supported,supported,0.531721,0.468279,0.063442,medhalt_reasoning_fct,test,correct_answer,e2a00500fb1362cbb90c
frozen_test,test_00877,hallucinated,supported,0.550798,0.449202,0.101596,medhalt_reasoning_fct,test,incorrect_student_answer,e2bf888713f9f0befc68
frozen_test,test_00878,supported,supported,0.536545,0.463455,0.073089,medhalt_reasoning_fct,test,correct_answer,e2bf888713f9f0befc68
frozen_test,test_00879,hallucinated,hallucinated,0.482796,0.517204,0.034407,medhalt_reasoning_fct,test,incorrect_student_answer,e2de74fcbfdb288a2dcf
frozen_test,test_00880,supported,hallucinated,0.483475,0.516525,0.033049,medhalt_reasoning_fct,test,correct_answer,e2de74fcbfdb288a2dcf
frozen_test,test_00881,hallucinated,supported,0.502118,0.497882,0.004236,medhalt_reasoning_fct,test,incorrect_student_answer,e31520e65f4b9fd85ad2
frozen_test,test_00882,supported,supported,0.502378,0.497622,0.004756,medhalt_reasoning_fct,test,correct_answer,e31520e65f4b9fd85ad2
frozen_test,test_00883,hallucinated,hallucinated,0.483907,0.516093,0.032185,medhalt_reasoning_fct,test,incorrect_student_answer,e36d90a53298a6febbc7
frozen_test,test_00884,supported,hallucinated,0.484653,0.515347,0.030693,medhalt_reasoning_fct,test,correct_answer,e36d90a53298a6febbc7
frozen_test,test_00885,hallucinated,supported,0.527472,0.472528,0.054944,medhalt_reasoning_fct,test,incorrect_student_answer,e3e05c193c5da835f1c5
frozen_test,test_00886,supported,supported,0.521129,0.478871,0.042258,medhalt_reasoning_fct,test,correct_answer,e3e05c193c5da835f1c5
frozen_test,test_00887,hallucinated,hallucinated,0.478737,0.521263,0.042526,medhalt_reasoning_fct,test,incorrect_student_answer,e475d12e1e317050e67c
frozen_test,test_00888,supported,hallucinated,0.481493,0.518507,0.037014,medhalt_reasoning_fct,test,correct_answer,e475d12e1e317050e67c
frozen_test,test_00889,hallucinated,supported,0.506755,0.493245,0.013511,medhalt_reasoning_fct,test,incorrect_student_answer,e4a7997dc398b856e613
frozen_test,test_00890,supported,supported,0.51163,0.48837,0.02326,medhalt_reasoning_fct,test,correct_answer,e4a7997dc398b856e613
frozen_test,test_00891,hallucinated,hallucinated,0.492309,0.507691,0.015383,medhalt_reasoning_fct,test,incorrect_student_answer,e4e35def88b6735120a9
frozen_test,test_00892,supported,hallucinated,0.494148,0.505852,0.011705,medhalt_reasoning_fct,test,correct_answer,e4e35def88b6735120a9
frozen_test,test_00893,hallucinated,supported,0.541409,0.458591,0.082818,medhalt_reasoning_fct,test,incorrect_student_answer,e4fff8c6fe4a21b639af
frozen_test,test_00894,supported,supported,0.541162,0.458838,0.082323,medhalt_reasoning_fct,test,correct_answer,e4fff8c6fe4a21b639af
frozen_test,test_00895,hallucinated,hallucinated,0.488472,0.511528,0.023055,medhalt_reasoning_fct,test,incorrect_student_answer,e5497d06a2db30936a0d
frozen_test,test_00896,supported,hallucinated,0.485661,0.514339,0.028678,medhalt_reasoning_fct,test,correct_answer,e5497d06a2db30936a0d
frozen_test,test_00897,hallucinated,hallucinated,0.492142,0.507858,0.015715,medhalt_reasoning_fct,test,incorrect_student_answer,e5bf1267954196c92be1
frozen_test,test_00898,supported,hallucinated,0.495707,0.504293,0.008586,medhalt_reasoning_fct,test,correct_answer,e5bf1267954196c92be1
frozen_test,test_00899,hallucinated,supported,0.526944,0.473056,0.053889,medhalt_reasoning_fct,test,incorrect_student_answer,e61010522dd7707f1f71
frozen_test,test_00900,supported,supported,0.529689,0.470311,0.059377,medhalt_reasoning_fct,test,correct_answer,e61010522dd7707f1f71
frozen_test,test_00901,hallucinated,hallucinated,0.464966,0.535034,0.070067,medhalt_reasoning_fct,test,incorrect_student_answer,e6739095aa756c44b1b6
frozen_test,test_00902,supported,hallucinated,0.465104,0.534896,0.069792,medhalt_reasoning_fct,test,correct_answer,e6739095aa756c44b1b6
frozen_test,test_00903,hallucinated,hallucinated,0.449966,0.550034,0.100069,medhalt_reasoning_fct,test,incorrect_student_answer,e7fceaf562bfe6bb3a16
frozen_test,test_00904,supported,hallucinated,0.45373,0.54627,0.092539,medhalt_reasoning_fct,test,correct_answer,e7fceaf562bfe6bb3a16
frozen_test,test_00905,hallucinated,supported,0.509142,0.490858,0.018284,medhalt_reasoning_fct,test,incorrect_student_answer,e9d2a0e4e66f9155d284
frozen_test,test_00906,supported,supported,0.511877,0.488123,0.023754,medhalt_reasoning_fct,test,correct_answer,e9d2a0e4e66f9155d284
frozen_test,test_00907,hallucinated,supported,0.501338,0.498662,0.002677,medhalt_reasoning_fct,test,incorrect_student_answer,ea21dbf9a99520b63bb9
frozen_test,test_00908,supported,supported,0.501338,0.498662,0.002677,medhalt_reasoning_fct,test,correct_answer,ea21dbf9a99520b63bb9
frozen_test,test_00909,hallucinated,hallucinated,0.498362,0.501638,0.003276,medhalt_reasoning_fct,test,incorrect_student_answer,ea406bf97040c9cbaa66
frozen_test,test_00910,supported,supported,0.501032,0.498968,0.002064,medhalt_reasoning_fct,test,correct_answer,ea406bf97040c9cbaa66
frozen_test,test_00911,hallucinated,supported,0.500407,0.499593,0.000814,medhalt_reasoning_fct,test,incorrect_student_answer,ea5e0ecb5b37bbc951f3
frozen_test,test_00912,supported,supported,0.500751,0.499249,0.001501,medhalt_reasoning_fct,test,correct_answer,ea5e0ecb5b37bbc951f3
frozen_test,test_00913,hallucinated,supported,0.51566,0.48434,0.03132,medhalt_reasoning_fct,test,incorrect_student_answer,eb2cc3f4755104ac57f9
frozen_test,test_00914,supported,supported,0.51566,0.48434,0.03132,medhalt_reasoning_fct,test,correct_answer,eb2cc3f4755104ac57f9
frozen_test,test_00915,hallucinated,hallucinated,0.475621,0.524379,0.048758,medhalt_reasoning_fct,test,incorrect_student_answer,ec6d51549e9bc2a601f9
frozen_test,test_00916,supported,hallucinated,0.477837,0.522163,0.044327,medhalt_reasoning_fct,test,correct_answer,ec6d51549e9bc2a601f9
frozen_test,test_00917,hallucinated,supported,0.565925,0.434075,0.131849,medhalt_reasoning_fct,test,incorrect_student_answer,ecabc5a80bd07ea0fd90
frozen_test,test_00918,supported,supported,0.571414,0.428586,0.142828,medhalt_reasoning_fct,test,correct_answer,ecabc5a80bd07ea0fd90
frozen_test,test_00919,hallucinated,hallucinated,0.49332,0.50668,0.013359,medhalt_reasoning_fct,test,incorrect_student_answer,ede0c6b53d189959a894
frozen_test,test_00920,supported,hallucinated,0.493581,0.506419,0.012838,medhalt_reasoning_fct,test,correct_answer,ede0c6b53d189959a894
frozen_test,test_00921,hallucinated,supported,0.537199,0.462801,0.074398,medhalt_reasoning_fct,test,incorrect_student_answer,ede69e41fbdfcfb68cc1
frozen_test,test_00922,supported,supported,0.533392,0.466608,0.066785,medhalt_reasoning_fct,test,correct_answer,ede69e41fbdfcfb68cc1
frozen_test,test_00923,hallucinated,supported,0.623788,0.376212,0.247576,medhalt_reasoning_fct,test,incorrect_student_answer,ee0d0d5748bb306bf988
frozen_test,test_00924,supported,supported,0.626563,0.373437,0.253126,medhalt_reasoning_fct,test,correct_answer,ee0d0d5748bb306bf988
frozen_test,test_00925,hallucinated,hallucinated,0.490053,0.509947,0.019894,medhalt_reasoning_fct,test,incorrect_student_answer,ee37e3ba9f50bd657b39
frozen_test,test_00926,supported,hallucinated,0.490053,0.509947,0.019894,medhalt_reasoning_fct,test,correct_answer,ee37e3ba9f50bd657b39
frozen_test,test_00927,hallucinated,supported,0.747168,0.252832,0.494336,medhalt_reasoning_fct,test,incorrect_student_answer,eecfda43397cd85da87e
frozen_test,test_00928,supported,supported,0.769832,0.230168,0.539663,medhalt_reasoning_fct,test,correct_answer,eecfda43397cd85da87e
frozen_test,test_00929,hallucinated,supported,0.50008,0.49992,0.00016,medhalt_reasoning_fct,test,incorrect_student_answer,ef1522aff7a93155653f
frozen_test,test_00930,supported,hallucinated,0.499571,0.500429,0.000858,medhalt_reasoning_fct,test,correct_answer,ef1522aff7a93155653f
frozen_test,test_00931,hallucinated,supported,0.508385,0.491615,0.016771,medhalt_reasoning_fct,test,incorrect_student_answer,ef4b578a769af2d9cd5e
frozen_test,test_00932,supported,supported,0.50254,0.49746,0.00508,medhalt_reasoning_fct,test,correct_answer,ef4b578a769af2d9cd5e
frozen_test,test_00933,hallucinated,hallucinated,0.469053,0.530947,0.061893,medhalt_reasoning_fct,test,incorrect_student_answer,f011387aa8cee7eb5ef1
frozen_test,test_00934,supported,hallucinated,0.463337,0.536663,0.073326,medhalt_reasoning_fct,test,correct_answer,f011387aa8cee7eb5ef1
frozen_test,test_00935,hallucinated,hallucinated,0.484358,0.515642,0.031283,medhalt_reasoning_fct,test,incorrect_student_answer,f0f43d3f46360ca6859d
frozen_test,test_00936,supported,hallucinated,0.484463,0.515537,0.031073,medhalt_reasoning_fct,test,correct_answer,f0f43d3f46360ca6859d
frozen_test,test_00937,hallucinated,supported,0.555152,0.444848,0.110304,medhalt_reasoning_fct,test,incorrect_student_answer,f130b06f3561d6a948c7
frozen_test,test_00938,supported,supported,0.551419,0.448581,0.102839,medhalt_reasoning_fct,test,correct_answer,f130b06f3561d6a948c7
frozen_test,test_00939,hallucinated,hallucinated,0.498991,0.501009,0.002017,medhalt_reasoning_fct,test,incorrect_student_answer,f1a43b0332f62ce14d88
frozen_test,test_00940,supported,hallucinated,0.499386,0.500614,0.001227,medhalt_reasoning_fct,test,correct_answer,f1a43b0332f62ce14d88
frozen_test,test_00941,hallucinated,hallucinated,0.452004,0.547996,0.095992,medhalt_reasoning_fct,test,incorrect_student_answer,f1d51fde88d5184a418f
frozen_test,test_00942,supported,hallucinated,0.453586,0.546414,0.092827,medhalt_reasoning_fct,test,correct_answer,f1d51fde88d5184a418f
frozen_test,test_00943,hallucinated,hallucinated,0.495668,0.504332,0.008664,medhalt_reasoning_fct,test,incorrect_student_answer,f1e8fdfb216498b81dcb
frozen_test,test_00944,supported,hallucinated,0.487947,0.512053,0.024106,medhalt_reasoning_fct,test,correct_answer,f1e8fdfb216498b81dcb
frozen_test,test_00945,hallucinated,hallucinated,0.499022,0.500978,0.001956,medhalt_reasoning_fct,test,incorrect_student_answer,f1f83f29ebbec091fde9
frozen_test,test_00946,supported,hallucinated,0.492807,0.507193,0.014386,medhalt_reasoning_fct,test,correct_answer,f1f83f29ebbec091fde9
frozen_test,test_00947,hallucinated,supported,0.531285,0.468715,0.06257,medhalt_reasoning_fct,test,incorrect_student_answer,f209dc0d4fef2aff6e2c
frozen_test,test_00948,supported,supported,0.5388,0.4612,0.077599,medhalt_reasoning_fct,test,correct_answer,f209dc0d4fef2aff6e2c
frozen_test,test_00949,hallucinated,supported,0.54937,0.45063,0.09874,medhalt_reasoning_fct,test,incorrect_student_answer,f249f080d6ffa12e4a31
frozen_test,test_00950,supported,supported,0.551155,0.448845,0.10231,medhalt_reasoning_fct,test,correct_answer,f249f080d6ffa12e4a31
frozen_test,test_00951,hallucinated,supported,0.538659,0.461341,0.077318,medhalt_reasoning_fct,test,incorrect_student_answer,f26c19b0d9b000f8aca7
frozen_test,test_00952,supported,supported,0.532721,0.467279,0.065443,medhalt_reasoning_fct,test,correct_answer,f26c19b0d9b000f8aca7
frozen_test,test_00953,hallucinated,supported,0.527015,0.472985,0.054029,medhalt_reasoning_fct,test,incorrect_student_answer,f3982829d7d92480e2cd
frozen_test,test_00954,supported,supported,0.544387,0.455613,0.088774,medhalt_reasoning_fct,test,correct_answer,f3982829d7d92480e2cd
frozen_test,test_00955,hallucinated,supported,0.52196,0.47804,0.043919,medhalt_reasoning_fct,test,incorrect_student_answer,f403d421e8b8e1a83c7a
frozen_test,test_00956,supported,supported,0.526301,0.473699,0.052602,medhalt_reasoning_fct,test,correct_answer,f403d421e8b8e1a83c7a
frozen_test,test_00957,hallucinated,supported,0.501128,0.498872,0.002255,medhalt_reasoning_fct,test,incorrect_student_answer,f5813563984d40432744
frozen_test,test_00958,supported,supported,0.508719,0.491281,0.017438,medhalt_reasoning_fct,test,correct_answer,f5813563984d40432744
frozen_test,test_00959,hallucinated,supported,0.502767,0.497233,0.005533,medhalt_reasoning_fct,test,incorrect_student_answer,f5a31aecc6e9afd6e10b
frozen_test,test_00960,supported,supported,0.500034,0.499966,6.7e-05,medhalt_reasoning_fct,test,correct_answer,f5a31aecc6e9afd6e10b
frozen_test,test_00961,hallucinated,supported,0.527982,0.472018,0.055964,medhalt_reasoning_fct,test,incorrect_student_answer,f606acb18d57e67e13fa
frozen_test,test_00962,supported,supported,0.528525,0.471475,0.057049,medhalt_reasoning_fct,test,correct_answer,f606acb18d57e67e13fa
frozen_test,test_00963,hallucinated,supported,0.517647,0.482353,0.035294,medhalt_reasoning_fct,test,incorrect_student_answer,f664e264b14832bd4ef1
frozen_test,test_00964,supported,supported,0.514367,0.485633,0.028733,medhalt_reasoning_fct,test,correct_answer,f664e264b14832bd4ef1
frozen_test,test_00965,hallucinated,supported,0.500814,0.499186,0.001628,medhalt_reasoning_fct,test,incorrect_student_answer,f6e405eda1575e0a147d
frozen_test,test_00966,supported,supported,0.500389,0.499611,0.000777,medhalt_reasoning_fct,test,correct_answer,f6e405eda1575e0a147d
frozen_test,test_00967,hallucinated,supported,0.545398,0.454602,0.090795,medhalt_reasoning_fct,test,incorrect_student_answer,f710a1a33822d930a596
frozen_test,test_00968,supported,supported,0.540066,0.459934,0.080131,medhalt_reasoning_fct,test,correct_answer,f710a1a33822d930a596
frozen_test,test_00969,hallucinated,hallucinated,0.494514,0.505486,0.010972,medhalt_reasoning_fct,test,incorrect_student_answer,f77db8c09e9d21f809c8
frozen_test,test_00970,supported,hallucinated,0.489313,0.510687,0.021373,medhalt_reasoning_fct,test,correct_answer,f77db8c09e9d21f809c8
frozen_test,test_00971,hallucinated,hallucinated,0.489674,0.510326,0.020651,medhalt_reasoning_fct,test,incorrect_student_answer,f7e7361afd0388751a6b
frozen_test,test_00972,supported,hallucinated,0.49118,0.50882,0.017639,medhalt_reasoning_fct,test,correct_answer,f7e7361afd0388751a6b
frozen_test,test_00973,hallucinated,supported,0.544541,0.455459,0.089082,medhalt_reasoning_fct,test,incorrect_student_answer,f81ea587398ac1fa2718
frozen_test,test_00974,supported,supported,0.52683,0.47317,0.05366,medhalt_reasoning_fct,test,correct_answer,f81ea587398ac1fa2718
frozen_test,test_00975,hallucinated,supported,0.511205,0.488795,0.022411,medhalt_reasoning_fct,test,incorrect_student_answer,f89e29aa850746bd6443
frozen_test,test_00976,supported,supported,0.506653,0.493347,0.013305,medhalt_reasoning_fct,test,correct_answer,f89e29aa850746bd6443
frozen_test,test_00977,hallucinated,supported,0.518968,0.481032,0.037937,medhalt_reasoning_fct,test,incorrect_student_answer,f96ad1acbaa8ded1ac47
frozen_test,test_00978,supported,supported,0.527874,0.472126,0.055747,medhalt_reasoning_fct,test,correct_answer,f96ad1acbaa8ded1ac47
frozen_test,test_00979,hallucinated,hallucinated,0.486351,0.513649,0.027298,medhalt_reasoning_fct,test,incorrect_student_answer,f976e753e4dc0a6d2974
frozen_test,test_00980,supported,hallucinated,0.4864,0.5136,0.027199,medhalt_reasoning_fct,test,correct_answer,f976e753e4dc0a6d2974
frozen_test,test_00981,hallucinated,hallucinated,0.459397,0.540603,0.081206,medhalt_reasoning_fct,test,incorrect_student_answer,fa56096bdd74fc889f0a
frozen_test,test_00982,supported,hallucinated,0.417523,0.582477,0.164953,medhalt_reasoning_fct,test,correct_answer,fa56096bdd74fc889f0a
frozen_test,test_00983,hallucinated,supported,0.550899,0.449101,0.101798,medhalt_reasoning_fct,test,incorrect_student_answer,faaf03817a73d804d34f
frozen_test,test_00984,supported,supported,0.538234,0.461766,0.076469,medhalt_reasoning_fct,test,correct_answer,faaf03817a73d804d34f
frozen_test,test_00985,hallucinated,hallucinated,0.489259,0.510741,0.021482,medhalt_reasoning_fct,test,incorrect_student_answer,fae4deae5c5f2d345afc
frozen_test,test_00986,supported,hallucinated,0.489942,0.510058,0.020115,medhalt_reasoning_fct,test,correct_answer,fae4deae5c5f2d345afc
frozen_test,test_00987,hallucinated,supported,0.525595,0.474405,0.05119,medhalt_reasoning_fct,test,incorrect_student_answer,faed7fcf9b91f2a0d350
frozen_test,test_00988,supported,supported,0.54501,0.45499,0.090021,medhalt_reasoning_fct,test,correct_answer,faed7fcf9b91f2a0d350
frozen_test,test_00989,hallucinated,hallucinated,0.480211,0.519789,0.039578,medhalt_reasoning_fct,test,incorrect_student_answer,fb9027d2cecc57dfc5a0
frozen_test,test_00990,supported,hallucinated,0.480211,0.519789,0.039578,medhalt_reasoning_fct,test,correct_answer,fb9027d2cecc57dfc5a0
frozen_test,test_00991,hallucinated,supported,0.546589,0.453411,0.093178,medhalt_reasoning_fct,test,incorrect_student_answer,fbf7f85357ae776a074f
frozen_test,test_00992,supported,supported,0.533489,0.466511,0.066978,medhalt_reasoning_fct,test,correct_answer,fbf7f85357ae776a074f
frozen_test,test_00993,hallucinated,supported,0.515622,0.484378,0.031245,medhalt_reasoning_fct,test,incorrect_student_answer,fc3ba44137c7b4815e1f
frozen_test,test_00994,supported,supported,0.518041,0.481959,0.036082,medhalt_reasoning_fct,test,correct_answer,fc3ba44137c7b4815e1f
frozen_test,test_00995,hallucinated,supported,0.501162,0.498838,0.002324,medhalt_reasoning_fct,test,incorrect_student_answer,fe0e78ffbfd6d6ccebb7
frozen_test,test_00996,supported,supported,0.501439,0.498561,0.002878,medhalt_reasoning_fct,test,correct_answer,fe0e78ffbfd6d6ccebb7
frozen_test,test_00997,hallucinated,supported,0.500018,0.499982,3.6e-05,medhalt_reasoning_fct,test,incorrect_student_answer,feb0c01bae071612e7b5
frozen_test,test_00998,supported,hallucinated,0.496598,0.503402,0.006805,medhalt_reasoning_fct,test,correct_answer,feb0c01bae071612e7b5
frozen_test,test_00999,hallucinated,hallucinated,0.496574,0.503426,0.006852,medhalt_reasoning_fct,test,incorrect_student_answer,fecb0f5252f7c9134a8a
frozen_test,test_01000,supported,hallucinated,0.495217,0.504783,0.009566,medhalt_reasoning_fct,test,correct_answer,fecb0f5252f7c9134a8a
